Возраст;Позиции;Имя;Зарплата;Сумма трансфера;Ликвидность;Характер;Физ;Псих;Тех;ОВР;Вратарь;Вратарь (Зщ);Вратарь-чистильщик (Зщ);Вратарь-чистильщик (По);Вратарь-чистильщик (Ат);ЦЗ;КЗ;ОП;ЦП;КП;АП;АКП;ЦН
20;П/АП (Ц);Hamza Holman;€536,000 в год;Не продается;;Общительный;;;12;;;19.4;37.0;38.2;39.0;;;;;;;;
19;П/АП (Ц);Randy Sarfo-Abubakari;€697,000 в год;Не продается;;Достаточно настойчивый;;;13;;;24.7;44.2;45.3;45.6;;;;;;;;
21;П (ПЛЦ), АП (Ц);John Mubayiwa;€978,000 в год;Не продается;;Достаточно профессионален;;;13;;;21.6;40.2;41.2;42.0;;;;;;;;
20;ОП, П/АП (ЛЦ);Alun Clarke;€1,072,000 в год;Не продается;;Достаточно настойчивый;;;11;;;24.3;40.5;41.7;42.5;;;;;;;;
19;П/АП (П);Carlos Alessandra;€534,000 в год;Не продается;;Ненадежный;;;12;;;19.7;35.8;36.8;37.6;;;;;;;;
19;КЗ/П (П), АП (ПЦ);Jordan Bell;€235,000 в год;Не продается;;Тверд в решениях;;;12;;;17.3;33.0;34.0;35.2;;;;;;;;
20;ОП, П (Ц);Shawn Hallam;€352,000 в год;Не продается;;Общительный;;;13;;;22.8;38.1;39.2;40.3;;;;;;;;
20;П (Л), АП (ПЛ);James Shaw;€363,000 в год;Не продается;;Легкомысленный;;;12;;;18.9;36.6;37.8;38.2;;;;;;;;
19;КЗ (П), П/АП (Ц);Nathan Sutcliffe;-;€0;;Достаточно дисциплинированный;;;6;;;14.6;23.7;24.3;24.7;;;;;;;;
21;З (ПЦ), КЗ (П), П (Ц);Craig Coutts;-;€0;;Нерешительный;;;4;;;17.0;25.3;25.9;26.3;;;;;;;;
20;З (ПЦ), П (П);Josh Quintyne;-;€0;;Наемник;;;7;;;17.1;24.5;24.9;26.0;;;;;;;;
20;ОП, П (ПЦ);Aaron Wyatt;-;€0;;Нерешительный;;;11;;;16.2;25.6;26.4;27.6;;;;;;;;
18;П/АП (П), НП (Ц);Gwynfor Partyn;-;€0;;Сдержанный;;;7;;;13.8;21.8;22.6;23.7;;;;;;;;
19;АП (ПЛ), НП (Ц);Frankie Nicholson;-;€0;;Сдержанный;;;10;;;14.5;21.6;22.1;22.9;;;;;;;;
20;В;Ahmed Ferhat;-;€0;;Достаточно профессионален;;;2;;;41.6;48.2;49.6;51.9;;;;;;;;
20;П/АП (П);Martyn Don-Duncan;-;€0;;Неамбициозный;;;9;;;13.4;20.9;21.3;22.1;;;;;;;;
19;З (ПЦ), КЗ (П);Scott Jarvis;-;€0;;Непостоянный;;;6;;;17.8;26.1;26.6;27.3;;;;;;;;
19;З (Ц), ОП, П (Ц);Peter Nnamdi;-;€0;;Сдержанный;;;7;;;15.8;23.7;24.2;24.6;;;;;;;;
19;АП (ПЛ);Jeremy Ball;-;€0;;Низкая самооценка;;;7;;;15.2;24.7;25.3;25.7;;;;;;;;
19;З (Ц);Kieron McLoughlin;-;€0;;Неамбициозный;;;4;;;14.1;21.7;22.4;23.2;;;;;;;;
21;З (ЛЦ), П (Ц);Ali Sweeney;-;€0;;Наемник;;;7;;;19.2;32.0;32.6;33.4;;;;;;;;
19;П (ПЦ), АП (П);George McKibbin;-;€0;;Неамбициозный;;;7;;;11.9;19.0;19.4;20.1;;;;;;;;
19;П (ЛЦ), НП (Ц);Collen Ndlovu;-;€0;;Легкомысленный;;;8;;;14.8;25.2;26.1;26.9;;;;;;;;
19;З (ПЦ);Ikechukwu Akpan;-;€0;;Неамбициозный;;;4;;;15.8;23.8;24.5;25.3;;;;;;;;
18;П (ПЛ), АП (ЛЦ);Billy Townsend;-;€0;;Темпераментный;;;6;;;12.9;21.0;21.7;22.5;;;;;;;;
19;З/КЗ (Л);Jamie Walters;-;€0;;Сдержанный;;;6;;;15.0;22.3;22.8;24.0;;;;;;;;
19;З (ПЦ);Sam Shelton;-;€0;;Сдержанный;;;4;;;15.6;23.9;24.6;25.4;;;;;;;;
20;АП (ПЛ), НП (Ц);Steven Lyons;-;€0;;Достаточно профессионален;;;10;;;14.8;22.8;23.2;24.3;;;;;;;;
20;З (ПЦ), П (П);Ally Crawford;-;€0;;Неамбициозный;;;6;;;14.8;24.7;25.4;26.1;;;;;;;;
20;П (ЛЦ), АП (Ц);Ben Holliday;-;€0;;Достаточно настойчивый;;;9;;;16.2;29.2;30.3;30.6;;;;;;;;
19;З (ПЦ);Marcus Watson;-;€0;;Достаточно профессионален;;;4;;;18.4;27.4;28.0;29.2;;;;;;;;
20;ОП, П (ЛЦ), АП (П);Hamish Towler;-;€0;;Неамбициозный;;;5;;;15.6;23.4;24.0;25.2;;;;;;;;
19;З (ЛЦ), ОП;Kris Wheater;-;€0;;Неамбициозный;;;3;;;16.0;22.4;22.8;23.2;;;;;;;;
21;АП (ПЛ), НП (Ц);Jason Hewitt;-;€0;;Сдержанный;;;8;;;13.8;23.8;24.5;26.0;;;;;;;;
19;З/П (Ц);Tom Dixon;-;€0;;Неамбициозный;;;4;;;16.6;26.2;27.1;27.8;;;;;;;;
19;П (Л), НП (Ц);Caleb Probert;-;€0;;Сдержанный;;;7;;;13.3;22.6;23.3;23.6;;;;;;;;
19;З (ЛЦ);Yusuf Matovu;-;€0;;Сдержанный;;;5;;;16.6;25.6;26.4;27.6;;;;;;;;
19;ОП, П (Ц), АП (ЛЦ);Anthony McMahon;-;€0;;Нерешительный;;;8;;;14.6;24.2;24.9;25.7;;;;;;;;
21;З (Ц), ОП;Phil McIntosh;Н/Д;€0;;Нерешительный;;;4;;;15.0;25.2;25.7;26.4;;;;;;;;
19;В;Luca Coulter;Н/Д;€0;;Неамбициозный;;;3;;;39.0;43.6;44.9;48.3;;;;;;;;
19;П (ЛЦ), АП (Л);Tom Killpartrick;Н/Д;€0;;Сдержанный;;;7;;;14.1;26.2;27.3;27.6;;;;;;;;
19;З (ЛЦ);Mário Gandra;Н/Д;€0;;Неамбициозный;;;3;;;16.7;25.6;26.2;26.9;;;;;;;;
19;П (Ц), АП (ЛЦ), НП (Ц);Kieran Weaver;Н/Д;€0;;Сдержанный;;;14;;;12.4;22.2;22.7;23.4;;;;;;;;
19;П (Ц);Aldrich Kasongo;Н/Д;€0;;Неамбициозный;;;5;;;14.2;23.0;23.8;24.9;;;;;;;;
19;В;James Steele;Н/Д;€0;;Темпераментный;;;1;;;28.7;34.4;36.2;38.0;;;;;;;;
19;З (Ц);David Cleaver;Н/Д;€0;;Сдержанный;;;8;;;18.2;29.1;29.8;30.6;;;;;;;;
19;П/АП (Л), НП (Ц);Jozef Kovac;Н/Д;€0;;Сдержанный;;;5;;;13.1;20.0;20.5;21.6;;;;;;;;
21;П/АП (Л);Tom Lake;€16,750 в год;€0;;Идеалист;;;10;;;17.2;26.9;27.4;27.8;;;;;;;;
21;З (Ц), ОП;Nicholas Owen;€2,900 в год;€0;;Неамбициозный;;;6;;;21.4;32.0;32.8;33.2;;;;;;;;
21;З (Ц), ОП, П (Ц);Geraint Mahoney;€6,500 в год;€0;;Профессионал;;;9;;;22.5;35.5;36.4;37.1;;;;;;;;
19;З (Л);Omar Medane;Н/Д;€0;;Неамбициозный;;;3;;;15.4;21.9;22.2;23.0;;;;;;;;
21;З/КЗ (П), АП (ПЦ);John Michael;€8,000 в год;€0;;Неамбициозный;;;11;;;16.2;27.3;28.0;29.5;;;;;;;;
16;АП (Ц);Gary Penker;€300 в год;€0;;Сдержанный;;;10;;;19.7;32.0;32.7;33.8;;;;;;;;
16;П (Ц);Augustine Danso;€300 в год;€0;;Сдержанный;;;11;;;13.7;26.0;26.9;27.3;;;;;;;;
21;З (ПЦ);Glenn Cowan;€63,000 в год;€0;;Лояльный;;;5;;;17.4;25.6;26.4;27.1;;;;;;;;
19;З (Ц), ОП, П/АП (Ц);Kevin Thomson;Н/Д;€0;;Профессионал;;;6;;;14.7;26.4;27.3;28.4;;;;;;;;
19;В;Lewis Pritchard;Н/Д;€0;;Наемник;;;4;;;34.4;39.6;40.9;41.3;;;;;;;;
18;З (П);Mark Bello;€300 в год;€0;;Сдержанный;;;6;;;15.9;22.2;22.9;23.6;;;;;;;;
19;З (ЛЦ);Colin Hooper;€6,500 в год;€0;;Неамбициозный;;;7;;;19.2;28.3;28.9;30.0;;;;;;;;
19;З/П (Л);Ken York;Н/Д;€0;;Темпераментный;;;6;;;17.2;24.7;25.2;26.4;;;;;;;;
19;П/АП (Ц), НП (Ц);Mark Schmidt;Н/Д;€0;;Энергичный;;;11;;;15.8;30.4;31.3;32.4;;;;;;;;
19;П/АП (Л), НП (Ц);Tyler Davie;Н/Д;€0;;Нерешительный;;;8;;;11.3;18.5;19.0;20.5;;;;;;;;
21;АП (ЛЦ), НП (Ц);Patrick Weber;Н/Д;€0;;Нерешительный;;;11;;;19.1;32.8;33.8;35.0;;;;;;;;
19;З (ЛЦ);Karl Edwards;Н/Д;€0;;Неамбициозный;;;6;;;16.0;26.4;27.2;27.6;;;;;;;;
18;З (Ц);Callum Jackson;Н/Д;€0;;Достаточно профессионален;;;4;;;15.4;23.5;24.1;24.5;;;;;;;;
19;З (Л), ОП, П/АП (Ц);Paris Aldridge;Н/Д;€0;;Достаточно профессионален;;;10;;;13.4;20.2;20.9;21.3;;;;;;;;
19;ОП, П/АП (Ц);Duncan Turner;Н/Д;€0;;Неамбициозный;;;11;;;15.6;28.6;29.7;30.1;;;;;;;;
18;П/АП (П), НП (Ц);Marcus Ruud Ramsli;Н/Д;€0;;Неамбициозный;;;5;;;14.2;25.3;25.9;26.3;;;;;;;;
19;З (Л);Mike Wilkinson;Н/Д;€0;;Неамбициозный;;;6;;;16.2;25.5;26.2;26.5;;;;;;;;
19;НП (Ц);Lawrence Abdullahi;Н/Д;€0;;Сдержанный;;;10;;;13.6;23.4;24.3;25.4;;;;;;;;
21;В;Simon Walshe;Н/Д;€0;;Наемник;;;6;;;36.6;44.6;46.2;48.1;;;;;;;;
19;АП (Л), НП (Ц);Paul Kavanagh;Н/Д;€0;;Неамбициозный;;;9;;;12.3;24.4;25.1;26.2;;;;;;;;
19;П/АП (П);Louie Abrahams;Н/Д;€0;;Достаточно настойчивый;;;6;;;16.2;25.5;26.3;26.7;;;;;;;;
21;З (Ц), ОП, П (Ц);David Blanchard;€19,000 в год;€0;;Неамбициозный;;;5;;;19.3;28.4;28.8;29.2;;;;;;;;
18;З (ЛЦ);Harrison Watters;Н/Д;€0;;Неамбициозный;;;3;;;15.0;20.6;21.0;22.1;;;;;;;;
21;В;Wayne Richards;Н/Д;€0;;Сдержанный;;;3;;;38.4;48.4;50.0;50.4;;;;;;;;
19;В;Jasper Burgess;Н/Д;€0;;Непостоянный;;;3;;;29.3;38.6;40.5;40.9;;;;;;;;
18;З (ЛЦ), КЗ (Л);Craig Robinson;Н/Д;€0;;Непостоянный;;;2;;;17.6;24.1;24.5;24.9;;;;;;;;
21;П/АП (Ц), НП (Ц);Jake Swattridge;€8,500 в год;€0;;Энергичный;;;8;;;16.6;29.2;29.7;30.1;;;;;;;;
21;З (Ц);Bradley Shenton;€62,500 в год;€0;;Сдержанный;;;8;;;22.8;34.1;34.8;35.2;;;;;;;;
19;КЗ (П), АП (Ц);Jon Ryan;Н/Д;€0;;Неамбициозный;;;9;;;16.2;26.8;27.4;28.6;;;;;;;;
18;КЗ (Л), П (Ц), АП (ЛЦ);Bryan Ramsdale;Н/Д;€0;;Неамбициозный;;;7;;;14.3;25.6;26.4;27.5;;;;;;;;
19;З/КЗ (Л);Corey White;Н/Д;€0;;Непостоянный;;;8;;;17.0;26.2;26.9;27.2;;;;;;;;
19;З/КЗ (П);Marcus Palmer;Н/Д;€0;;Нерешительный;;;7;;;18.0;26.4;27.0;27.7;;;;;;;;
19;З (Ц);Shay Duffy;Н/Д;€0;;Сдержанный;;;7;;;17.8;27.6;28.2;29.3;;;;;;;;
19;З (Л);Sean Garrett;Н/Д;€0;;Реалист;;;4;;;15.2;22.7;23.2;23.9;;;;;;;;
19;КЗ (П), АП (Л);Mark Osman;Н/Д;€0;;Достаточно амбициозный;;;7;;;12.8;19.6;20.2;21.3;;;;;;;;
19;В;Valentino Zganjer;€8,750 в год;€0;;Неамбициозный;;;1;;;51.3;58.7;60.2;60.6;;;;;;;;
18;З (Ц), ОП, П (Ц);Neil McKay;€8,750 в год;€0;;Достаточно дисциплинированный;;;11;;;20.4;35.5;36.7;37.8;;;;;;;;
18;П/АП (П), НП (Ц);Lee Forbes;€8,750 в год;€0;;Энергичный;;;7;;;14.6;26.6;27.4;27.7;;;;;;;;
18;АП (Л), НП (Ц);Ross Steer;€8,750 в год;€0;;Неамбициозный;;;10;;;13.4;22.5;23.2;23.5;;;;;;;;
18;З (ЛЦ);Laurence Ezewele;€8,750 в год;€0;;Сдержанный;;;8;;;19.2;33.7;34.5;34.9;;;;;;;;
21;З (ПЦ), ОП, П (Ц);James Carey;€39,000 в год;€0;;Сдержанный;;;9;;;18.8;27.3;28.0;29.1;;;;;;;;
18;П (Ц);Shay Sawers;€8,750 в год;€0;;Наемник;;;12;;;15.8;31.8;32.8;33.2;;;;;;;;
21;П (ЛЦ), АП (Ц);Waide Kenworthy;€17,750 в год;€0;;Достаточно дисциплинированный;;;8;;;13.7;27.6;28.5;29.2;;;;;;;;
21;П/АП (П), НП (Ц);Chris Snodin;Н/Д;€0;;Сдержанный;;;5;;;13.0;22.5;23.2;23.6;;;;;;;;
21;В;Stephen Kitchen;€12,250 в год;€0;;Профессионал;;;1;;;37.5;40.9;42.0;42.4;;;;;;;;
18;П/АП (Ц);Peter Henry;€8,750 в год;€0;;Непостоянный;;;10;;;19.3;36.3;37.3;37.7;;;;;;;;
18;П/АП (П);Bram van Es;€8,750 в год;€0;;Достаточно настойчивый;;;15;;;16.2;31.4;32.3;32.7;;;;;;;;
18;В;Colin Jackson;€8,750 в год;€0;;Сдержанный;;;4;;;42.8;49.8;51.2;53.8;;;;;;;;
18;З (ПЦ);Lee Greenwood;€8,750 в год;€0;;Достаточно профессионален;;;8;;;22.3;32.9;33.5;34.6;;;;;;;;
21;АП (П), НП (Ц);Daniel Lewis;Н/Д;€0;;Неамбициозный;;;11;;;13.2;22.8;23.5;24.7;;;;;;;;
18;П (ПЦ), АП (Ц);Josh Summers;€8,750 в год;€0;;Сдержанный;;;10;;;16.0;29.6;30.8;31.6;;;;;;;;
18;З (Ц), ОП;Lorcan Doyle;€8,750 в год;€0;;Неамбициозный;;;3;;;14.2;23.4;24.1;25.2;;;;;;;;
18;З (Ц);Wes Zibaka;€8,750 в год;€0;;Сдержанный;;;5;;;20.1;28.0;28.6;29.0;;;;;;;;
18;ОП, П (Ц);Tom Constable;€8,750 в год;€0;;Нерешительный;;;6;;;21.5;30.8;31.6;31.9;;;;;;;;
18;НП (Ц);David Farrell;€8,750 в год;€0;;Легкомысленный;;;9;;;16.9;30.3;31.5;32.2;;;;;;;;
21;АП (П), НП (Ц);Liam Gray;Н/Д;€0;;Неамбициозный;;;9;;;13.1;23.8;24.5;25.7;;;;;;;;
21;З (ПЦ), ОП, П (Ц);Lloyd Brewerton;Н/Д;€0;;Неамбициозный;;;6;;;18.0;26.7;27.3;28.4;;;;;;;;
21;З (ПЦ), КЗ (П), ОП;Liban Elmi;€13,500 в год;€0;;Сдержанный;;;5;;;17.1;25.7;26.6;27.0;;;;;;;;
21;АП (П), НП (Ц);Javian Neil;Н/Д;€0;;Нерешительный;;;3;;;14.1;22.4;22.9;23.7;;;;;;;;
18;КЗ (П), ОП, П (Ц);John McGowan;€8,750 в год;€0;;Решительный;;;11;;;19.2;33.7;34.6;35.7;;;;;;;;
21;В;Simplice Mayele;Н/Д;€0;;Сдержанный;;;5;;;43.6;51.8;52.9;54.8;;;;;;;;
18;З/КЗ (П);Peter Devaney;€8,750 в год;€0;;Общительный;;;8;;;21.1;35.0;35.8;36.6;;;;;;;;
21;З (ЛЦ);Kelvin Morford;Н/Д;€0;;Сдержанный;;;2;;;16.1;24.2;24.8;25.2;;;;;;;;
21;В;Lucas Weatherby;Н/Д;€0;;Неамбициозный;;;6;;;34.3;46.4;48.6;49.4;;;;;;;;
18;АП (П), НП (Ц);Mustapha Agu;€8,750 в год;€0;;Тверд в решениях;;;8;;;17.0;29.3;30.2;31.4;;;;;;;;
18;П/АП (Ц);Carles Vallés;€8,750 в год;€0;;Сдержанный;;;9;;;19.4;36.4;37.4;38.5;;;;;;;;
17;З (Ц), П (ЛЦ);Brandon Angol;€8,750 в год;€0;;Жизнерадостный;;;12;;;17.2;34.4;35.7;36.1;;;;;;;;
18;З (Л);Stuart Gorman;€1,200 в год;€0;;Ненадежный;;;4;;;19.8;30.2;30.9;31.6;;;;;;;;
18;В;Aled Foulkes;€7,750 в год;€0;;Достаточно настойчивый;;;4;;;40.8;47.7;49.3;51.2;;;;;;;;
18;НП (Ц);Liam Jarvis;€1,200 в год;€0;;Сдержанный;;;7;;;13.5;24.3;25.1;26.2;;;;;;;;
18;З (Ц);James Williams;Н/Д;€0;;Сдержанный;;;6;;;16.9;27.7;28.5;29.2;;;;;;;;
19;В;Jackson Hodgson;€300 в год;€0;;Сдержанный;;;5;;;42.2;50.0;51.3;51.7;;;;;;;;
21;П (П), АП (ПЦ);Jake Lynch;€8,250 в год;€0;;Неамбициозный;;;6;;;16.3;26.5;27.2;28.0;;;;;;;;
21;НП (Ц);Ed Malyon;Н/Д;€0;;Нерешительный;;;11;;;16.0;25.6;26.2;27.0;;;;;;;;
19;В;Chris Shaw;€300 в год;€0;;Профессионал;;;2;;;33.9;39.6;41.0;41.8;;;;;;;;
21;П (ПЛ), АП (ПЛЦ);Sam Butterfield;€6,250 в год;€0;;Достаточно амбициозный;;;10;;;14.5;24.6;25.2;26.0;;;;;;;;
21;В;Emini Kay;Н/Д;€0;;Неамбициозный;;;1;;;38.6;45.9;47.3;50.7;;;;;;;;
21;П (ПЦ), АП (Ц), НП (Ц);Jon Ingram;€6,500 в год;€0;;Неамбициозный;;;12;;;13.4;24.4;25.2;26.0;;;;;;;;
21;З (ЛЦ);Wayne Long;€6,250 в год;€0;;Неамбициозный;;;9;;;18.7;27.3;27.8;28.6;;;;;;;;
21;НП (Ц);John Cummings;Н/Д;€0;;Нерешительный;;;11;;;15.5;25.8;26.8;27.9;;;;;;;;
21;П/АП (П);Arwyn Williams;€9,250 в год;€0;;Неамбициозный;;;9;;;16.4;28.5;29.3;30.8;;;;;;;;
21;НП (Ц);Tom Davidson;€15,750 в год;€0;;Сдержанный;;;9;;;12.0;20.8;21.2;22.6;;;;;;;;
21;НП (Ц);Luke Young;€11,000 в год;€0;;Энергичный;;;9;;;15.4;26.3;26.8;27.6;;;;;;;;
18;П/АП (П);Damian Maj;€8,750 в год;€0;;Неамбициозный;;;6;;;14.6;25.6;26.6;27.3;;;;;;;;
21;З (ПЦ);Lee Kelly;Н/Д;€0;;Сдержанный;;;4;;;17.4;27.8;28.6;30.0;;;;;;;;
21;З/П (ЛЦ);Éric Kamdem;€19,500 в год;€0;;Неамбициозный;;;8;;;18.5;27.3;27.7;28.8;;;;;;;;
18;З (ПЦ), ОП, П (Ц);Bevon Grant;€8,750 в год;€0;;Достаточно лояльный;;;6;;;20.0;30.0;30.6;31.7;;;;;;;;
21;З (ЛЦ), ОП, П (Ц);James Reed;Н/Д;€0;;Неамбициозный;;;5;;;13.6;23.8;24.6;25.8;;;;;;;;
21;П/АП (Ц);Alex Bell;€18,250 в год;€0;;Сдержанный;;;13;;;14.3;24.9;25.5;26.6;;;;;;;;
21;З (ПЦ);Femi Coombes;Н/Д;€0;;Неамбициозный;;;5;;;16.4;24.0;24.4;25.6;;;;;;;;
17;НП (Ц);Glyn Gater;€8,750 в год;€0;;Неамбициозный;;;9;;;16.3;29.0;30.2;30.5;;;;;;;;
18;З (П);Evan McKinlay;€8,750 в год;€0;;Тверд в решениях;;;10;;;20.6;31.7;32.2;33.7;;;;;;;;
18;З (ПЦ);Michael Akanni;€8,750 в год;€0;;Неамбициозный;;;3;;;17.3;27.9;28.9;29.3;;;;;;;;
21;НП (Ц);Danny Hayes;Н/Д;€0;;Непостоянный;;;10;;;11.9;22.0;23.2;23.9;;;;;;;;
18;З (ПЛЦ);Aiden Soraf;€8,750 в год;€0;;Напористый;;;7;;;22.8;35.6;36.6;37.8;;;;;;;;
18;В;Luís Queirós;€8,750 в год;€0;;Неамбициозный;;;3;;;47.2;57.5;58.9;61.9;;;;;;;;
21;З (Ц), АП (П), НП (Ц);Reed Hicks;Н/Д;€0;;Достаточно дисциплинированный;;;6;;;14.0;22.6;23.1;23.9;;;;;;;;
21;З (Ц);Louis Corbett;Н/Д;€0;;Достаточно настойчивый;;;4;;;17.5;26.0;26.7;27.4;;;;;;;;
18;АП (ПЛЦ), НП (Ц);Tarik Tahiri;€8,750 в год;€0;;Нерешительный;;;6;;;14.2;23.3;24.2;24.5;;;;;;;;
21;НП (Ц);Tim Prescott;€29,500 в год;€0;;Сдержанный;;;7;;;16.1;27.0;27.5;27.9;;;;;;;;
21;З (ПЛЦ);Matthew Rothwell;€5,750 в год;€0;;Неамбициозный;;;7;;;18.2;25.8;26.4;27.2;;;;;;;;
18;З (ЛЦ), ОП;Ørjan Kvernberg;€8,750 в год;€0;;Наемник;;;10;;;20.4;35.6;36.7;37.4;;;;;;;;
21;З/П (Ц);Philip Parry;Н/Д;€0;;Сдержанный;;;5;;;18.0;26.9;27.4;28.5;;;;;;;;
18;П/АП (Л);Gentian Syla;€8,750 в год;€0;;Нерешительный;;;11;;;14.1;22.8;23.2;23.6;;;;;;;;
18;ОП, П/АП (Ц);John Leckey;€8,750 в год;€0;;Неамбициозный;;;11;;;19.5;34.6;35.8;36.5;;;;;;;;
18;НП (Ц);Emmanuel Appiah;€8,750 в год;€0;;Неамбициозный;;;8;;;16.1;27.6;28.7;29.0;;;;;;;;
21;В;Zac Jones;Н/Д;€0;;Неамбициозный;;;1;;;35.3;40.9;42.1;46.2;;;;;;;;
18;НП (Ц);Arwel Fitzpatrick;€8,750 в год;€0;;Сдержанный;;;12;;;16.2;30.0;30.9;31.6;;;;;;;;
18;З (Ц);Chinedu Ambrose;€8,750 в год;€0;;Темпераментный;;;5;;;15.2;23.8;24.5;25.6;;;;;;;;
21;З (ПЦ);James Griffiths;Н/Д;€0;;Неамбициозный;;;4;;;17.6;25.5;26.0;27.5;;;;;;;;
21;ОП, П (ЛЦ);Charlie Byrne;€2,700 в год;€0;;Достаточно лояльный;;;8;;;17.6;32.5;33.2;34.0;;;;;;;;
21;В;Freddie Sands;Н/Д;€0;;Профессионал;;;7;;;34.8;40.0;41.2;43.0;;;;;;;;
21;З (Ц), ОП, П (Ц);Andrew Park;Н/Д;€0;;Сдержанный;;;8;;;20.1;29.7;30.5;31.6;;;;;;;;
21;З (ЛЦ);Nathan Riley;Н/Д;€0;;Достаточно настойчивый;;;7;;;17.9;25.5;26.1;27.2;;;;;;;;
18;П (Ц);Ty Asensi;€8,750 в год;€0;;Профессионал;;;14;;;18.0;36.6;38.0;38.4;;;;;;;;
21;П/АП (П), НП (Ц);Cammie Gill;€3,400 в год;€0;;Неамбициозный;;;8;;;13.6;22.1;22.6;23.7;;;;;;;;
21;З (Ц), ОП, П (Ц);Nana Landers;Н/Д;€0;;Достаточно настойчивый;;;4;;;17.6;24.5;25.0;26.5;;;;;;;;
21;З (Л);Zidkigah Howell;Н/Д;€0;;Достаточно лояльный;;;5;;;18.3;26.5;27.0;28.2;;;;;;;;
19;НП (Ц);Jonathan Adair;€8,750 в год;€0;;Достаточно профессионален;;;8;;;15.6;26.5;27.7;28.0;;;;;;;;
21;П (Ц), НП (Ц);Paul Dredge;Н/Д;€0;;Достаточно лояльный;;;6;;;12.6;21.4;22.5;23.6;;;;;;;;
18;З (ПЦ);Mohammed Fisher;€8,750 в год;€0;;Сдержанный;;;5;;;19.9;28.7;29.4;30.9;;;;;;;;
21;П/АП (П), НП (Ц);Keith O'Mahony;Н/Д;€0;;Неамбициозный;;;8;;;15.7;24.8;25.6;26.3;;;;;;;;
21;АП (П), НП (Ц);Shaun Giles;€15,750 в год;€0;;Неамбициозный;;;6;;;15.0;22.8;23.4;23.7;;;;;;;;
18;З (ПЦ), ОП;Michael Williams;€8,750 в год;€0;;Нерешительный;;;5;;;19.6;31.5;32.3;33.0;;;;;;;;
21;П/АП (Ц), НП (Ц);Graham Head;Н/Д;€0;;Сдержанный;;;11;;;14.5;26.9;27.7;28.1;;;;;;;;
21;П/АП (П);Jay Leathen;Н/Д;€0;;Сдержанный;;;7;;;10.8;19.1;19.8;20.5;;;;;;;;
21;П (Ц), АП (П), НП (Ц);John Hamer;€15,750 в год;€0;;Достаточно профессионален;;;3;;;15.8;24.6;25.4;26.9;;;;;;;;
18;П (Ц);Joe Savage;€8,750 в год;€0;;Неамбициозный;;;12;;;16.6;31.6;32.7;33.4;;;;;;;;
21;В;Seán O'Flynn;Н/Д;€0;;Темпераментный;;;1;;;32.8;39.9;41.7;45.1;;;;;;;;
18;НП (Ц);Liam Warnock;€8,750 в год;€0;;Тверд в решениях;;;11;;;16.6;25.9;26.6;27.4;;;;;;;;
21;З (ПЛЦ);Alix Humphries;Н/Д;€0;;Достаточно профессионален;;;9;;;13.7;21.1;21.9;23.0;;;;;;;;
21;З (ПЦ);Opoku Asamoah;Н/Д;€0;;Неамбициозный;;;3;;;15.3;23.3;24.0;24.8;;;;;;;;
21;П/АП (Ц);Matthew Ramsay;€19,250 в год;€0;;Достаточно профессионален;;;13;;;16.0;28.2;29.3;30.4;;;;;;;;
18;П/АП (Л);Nathan Matthews;€8,750 в год;€0;;Сдержанный;;;12;;;16.6;28.1;29.0;30.1;;;;;;;;
21;П (ЛЦ), АП (Ц), НП (Ц);Peter Vernon;Н/Д;€0;;Неамбициозный;;;9;;;17.3;30.8;31.6;32.7;;;;;;;;
21;З (Ц);Agim Basha;Н/Д;€0;;Неамбициозный;;;9;;;15.2;24.8;25.4;26.1;;;;;;;;
21;З (ЛЦ);Stanislav Velikov;€8,000 в год;€0;;Сдержанный;;;4;;;20.6;26.5;27.0;28.2;;;;;;;;
21;З (ЛЦ), П (Л);Dannie Burnett;Н/Д;€0;;Бесхарактерный;;;5;;;17.3;23.6;24.2;25.3;;;;;;;;
21;З (Ц), КЗ (П), ОП, П (ПЦ), АП (Ц);Alex King;Н/Д;€0;;Достаточно лояльный;;;5;;;16.6;23.1;23.8;24.2;;;;;;;;
18;З (ПЦ);David Ferguson;€8,750 в год;€0;;Нерешительный;;;3;;;16.7;26.0;26.7;27.4;;;;;;;;
21;АП (П), НП (Ц);Kenny Appleyard;Н/Д;€0;;Неамбициозный;;;10;;;12.8;21.6;22.2;22.6;;;;;;;;
21;З (Л), КЗ (П), П/АП (Ц);Gabriel Odita;Н/Д;€0;;Сдержанный;;;8;;;16.2;24.6;25.1;25.5;;;;;;;;
21;З (П), ОП, П (ЛЦ);Lewis Macey;Н/Д;€0;;Неамбициозный;;;4;;;17.2;24.6;25.3;26.0;;;;;;;;
21;П/АП (Ц);Ashley Hunt;€9,000 в год;€0;;Нерешительный;;;11;;;15.2;28.8;29.6;30.8;;;;;;;;
21;АП (ПЦ);Nicholas Knight;Н/Д;€0;;Нерешительный;;;5;;;12.5;23.3;24.1;24.5;;;;;;;;
21;В;William Hamilton;Н/Д;€0;;Неамбициозный;;;6;;;41.8;48.2;49.6;50.0;;;;;;;;
21;П (П), АП (ПЦ), НП (Ц);Toby Tolley;Н/Д;€0;;Неамбициозный;;;9;;;16.7;31.1;32.2;32.6;;;;;;;;
21;П (Л), НП (Ц);Kevin Mason;Н/Д;€0;;Неамбициозный;;;8;;;12.9;22.9;23.7;24.1;;;;;;;;
21;П (ПЦ), АП (П);David Chevalier;Н/Д;€0;;Непостоянный;;;7;;;14.3;22.2;22.8;23.6;;;;;;;;
21;П/АП (Ц), НП (Ц);Felix Baker;Н/Д;€0;;Низкая самооценка;;;12;;;13.4;22.8;23.7;25.2;;;;;;;;
21;П (Ц), НП (Ц);Matthew Frost;Н/Д;€0;;Сдержанный;;;12;;;15.3;27.4;28.2;28.9;;;;;;;;
21;З (Ц), ОП, П/АП (Ц);Jason Grant;Н/Д;€0;;Нерешительный;;;12;;;15.7;28.4;29.3;30.1;;;;;;;;
21;З (ЛЦ), КЗ (Л);Norman Evans;Н/Д;€0;;Темпераментный;;;6;;;19.8;28.9;29.5;31.0;;;;;;;;
18;П/АП (Л);Dunstan Berry;€8,750 в год;€0;;Нерешительный;;;10;;;17.6;31.7;32.6;33.3;;;;;;;;
18;АП (П), НП (Ц);Ben Booth;€8,750 в год;€0;;Лояльный;;;12;;;16.8;29.6;30.5;30.9;;;;;;;;
18;В;Zac Carrington;€8,750 в год;€0;;Неамбициозный;;;2;;;42.9;50.1;52.0;52.4;;;;;;;;
17;П/АП (П), НП (Ц);Gerard McBride;€8,750 в год;€0;;Темпераментный;;;7;;;13.6;22.7;23.2;23.9;;;;;;;;
21;П (Ц), АП (ПЦ);George Babalola;Н/Д;€0;;Напористый;;;10;;;19.7;36.6;38.0;38.4;;;;;;;;
18;ОП, П/АП (Ц);Jim Pettigrew;€8,750 в год;€0;;Сдержанный;;;6;;;16.3;25.5;26.4;27.6;;;;;;;;
18;З/КЗ (Л);Freddy McKenzie;€8,750 в год;€0;;Легкомысленный;;;8;;;19.8;31.1;31.7;32.5;;;;;;;;
18;З (Ц);Steve Farley;€8,750 в год;€0;;Сдержанный;;;8;;;19.3;30.5;31.4;32.2;;;;;;;;
18;АП (П);Jordan Greening;€8,750 в год;€0;;Сдержанный;;;7;;;14.4;25.0;25.6;26.3;;;;;;;;
18;АП (ПЦ), НП (Ц);Loveday Saviour;€8,750 в год;€0;;Неамбициозный;;;6;;;13.8;22.9;23.4;24.8;;;;;;;;
18;З (ЛЦ), КЗ (Л);Liam Morris;€8,750 в год;€0;;Нерешительный;;;6;;;19.6;27.6;28.2;28.9;;;;;;;;
19;В;Sitiveni Hughes;€8,750 в год;€0;;Неамбициозный;;;4;;;41.8;51.5;54.0;54.8;;;;;;;;
18;З (Ц), ОП;Leon Lyons;€8,750 в год;€0;;Неамбициозный;;;6;;;16.3;25.2;26.1;26.4;;;;;;;;
18;ОП, П (Ц), АП (ПЦ);Jordan Carter;€8,750 в год;€0;;Сдержанный;;;9;;;16.7;29.8;30.6;31.0;;;;;;;;
18;П (ПЦ), АП (П);Lee Martin;€8,750 в год;€0;;Неамбициозный;;;9;;;12.7;23.2;24.2;24.5;;;;;;;;
18;П (ПЦ), АП (П), НП (Ц);Ronan Hughes;€8,750 в год;€0;;Сдержанный;;;6;;;16.6;26.9;27.6;27.9;;;;;;;;
18;П/АП (Ц);Niall Pettinger;€8,750 в год;€0;;Неамбициозный;;;8;;;19.3;34.4;35.4;36.6;;;;;;;;
18;З/КЗ (Л);Rob Woolfe;€8,750 в год;€0;;Неамбициозный;;;11;;;14.8;26.2;27.1;27.5;;;;;;;;
18;КЗ (Л);Paul Finn;€8,750 в год;€0;;Неамбициозный;;;7;;;15.0;24.6;25.2;25.9;;;;;;;;
18;З (ЛЦ);Kingsley Owolabi;€8,750 в год;€0;;Решительный;;;3;;;19.7;29.2;30.3;31.0;;;;;;;;
18;АП (П), НП (Ц);Levi;€8,750 в год;€0;;Легкомысленный;;;8;;;14.6;25.5;26.4;27.6;;;;;;;;
19;ОП, П (Ц);Dane Saunders;€8,750 в год;€0;;Достаточно настойчивый;;;8;;;19.7;34.9;36.1;37.2;;;;;;;;
18;З (Ц);Duncan Larkin;€8,750 в год;€0;;Достаточно профессионален;;;3;;;19.8;28.2;29.2;29.6;;;;;;;;
18;П/АП (Л);Evan Brady;€8,750 в год;€0;;Неамбициозный;;;8;;;12.1;21.8;22.4;23.5;;;;;;;;
18;П (Ц);Rahzir Smith;€8,750 в год;€0;;Достаточно лояльный;;;9;;;17.3;33.4;34.4;35.5;;;;;;;;
18;З (Ц);Vincenzo Carli;€8,750 в год;€0;;Достаточно настойчивый;;;5;;;18.2;30.0;31.1;31.5;;;;;;;;
18;НП (Ц);Lee Green;€8,750 в год;€0;;Нерешительный;;;7;;;13.8;25.7;26.9;28.0;;;;;;;;
19;П/АП (Ц), НП (Ц);Lawrie Talbot;€8,750 в год;€0;;Сдержанный;;;9;;;15.8;27.3;28.3;29.4;;;;;;;;
18;В;Jonas Hoff Tjore;€8,750 в год;€0;;Неамбициозный;;;3;;;41.0;46.9;48.0;48.4;;;;;;;;
18;В;Dane Johnson;€8,750 в год;€0;;Сдержанный;;;2;;;42.8;50.8;52.7;53.4;;;;;;;;
18;З (ЛЦ), П (Ц);Christy Hogg;€8,750 в год;€0;;Неамбициозный;;;8;;;18.6;30.3;31.4;31.8;;;;;;;;
17;З/П/АП (Ц), НП (Ц);Zak Painter;€8,750 в год;€0;;Неамбициозный;;;10;;;15.4;25.4;26.6;27.3;;;;;;;;
18;З (ПЦ);Lewis Holgate;€8,750 в год;€0;;Неамбициозный;;;5;;;18.4;28.3;29.1;29.9;;;;;;;;
18;ОП, П (ПЛЦ), АП (ПЛ);Stewart Moses;€8,750 в год;€0;;Неамбициозный;;;8;;;16.4;27.7;28.6;29.0;;;;;;;;
21;З (Ц), ОП;Kehinde Nwafor;Н/Д;€0;;Нерешительный;;;6;;;16.6;26.0;26.5;27.6;;;;;;;;
21;З/КЗ (Л);Kalu Babalola;Н/Д;€0;;Достаточно дисциплинированный;;;3;;;17.6;27.2;27.8;29.2;;;;;;;;
18;З (Ц);Ed Jeffreys;€8,750 в год;€0;;Неамбициозный;;;8;;;21.2;33.2;34.5;35.6;;;;;;;;
21;З (Ц);Jack Powell;Н/Д;€0;;Достаточно настойчивый;;;10;;;17.2;25.6;26.0;26.8;;;;;;;;
20;П/АП (Ц);Kieron White;Н/Д;€0;;Неамбициозный;;;12;;;16.4;28.6;29.4;30.5;;;;;;;;
20;З/КЗ (П);Jake Porter;Н/Д;€0;;Темпераментный;;;6;;;18.5;30.1;30.8;31.2;;;;;;;;
21;НП (Ц);Osian Carrington;Н/Д;€0;;Неамбициозный;;;13;;;15.6;29.7;30.6;31.0;;;;;;;;
21;П (П), АП (ПЛ);Lloyd Rushton;Н/Д;€0;;Сдержанный;;;9;;;14.6;27.4;28.5;29.6;;;;;;;;
20;П/АП (Ц);Danny Thomas;Н/Д;€0;;Бесхарактерный;;;8;;;16.0;31.6;32.8;33.5;;;;;;;;
20;З (ПЛЦ);Brian Pascoe;Н/Д;€0;;Неамбициозный;;;3;;;16.1;23.5;24.0;25.1;;;;;;;;
18;З (ЛЦ);Carl Boxhill;€8,750 в год;€0;;Легкомысленный;;;9;;;22.4;34.9;35.8;36.9;;;;;;;;
18;П (П), АП (ПЛ);Fotis Karatzas;€8,750 в год;€0;;Достаточно профессионален;;;8;;;12.2;21.9;22.6;23.0;;;;;;;;
18;В;Javier Barbero;€8,750 в год;€0;;Сдержанный;;;7;;;37.4;41.8;42.9;43.6;;;;;;;;
18;З (Ц), ОП, П (Л);Gerrit Ransom;€8,750 в год;€0;;Неамбициозный;;;5;;;14.6;20.5;21.0;22.1;;;;;;;;
18;В;Jake Hewitt;€8,750 в год;€0;;Неамбициозный;;;5;;;40.4;46.0;47.0;47.4;;;;;;;;
18;ОП, П/АП (Ц), НП (Ц);Ian Colhoun;€8,750 в год;€0;;Сдержанный;;;11;;;16.8;28.4;29.2;29.6;;;;;;;;
18;З/КЗ/П/АП (П);Haydn Wilson;€8,750 в год;€0;;Сдержанный;;;7;;;14.7;22.4;22.8;23.9;;;;;;;;
18;В;Ryan Lawal;€8,750 в год;€0;;Напористый;;;1;;;37.4;43.4;44.4;47.4;;;;;;;;
18;З (ЛЦ);Stewart Heenan;€8,750 в год;€0;;Неамбициозный;;;5;;;17.6;25.9;26.4;26.7;;;;;;;;
18;АП (П), НП (Ц);Francisco Rocha;€8,750 в год;€0;;Достаточно амбициозный;;;11;;;13.4;25.6;26.3;26.6;;;;;;;;
18;П (ЛЦ), АП (Ц);Christian Jones;€8,750 в год;€0;;Сдержанный;;;10;;;16.6;25.1;25.8;26.9;;;;;;;;
17;ОП, П (Ц);Alvin Santos;€8,750 в год;€0;;Неамбициозный;;;7;;;20.2;31.9;32.5;34.0;;;;;;;;
18;П/АП (Ц);Rory Vaughan;€8,750 в год;€0;;Темпераментный;;;8;;;14.1;28.5;29.4;30.5;;;;;;;;
21;З (Ц), ОП, П (Ц);Arthur Stuart;€9,000 в год;€0;;Неамбициозный;;;8;;;17.5;30.2;30.8;31.6;;;;;;;;
18;В;Horace Gillings;€8,750 в год;€0;;Нерешительный;;;7;;;49.9;58.0;59.5;62.2;;;;;;;;
21;П/АП (П), НП (Ц);Carlton Evans;€125,000 в год;€0;;Тверд в решениях;;;13;;;16.9;33.1;34.5;35.2;;;;;;;;
18;З (Ц);Mitch Davies;€8,750 в год;€0;;Неамбициозный;;;7;;;20.1;30.6;31.6;32.3;;;;;;;;
18;П/АП (Ц);Jerome Sanchez;€8,750 в год;€0;;Наемник;;;9;;;16.7;31.0;32.0;33.5;;;;;;;;
18;АП (П), НП (Ц);Brett Catley;€8,750 в год;€0;;Сдержанный;;;8;;;15.2;26.8;27.8;28.5;;;;;;;;
18;З (Ц);Mick Spencer;€8,750 в год;€0;;Темпераментный;;;8;;;17.6;27.6;28.3;29.0;;;;;;;;
18;АП (Л), НП (Ц);Neville Stevens;€8,750 в год;€0;;Достаточно профессионален;;;6;;;17.5;26.5;27.3;27.6;;;;;;;;
18;З (Ц);Russell McAllister;€8,750 в год;€0;;Неамбициозный;;;8;;;20.8;33.0;34.1;34.8;;;;;;;;
21;З (ПЦ);John Kirkpatrick;Н/Д;€0;;Достаточно настойчивый;;;3;;;17.4;24.9;25.5;26.6;;;;;;;;
18;КЗ (П), П (Ц);Lester van der Vlist;€8,750 в год;€0;;Ненадежный;;;11;;;16.1;30.5;31.2;31.9;;;;;;;;
18;П/АП (Ц), НП (Ц);Steven Hall;€8,750 в год;€0;;Неамбициозный;;;13;;;16.7;29.6;30.7;31.4;;;;;;;;
18;В;Fred Burt;€8,000 в год;€0;;Сдержанный;;;1;;;42.3;46.9;48.0;50.6;;;;;;;;
18;ОП, П (ПЦ), АП (П);Omar Darboe;€8,750 в год;€0;;Сдержанный;;;7;;;15.0;26.1;26.8;27.6;;;;;;;;
18;З (Ц), ОП, П (Ц);Victor Folorunsho;€8,750 в год;€0;;Профессионал;;;9;;;17.4;28.2;28.8;29.2;;;;;;;;
17;З (Ц), ОП, П (Ц);Sean Thackray;€8,750 в год;€0;;Сдержанный;;;7;;;14.4;24.2;24.9;26.4;;;;;;;;
17;П/АП (ПЦ);Christos Christopoulos;€8,750 в год;€0;;Достаточно амбициозный;;;11;;;17.4;29.0;29.6;30.0;;;;;;;;
17;АП (Ц), НП (Ц);Ross Young;€8,750 в год;€0;;Достаточно профессионален;;;13;;;15.4;27.6;28.6;29.8;;;;;;;;
17;З (ПЦ), КЗ (П);Gary O'Callaghan;€8,750 в год;€0;;Достаточно дисциплинированный;;;11;;;18.4;28.8;29.6;30.0;;;;;;;;
18;З/КЗ (Л);Bershon Anderson;€8,750 в год;€0;;Непостоянный;;;3;;;17.2;26.8;27.3;28.1;;;;;;;;
18;ОП, П (Ц);Rio Robinson;€8,750 в год;€0;;Достаточно лояльный;;;14;;;18.2;33.2;34.2;34.6;;;;;;;;
18;З (П);Vinny Todd;€8,750 в год;€0;;Неамбициозный;;;5;;;15.3;25.0;25.4;26.6;;;;;;;;
18;З (Л);James Butler;€8,750 в год;€0;;Спортивный;;;11;;;15.5;24.2;24.6;25.0;;;;;;;;
18;П/АП (Ц), НП (Ц);José María Menéndez;€8,750 в год;€0;;Сдержанный;;;7;;;18.0;30.4;31.4;31.8;;;;;;;;
18;ОП, П (Ц);Ashley Brooks;€8,750 в год;€0;;Легкомысленный;;;14;;;19.0;32.5;33.4;34.5;;;;;;;;
17;В;Ifan Jarman;€8,750 в год;€0;;Сдержанный;;;4;;;39.6;49.3;51.7;52.1;;;;;;;;
21;П (Ц), НП (Ц);Sean Wood;€19,750 в год;€0;;Нерешительный;;;5;;;18.6;27.4;27.8;28.5;;;;;;;;
18;В;Tom Smith;€8,750 в год;€0;;Сдержанный;;;2;;;32.4;36.9;37.9;40.9;;;;;;;;
18;П/АП (ПЦ);Alric Thomas;€8,750 в год;€0;;Непостоянный;;;6;;;15.1;25.7;26.5;27.2;;;;;;;;
21;НП (Ц);Zak Starkey;€13,750 в год;€0;;Нерешительный;;;8;;;10.6;21.5;22.8;23.6;;;;;;;;
18;ОП, П/АП (Ц);Jai Parkinson;€8,750 в год;€0;;Достаточно настойчивый;;;10;;;15.3;27.0;27.9;28.3;;;;;;;;
18;З (ПЛЦ);Reece Walsh;€8,750 в год;€0;;Сдержанный;;;7;;;14.9;24.0;24.9;25.3;;;;;;;;
18;З (ПЦ);Dean Thompson;€8,750 в год;€0;;Неамбициозный;;;6;;;16.9;26.7;27.5;27.9;;;;;;;;
18;З (Ц);Peter Rees;€8,750 в год;€0;;Неамбициозный;;;5;;;16.2;28.8;30.2;31.3;;;;;;;;
19;НП (Ц);Stefan Fairclough;€8,750 в год;€0;;Сдержанный;;;10;;;14.5;24.7;25.5;27.0;;;;;;;;
18;П/АП (ПЛ), НП (Ц);Mustapha Okoro;€8,750 в год;€0;;Достаточно настойчивый;;;7;;;12.0;21.5;22.2;23.3;;;;;;;;
19;АП (П);Emmanuel Essien;€8,750 в год;€0;;Нерешительный;;;6;;;12.6;25.7;26.5;26.9;;;;;;;;
18;З (Ц);Rui Costa;€8,750 в год;€0;;Неамбициозный;;;5;;;18.5;30.6;31.4;32.2;;;;;;;;
18;П (ПЦ), АП (П);Richard Mhlanga;€8,750 в год;€0;;Достаточно профессионален;;;4;;;15.4;24.0;24.8;25.2;;;;;;;;
17;З (Л);Fabrice Diaby;€8,750 в год;€0;;Неамбициозный;;;4;;;17.4;27.4;28.0;28.8;;;;;;;;
18;П (Ц), НП (Ц);Scott Clark;€8,750 в год;€0;;Неамбициозный;;;12;;;17.0;29.4;30.0;30.8;;;;;;;;
18;КЗ (ПЛ);Daniel Lamptey;€8,750 в год;€0;;Достаточно дисциплинированный;;;5;;;14.6;23.4;24.1;25.6;;;;;;;;
18;В;Kieron McGovern;€8,750 в год;€0;;Сдержанный;;;2;;;40.2;46.8;48.3;52.8;;;;;;;;
17;З (Ц), ОП;Shane Harewood;€8,750 в год;€0;;Достаточно профессионален;;;7;;;18.5;28.3;29.0;30.1;;;;;;;;
18;В;Alex Williams;€8,750 в год;€0;;Темпераментный;;;1;;;38.8;45.2;47.0;47.7;;;;;;;;
21;НП (Ц);Paul McCarthy;Н/Д;€0;;Нерешительный;;;8;;;15.8;27.7;28.5;29.6;;;;;;;;
18;АП (П), НП (Ц);Clarke Whitworth;€8,750 в год;€0;;Сдержанный;;;12;;;14.0;24.3;25.0;25.8;;;;;;;;
21;В;Kyle Edwards;€11,750 в год;€0;;Сдержанный;;;4;;;49.6;55.3;56.3;56.7;;;;;;;;
17;АП (П), НП (Ц);Joshua Stott;€8,750 в год;€0;;Достаточно профессионален;;;8;;;14.0;23.9;24.8;25.2;;;;;;;;
18;З (П);Gareth Ryan;€8,750 в год;€0;;Неамбициозный;;;3;;;19.7;26.6;27.2;27.9;;;;;;;;
21;НП (Ц);Emmanuel Boakye;Н/Д;€0;;Неамбициозный;;;8;;;13.8;25.9;26.7;27.1;;;;;;;;
17;З/П (Ц);Adam Smedley;€8,750 в год;€0;;Нерешительный;;;8;;;18.9;30.0;30.7;31.1;;;;;;;;
18;З (ПЦ), КЗ (П);Peter Ward;€8,750 в год;€0;;Достаточно дисциплинированный;;;5;;;16.3;26.0;26.9;27.3;;;;;;;;
18;П (ЛЦ), АП (Ц), НП (Ц);Paul Adams;€8,750 в год;€0;;Сдержанный;;;8;;;16.9;31.9;32.8;33.2;;;;;;;;
18;З (Ц);Zak Bowers;€8,750 в год;€0;;Ненадежный;;;3;;;16.0;25.2;25.9;27.0;;;;;;;;
21;АП (ПЛ), НП (Ц);Malik Francis;€14,000 в год;€0;;Сдержанный;;;9;;;15.6;27.3;28.6;29.0;;;;;;;;
18;П (Ц);James McPhee;€8,750 в год;€0;;Неамбициозный;;;14;;;13.9;28.6;29.5;29.8;;;;;;;;
18;В;Dom Gonzales;€8,750 в год;€0;;Неамбициозный;;;2;;;38.3;49.2;51.4;53.2;;;;;;;;
18;З (Ц), ОП, П (ПЦ);Hamza Yalcin;€8,750 в год;€0;;Достаточно лояльный;;;7;;;15.2;25.8;26.8;28.0;;;;;;;;
18;В;Henri N'Dri;€8,750 в год;€0;;Достаточно профессионален;;;2;;;36.5;44.2;45.2;49.0;;;;;;;;
21;З (ЛЦ);Warren Tickle;€8,750 в год;€0;;Неамбициозный;;;7;;;16.6;26.0;26.6;27.0;;;;;;;;
18;П (ПЦ), АП (П);Antonio Palladino;€8,750 в год;€0;;Профессионал;;;6;;;13.6;24.7;25.3;26.5;;;;;;;;
18;З (ПЦ), П (Ц);Patrick Alderson;€8,750 в год;€0;;Сдержанный;;;4;;;14.3;23.8;24.5;24.9;;;;;;;;
18;ОП, П/АП (Ц);Tommy Magee;€8,750 в год;€0;;Ненадежный;;;11;;;15.0;26.0;26.8;27.6;;;;;;;;
18;П/АП (Ц);Morgan Watson;€8,750 в год;€0;;Неамбициозный;;;7;;;13.8;22.2;22.9;24.0;;;;;;;;
18;З (Ц);Marios Nikolaou;€8,750 в год;€0;;Сдержанный;;;9;;;16.9;26.5;27.1;27.9;;;;;;;;
18;З (ЛЦ);Peter Gibbs;€8,750 в год;€0;;Сдержанный;;;7;;;19.5;30.6;31.6;32.3;;;;;;;;
21;П (ПЦ);Dominic Sim;Н/Д;€0;;Неамбициозный;;;12;;;14.7;31.9;33.0;33.4;;;;;;;;
18;З (Ц), КЗ (Л);Karl Swain;€8,750 в год;€0;;Низкая самооценка;;;6;;;18.1;28.1;29.0;29.4;;;;;;;;
18;З (ЛЦ);Nicolas Carey;€8,750 в год;€0;;Общительный;;;6;;;14.7;22.3;23.0;24.2;;;;;;;;
21;В;Junior Clarke;€2,900 в год;€0;;Сдержанный;;;6;;;50.6;63.6;65.9;66.6;;;;;;;;
18;КЗ (П), П/АП (Ц);Benjamin Mansell;€8,750 в год;€0;;Достаточно амбициозный;;;5;;;18.5;28.4;28.7;29.9;;;;;;;;
18;АП (П), НП (Ц);Josh Hutchings;€8,750 в год;€0;;Неамбициозный;;;6;;;13.9;23.1;23.8;24.9;;;;;;;;
18;ОП, П (Ц);Joël de Haan;€8,750 в год;€0;;Неамбициозный;;;9;;;15.9;29.2;30.4;30.8;;;;;;;;
18;В;Nicholas Mandela;€8,750 в год;€0;;Достаточно профессионален;;;3;;;38.0;45.2;47.2;50.6;;;;;;;;
18;З (ПЦ);Mick McNally;€8,750 в год;€0;;Общительный;;;6;;;16.1;26.6;27.6;28.7;;;;;;;;
21;АП (П), НП (Ц);Max Morris;Н/Д;€0;;Реалист;;;6;;;11.2;22.6;23.6;24.0;;;;;;;;
17;П/АП (Л), НП (Ц);Dai Adams;€8,750 в год;€0;;Сдержанный;;;4;;;14.8;24.2;25.0;25.4;;;;;;;;
18;В;Gwynfor Whitfield;€8,750 в год;€0;;Неамбициозный;;;1;;;38.0;44.5;46.2;47.0;;;;;;;;
18;П (Ц), НП (Ц);Jack Drake;€8,750 в год;€0;;Достаточно профессионален;;;9;;;15.2;24.6;25.2;26.4;;;;;;;;
18;З (Ц);Anthony Christodoulou;€8,750 в год;€0;;Сдержанный;;;5;;;17.0;27.9;28.8;29.9;;;;;;;;
18;П/АП (Л), НП (Ц);Jack Carter;€8,750 в год;€0;;Достаточно настойчивый;;;5;;;13.8;24.0;24.8;25.6;;;;;;;;
17;З (Ц), ОП, П (Ц);Matthew Plant;€8,750 в год;€0;;Сдержанный;;;6;;;17.0;26.9;27.6;28.4;;;;;;;;
18;П (Ц), АП (Л);Craig Baker;€8,750 в год;€0;;Неамбициозный;;;8;;;12.9;24.6;25.3;26.4;;;;;;;;
17;З (ПЦ);Tony Crane;€8,750 в год;€0;;Достаточно профессионален;;;8;;;18.1;28.5;29.6;30.4;;;;;;;;
18;ОП, П (Ц);Kinsly Catley;€8,750 в год;€0;;Легкомысленный;;;5;;;17.9;32.6;33.5;34.2;;;;;;;;
18;П (Ц), АП (П), НП (Ц);Hans Schmidt;€8,750 в год;€0;;Сдержанный;;;6;;;13.5;21.5;22.0;23.2;;;;;;;;
18;АП (ПЦ), НП (Ц);Jonathon Edwards;€8,750 в год;€0;;Сдержанный;;;11;;;12.9;22.1;22.4;23.6;;;;;;;;
21;ОП, П (Ц);Ben Roberts;Н/Д;€0;;Неамбициозный;;;7;;;18.1;28.6;29.0;29.4;;;;;;;;
19;АП (ПЦ), НП (Ц);Glenn Gow;€8,750 в год;€0;;Достаточно настойчивый;;;13;;;15.2;27.0;27.6;28.8;;;;;;;;
18;П/АП (Ц), НП (Ц);Gary Bush;€8,750 в год;€0;;Достаточно профессионален;;;11;;;14.4;28.0;29.2;29.6;;;;;;;;
18;П/АП (Ц), НП (Ц);Trey Houston;€8,750 в год;€0;;Нерешительный;;;12;;;14.4;25.6;26.3;27.0;;;;;;;;
17;П/АП (Л);Umut Aydoğan;€8,750 в год;€0;;Неамбициозный;;;11;;;16.5;25.8;26.4;26.7;;;;;;;;
18;В;Iain Belford;€8,750 в год;€0;;Нерешительный;;;1;;;40.0;44.4;45.3;45.7;;;;;;;;
18;З/П/АП (П);Dom Irving;€8,750 в год;€0;;Нерешительный;;;5;;;14.7;24.4;24.9;25.3;;;;;;;;
18;П (Ц), АП (П), НП (Ц);Tim Brown;€8,750 в год;€0;;Сдержанный;;;8;;;14.2;24.7;25.5;25.8;;;;;;;;
18;АП (ПЦ), НП (Ц);Harrison Haywood;€8,750 в год;€0;;Достаточно дисциплинированный;;;9;;;11.9;20.4;21.0;21.7;;;;;;;;
18;З (Ц), П/АП (ЛЦ);Danny Hurley;€8,750 в год;€0;;Наемник;;;7;;;16.8;27.4;28.1;28.5;;;;;;;;
17;З/КЗ/АП (Л);Kenny Oakley;€8,750 в год;€0;;Неамбициозный;;;4;;;18.0;27.2;28.0;28.3;;;;;;;;
18;КЗ (Л), П (Ц);Ioan Dale;€8,750 в год;€0;;Неамбициозный;;;8;;;15.6;28.3;29.2;29.5;;;;;;;;
18;В;Jake Jackson;€8,750 в год;€0;;Неамбициозный;;;5;;;45.4;51.7;53.5;53.8;;;;;;;;
18;П (ПЦ), АП (Ц);John Pepper;€8,750 в год;€0;;Достаточно дисциплинированный;;;9;;;16.9;33.6;34.6;35.3;;;;;;;;
18;З (Ц);Dean Howard;€8,750 в год;€0;;Общительный;;;7;;;16.6;27.5;28.2;29.0;;;;;;;;
18;П (Л), НП (Ц);Nick Jones;€8,750 в год;€0;;Неамбициозный;;;11;;;16.9;29.9;31.0;31.7;;;;;;;;
18;П (Ц), АП (П), НП (Ц);Stephane Priso;€8,750 в год;€0;;Неамбициозный;;;7;;;16.5;28.5;29.3;30.1;;;;;;;;
18;ОП, П/АП (Ц);Louis Lee;€8,750 в год;€0;;Сдержанный;;;11;;;14.0;23.2;24.0;24.4;;;;;;;;
18;З (Ц);Biliaminu Akinola;€8,750 в год;€0;;Сдержанный;;;10;;;17.7;28.0;29.0;30.5;;;;;;;;
18;З (ЛЦ);Choz Henshaw;€8,750 в год;€0;;Ненадежный;;;7;;;15.4;25.2;26.0;26.8;;;;;;;;
21;В;Sam Marshall;€4,500 в год;€0;;Неамбициозный;;;3;;;44.2;49.4;50.6;51.0;;;;;;;;
20;З (ЛЦ);Phil Moore;€15,250 в год;€0;;Достаточно настойчивый;;;5;;;18.4;28.4;29.2;30.0;;;;;;;;
19;З (ПЛ);Lewys Samuels;€8,750 в год;€0;;Неамбициозный;;;7;;;16.2;23.7;24.3;25.4;;;;;;;;
18;З/П (Ц);Corey Sullivan;€8,750 в год;€0;;Неамбициозный;;;5;;;15.1;24.7;25.3;26.4;;;;;;;;
20;З/П (Ц), АП (ПЦ);Connor Mills;Н/Д;€0;;Неамбициозный;;;7;;;16.2;26.7;27.5;28.2;;;;;;;;
18;З (ПЦ);Emmanuel Yeboah;€8,750 в год;€0;;Сдержанный;;;3;;;17.0;27.3;28.3;29.4;;;;;;;;
17;З (ПЛЦ);Martin Dugdale;€8,750 в год;€0;;Энергичный;;;7;;;16.1;26.2;27.2;27.9;;;;;;;;
18;П (Ц), АП (ПЦ);Emmet McNulty;€8,750 в год;€0;;Сдержанный;;;8;;;13.5;25.4;26.1;27.2;;;;;;;;
18;П/АП (Ц);Scott Carey;€8,750 в год;€0;;Достаточно амбициозный;;;10;;;18.2;33.0;34.0;35.1;;;;;;;;
18;П (ЛЦ), АП (Л);Kasey Bush;€8,750 в год;€0;;Лояльный;;;6;;;12.3;23.1;23.6;24.0;;;;;;;;
18;З (Ц);Peter Nagy;€8,750 в год;€0;;Тверд в решениях;;;5;;;18.1;25.8;26.5;26.8;;;;;;;;
18;З/КЗ/П/АП (П);George Brookes;€8,750 в год;€0;;Неамбициозный;;;6;;;14.3;23.5;24.0;24.7;;;;;;;;
18;В;Robert Foy;Н/Д;€0;;Сдержанный;;;4;;;40.8;47.1;48.2;48.9;;;;;;;;
17;З (ПЛ);Jared Wilkins;Н/Д;€0;;Неамбициозный;;;11;;;15.3;24.8;25.5;26.3;;;;;;;;
18;АП (П), НП (Ц);Dan Murray;Н/Д;€0;;Наемник;;;9;;;12.8;20.4;21.0;21.4;;;;;;;;
18;НП (Ц);Jan Pride;Н/Д;€0;;Неамбициозный;;;12;;;14.6;26.0;26.7;27.1;;;;;;;;
18;З (ПЦ);Jerell Doyle;Н/Д;€0;;Нерешительный;;;6;;;17.5;27.2;27.9;29.0;;;;;;;;
17;З (ЛЦ);Josh McCormack;€300 в год;€0;;Сдержанный;;;3;;;13.4;20.3;20.8;21.2;;;;;;;;
18;П/АП (Л);Nick Townrow;Н/Д;€0;;Неамбициозный;;;11;;;14.6;23.0;23.6;24.3;;;;;;;;
20;В;Fiston Ndayisenga;Н/Д;€0;;Неамбициозный;;;5;;;38.5;49.4;51.3;52.4;;;;;;;;
18;П/АП (Л);Eric Morris;€8,750 в год;€0;;Достаточно профессионален;;;3;;;13.4;23.2;23.9;24.3;;;;;;;;
20;П (Л), АП (ЛЦ), НП (Ц);Adam Udoh;€11,250 в год;€0;;Неамбициозный;;;5;;;14.0;24.6;25.3;25.7;;;;;;;;
18;В;Kwadwo Twumasi;€8,750 в год;€0;;Неамбициозный;;;5;;;45.4;53.6;55.2;55.6;;;;;;;;
18;П (Л), АП (П), НП (Ц);Conor Rigg;€8,750 в год;€0;;Неамбициозный;;;7;;;14.2;24.8;26.0;27.1;;;;;;;;
17;П/АП (Ц);Loyiso Wickham;€8,750 в год;€0;;Сдержанный;;;14;;;16.7;30.7;31.5;32.3;;;;;;;;
18;П/АП (Ц), НП (Ц);Martin Navarro;€8,750 в год;€0;;Сдержанный;;;12;;;21.3;34.5;35.7;36.4;;;;;;;;
18;ОП, П/АП (Ц);Jack Hoare;€8,750 в год;€0;;Энергичный;;;12;;;16.7;32.2;33.2;33.9;;;;;;;;
17;АП (П), НП (Ц);Jack Richardson;€8,750 в год;€0;;Неамбициозный;;;5;;;12.4;20.5;21.0;21.8;;;;;;;;
21;З (ПЦ);Byron Semakula;Н/Д;€0;;Достаточно профессионален;;;6;;;19.0;25.1;25.5;26.2;;;;;;;;
18;З (ПЦ);Luke Keeble;€8,750 в год;€0;;Сдержанный;;;6;;;17.5;27.7;28.5;29.6;;;;;;;;
18;З (ПЛ);John McCartney;€8,750 в год;€0;;Низкая самооценка;;;14;;;18.8;29.8;30.4;30.8;;;;;;;;
18;П (Ц), АП (ПЛЦ);Donell Black;€8,750 в год;€0;;Сдержанный;;;8;;;14.6;23.2;23.8;24.9;;;;;;;;
18;П/АП (П);Dietmar Heigl;€8,750 в год;€0;;Достаточно профессионален;;;10;;;14.8;24.8;25.3;26.0;;;;;;;;
21;З (П);Sebastian Chan;€23,000 в год;€0;;Неамбициозный;;;11;;;18.0;27.3;28.0;28.7;;;;;;;;
18;З (Ц);Charlie Graham;€8,750 в год;€0;;Сдержанный;;;5;;;16.4;26.3;27.2;28.3;;;;;;;;
21;АП (ПЦ), НП (Ц);Kwadwo Ofori;€19,000 в год;€0;;Непостоянный;;;8;;;15.4;26.8;27.8;28.9;;;;;;;;
19;В;Sam Small;€8,750 в год;€0;;Наемник;;;1;;;39.4;47.0;48.7;51.4;;;;;;;;
18;З (ПЦ);Louis Salter;€8,750 в год;€0;;Достаточно профессионален;;;6;;;18.2;28.4;29.3;29.7;;;;;;;;
18;З (Ц), ОП, П (ЛЦ), АП (Ц);James Bass;€8,750 в год;€0;;Сдержанный;;;7;;;14.5;24.0;24.7;25.5;;;;;;;;
17;ОП, П/АП (Ц);Pete Corbett;€8,750 в год;€0;;Достаточно профессионален;;;12;;;14.0;25.1;25.9;27.4;;;;;;;;
18;В;Miguel Pedro;€8,750 в год;€0;;Неамбициозный;;;7;;;37.3;43.4;44.8;45.2;;;;;;;;
21;В;Christos Poupakis;Н/Д;€0;;Достаточно настойчивый;;;2;;;38.7;45.9;47.5;50.1;;;;;;;;
17;ОП, П (Ц);Randall Corinaldi;€8,750 в год;€0;;Достаточно амбициозный;;;8;;;16.3;29.8;30.6;31.8;;;;;;;;
17;З (ПЦ);Ahmed Vincent;€8,750 в год;€0;;Достаточно дисциплинированный;;;3;;;15.0;23.9;24.6;25.0;;;;;;;;
18;З/П (Ц);Hafiz Osei-Bonsu;€8,750 в год;€0;;Нерешительный;;;11;;;19.5;30.4;31.3;31.7;;;;;;;;
19;П/АП (Ц);Andrew Hall;€8,750 в год;€0;;Нерешительный;;;12;;;13.4;26.3;27.4;28.8;;;;;;;;
21;З (ПЦ), ОП, П (Ц);Luís Tati;Н/Д;€0;;Сдержанный;;;6;;;19.6;30.2;31.1;31.5;;;;;;;;
18;ОП, П/АП (Ц);Gordon Black;€8,750 в год;€0;;Спортивный;;;11;;;15.1;25.7;26.4;27.2;;;;;;;;
18;З (ПЦ);Luke Campbell;€8,750 в год;€0;;Сдержанный;;;6;;;16.3;24.3;24.9;25.7;;;;;;;;
21;З (П), ОП, П (Ц);Eric Furtado;€7,250 в год;€0;;Сдержанный;;;4;;;14.6;21.9;22.5;23.2;;;;;;;;
18;П/АП (ЛЦ);Linus Hermansson;€8,750 в год;€0;;Достаточно амбициозный;;;10;;;16.9;28.3;28.9;30.0;;;;;;;;
18;З (Ц), КЗ (П), ОП, П (Ц);Óskar Guðjón Reinhardsson;€8,750 в год;€0;;Достаточно профессионален;;;9;;;16.9;27.3;28.0;28.4;;;;;;;;
21;З/П/АП (Л);Ben Clark;€15,000 в год;€0;;Достаточно амбициозный;;;11;;;16.5;29.2;30.0;30.7;;;;;;;;
18;АП (ПЦ), НП (Ц);Billy Kohler;€8,750 в год;€0;;Энергичный;;;11;;;14.2;25.2;26.0;27.1;;;;;;;;
21;З (Л), КЗ (ПЛ), ОП, П (Ц);Mike Grace;Н/Д;€0;;Сдержанный;;;5;;;17.3;25.5;26.1;26.4;;;;;;;;
20;В;Mark Chesworth;Н/Д;€0;;Ненадежный;;;6;;;37.5;44.8;46.2;49.6;;;;;;;;
17;З (П);Jake Ford;€8,750 в год;€0;;Сдержанный;;;7;;;16.7;26.6;27.2;27.6;;;;;;;;
21;АП (Ц), НП (Ц);Wayne Neil;Н/Д;€0;;Неамбициозный;;;9;;;16.2;30.9;31.9;32.7;;;;;;;;
17;З (ПЛ), КЗ (П);Dion Pearce;€8,750 в год;€0;;Темпераментный;;;7;;;17.7;26.0;26.6;28.2;;;;;;;;
18;П/АП (Ц);Jayden Alderdice;€8,750 в год;€0;;Сдержанный;;;10;;;14.4;23.9;24.5;25.3;;;;;;;;
18;З (П);Kenny Carr;€8,750 в год;€0;;Достаточно настойчивый;;;4;;;16.0;22.4;22.8;23.9;;;;;;;;
21;З (ПЦ), КЗ (П);Michael Vernon;€11,750 в год;€0;;Сдержанный;;;7;;;18.7;28.0;28.6;28.9;;;;;;;;
17;В;Gavin Goddard;€8,750 в год;€0;;Нерешительный;;;3;;;39.2;47.2;49.1;52.8;;;;;;;;
18;АП (П), НП (Ц);Luke Lovell;€8,750 в год;€0;;Нерешительный;;;6;;;12.8;21.9;22.4;22.8;;;;;;;;
21;З (ПЛЦ);Scott Wilson;€18,000 в год;€0;;Достаточно профессионален;;;7;;;17.7;24.4;24.8;26.0;;;;;;;;
21;П/АП (Ц), НП (Ц);Ross Proctor;Н/Д;€0;;Достаточно настойчивый;;;9;;;13.4;22.8;23.7;24.4;;;;;;;;
18;П/АП (ПЦ);Janeil Williams;€8,750 в год;€0;;Неамбициозный;;;9;;;15.4;24.8;25.4;26.2;;;;;;;;
18;З (Ц);Anthony Johnstone;€8,750 в год;€0;;Жизнерадостный;;;4;;;18.0;26.5;27.0;28.2;;;;;;;;
18;З (Ц);Roddy Brannan;€8,750 в год;€0;;Сдержанный;;;6;;;14.9;24.2;24.7;25.4;;;;;;;;
18;З (Ц), КЗ (П), ОП, П (ПЦ);Tiernan Jones;€8,750 в год;€0;;Неамбициозный;;;6;;;16.1;24.5;25.3;26.0;;;;;;;;
18;З (ПЦ);Mohammed Kingsley;€8,750 в год;€0;;Неамбициозный;;;6;;;16.8;26.4;27.4;28.9;;;;;;;;
19;В;Muhd Ridzuan Mahmood;€8,750 в год;€0;;Сдержанный;;;1;;;34.1;42.9;44.8;45.6;;;;;;;;
18;КЗ (П), П/АП (ПЦ);Jason Clapham-Pointon;€8,750 в год;€0;;Сдержанный;;;5;;;13.8;21.8;22.3;23.0;;;;;;;;
18;П (П), АП (ПЦ), НП (Ц);Ryan Proctor;€8,750 в год;€0;;Сдержанный;;;13;;;17.2;28.8;30.0;31.5;;;;;;;;
18;З (Ц);Danilson Andrade;€8,750 в год;€0;;Достаточно профессионален;;;6;;;14.4;24.3;25.0;25.4;;;;;;;;
21;П/АП (Ц);Joey Wilding;Н/Д;€0;;Достаточно амбициозный;;;7;;;12.6;23.0;24.1;24.8;;;;;;;;
18;П/АП (Ц), НП (Ц);Emeka Osadolor;€8,750 в год;€0;;Сдержанный;;;8;;;14.9;27.6;28.6;29.7;;;;;;;;
21;НП (Ц);Alan Skinner;€19,500 в год;€0;;Достаточно профессионален;;;10;;;11.9;23.6;24.4;25.2;;;;;;;;
20;П/АП (Ц), НП (Ц);Lee Mitchell;Н/Д;€0;;Неамбициозный;;;8;;;13.2;25.7;26.8;27.9;;;;;;;;
18;З (ПЦ);Ibrahim Madu;€8,750 в год;€0;;Сдержанный;;;5;;;17.6;27.0;27.7;28.4;;;;;;;;
17;В;Dan Gilchrist;€8,750 в год;€0;;Сдержанный;;;7;;;38.9;46.3;47.5;47.9;;;;;;;;
18;П/АП (П), НП (Ц);Keneil Blackman;€8,750 в год;€0;;Сдержанный;;;4;;;13.4;23.0;23.8;24.2;;;;;;;;
21;З (Ц), ОП, П (Ц);Devonte Thomas;Н/Д;€0;;Сдержанный;;;3;;;17.0;25.8;26.4;28.0;;;;;;;;
21;З (ЛЦ), П (Ц);Zac Cotton;Н/Д;€0;;Непостоянный;;;7;;;17.3;24.8;25.4;25.8;;;;;;;;
18;З (Ц), ОП, П (Ц);Vusi Bento;€8,750 в год;€0;;Сдержанный;;;7;;;19.1;29.8;30.7;31.1;;;;;;;;
18;В;Tom Bower;€8,750 в год;€0;;Сдержанный;;;5;;;40.3;48.0;49.4;53.2;;;;;;;;
17;З (Ц), ОП, П (Ц);Alan Donnelly;€8,750 в год;€0;;Сдержанный;;;12;;;18.0;30.7;31.8;32.5;;;;;;;;
18;П/АП (ПЛ), НП (Ц);Carl Clarkson;€8,750 в год;€0;;Легкомысленный;;;6;;;14.2;23.4;23.9;24.3;;;;;;;;
18;НП (Ц);Francis Oduor;€8,750 в год;€0;;Нерешительный;;;7;;;16.4;23.9;24.9;26.0;;;;;;;;
18;З (П), П/АП (Ц);James Mensah;€8,750 в год;€0;;Нерешительный;;;8;;;12.8;22.1;22.6;23.0;;;;;;;;
21;АП (П), НП (Ц);Adam Woolley;€16,750 в год;€0;;Неамбициозный;;;7;;;17.7;28.3;29.0;29.4;;;;;;;;
18;В;Mitch Prendergast;€8,750 в год;€0;;Профессионал;;;2;;;39.9;45.9;47.1;47.9;;;;;;;;
18;В;Paul O'Sullivan;€8,750 в год;€0;;Нерешительный;;;3;;;39.1;44.2;45.5;49.6;;;;;;;;
18;П/АП (ПЦ);Kyle Whitehouse;€8,750 в год;€0;;Неамбициозный;;;13;;;15.4;25.9;26.7;27.4;;;;;;;;
21;П/АП (ПЦ);Glyn Bush;€6,750 в год;€0;;Неамбициозный;;;9;;;15.6;31.6;32.6;33.8;;;;;;;;
18;П/АП (Л);Shay Eastham;€8,750 в год;€0;;Неамбициозный;;;5;;;9.6;16.7;17.2;17.9;;;;;;;;
18;В;Oli Murray;€8,750 в год;€0;;Неамбициозный;;;4;;;35.7;42.6;44.0;44.8;;;;;;;;
18;П (Ц);Valeriano Barbierato;€8,750 в год;€0;;Сдержанный;;;8;;;18.3;27.3;28.0;28.8;;;;;;;;
21;З (ЛЦ);Kevin Stoyle;Н/Д;€0;;Сдержанный;;;8;;;16.8;25.4;26.0;26.8;;;;;;;;
19;З (Ц);Steve Lynch;€8,750 в год;€0;;Неамбициозный;;;5;;;17.4;24.4;25.1;25.5;;;;;;;;
17;З (ПЦ), КЗ (П), П (ПЦ);Nick Walker;€8,750 в год;€0;;Ненадежный;;;8;;;16.4;23.9;24.4;24.8;;;;;;;;
21;В;Xavier Dorrington;Н/Д;€0;;Достаточно амбициозный;;;5;;;43.9;52.1;54.2;54.9;;;;;;;;
20;З (ПЛ);Paul Hecker;€11,250 в год;€0;;Неамбициозный;;;11;;;18.8;30.1;30.8;31.6;;;;;;;;
21;З (Ц), ОП, П (ПЦ);Joshua Stephens;Н/Д;€0;;Достаточно профессионален;;;8;;;15.6;24.9;25.4;26.5;;;;;;;;
18;П (Ц), АП (ПЦ), НП (Ц);Kian Townrow;€8,750 в год;€0;;Нерешительный;;;8;;;14.2;25.2;25.8;26.5;;;;;;;;
21;З (Ц), ОП, П (Ц);Connor Leonard;Н/Д;€0;;Неамбициозный;;;6;;;19.7;29.4;30.1;30.8;;;;;;;;
21;П/АП (П);Andrew Reynolds;Н/Д;€0;;Неамбициозный;;;12;;;12.2;21.0;21.6;22.0;;;;;;;;
18;АП (ПЦ), НП (Ц);James Cahill-Stockton;€8,750 в год;€0;;Тверд в решениях;;;12;;;12.2;21.2;21.9;22.2;;;;;;;;
21;З (Ц), ОП, П/АП (Ц);Gerald Phiri;€8,750 в год;€0;;Неамбициозный;;;5;;;14.2;27.0;27.8;28.9;;;;;;;;
18;З (Ц);Pascal Nzeyimana;€8,750 в год;€0;;Неамбициозный;;;5;;;17.8;28.2;29.0;30.2;;;;;;;;
21;П (ПЦ), АП (П), НП (Ц);Andy McFarlane;€16,250 в год;€0;;Неамбициозный;;;8;;;14.9;26.7;27.4;27.8;;;;;;;;
21;В;Omar Morrison;€15,000 в год;€0;;Неамбициозный;;;1;;;38.2;44.8;45.8;46.1;;;;;;;;
19;П (Ц);Jamie Barnes;€8,750 в год;€0;;Сдержанный;;;7;;;14.2;26.3;27.3;27.7;;;;;;;;
21;З (ЛЦ);Barry McAllister;Н/Д;€0;;Нерешительный;;;7;;;19.9;30.2;30.9;32.0;;;;;;;;
17;З (Ц), ОП, П (Ц);Bradley Johnston;€8,750 в год;€0;;Нерешительный;;;4;;;16.6;24.9;25.7;26.8;;;;;;;;
21;ОП, П (Ц);Matty Clare-Parish;Н/Д;€0;;Сдержанный;;;5;;;16.2;26.3;27.1;28.2;;;;;;;;
18;П/АП (Л), НП (Ц);Sam Kershaw;€8,750 в год;€0;;Нерешительный;;;7;;;14.4;22.8;23.2;24.3;;;;;;;;
18;П (Л), АП (ПЛ), НП (Ц);Ryan Bayliss;€8,750 в год;€0;;Достаточно профессионален;;;8;;;10.6;17.9;18.2;19.4;;;;;;;;
20;П/АП (Ц), НП (Ц);Jacob Bradbrook;€19,750 в год;€0;;Темпераментный;;;9;;;14.2;26.3;27.2;28.3;;;;;;;;
17;З/КЗ (П);Mustapha Mantey;€8,750 в год;€0;;Напористый;;;12;;;13.6;20.9;21.4;21.8;;;;;;;;
17;З (Ц);Dan Williams;€8,750 в год;€0;;Сдержанный;;;3;;;17.7;25.1;25.6;26.8;;;;;;;;
21;З (ПЛЦ);Ken Mumford;Н/Д;€0;;Неамбициозный;;;4;;;18.5;26.8;27.4;28.1;;;;;;;;
20;З (Ц), ОП, П (Ц);Connor Graves;Н/Д;€0;;Неамбициозный;;;7;;;18.8;29.5;29.9;30.3;;;;;;;;
20;З (ПЦ);Aaron Higgins;Н/Д;€0;;Непостоянный;;;5;;;17.4;25.4;26.0;27.1;;;;;;;;
18;П (Ц), АП (ЛЦ), НП (Ц);Martyn Smith;€8,750 в год;€0;;Достаточно лояльный;;;13;;;17.2;27.7;28.2;29.0;;;;;;;;
17;АП (ПЛ), НП (Ц);Liam Henry;€8,750 в год;€0;;Сдержанный;;;4;;;12.3;19.8;20.4;20.8;;;;;;;;
21;З (ПЛЦ);Edward Calvert;€9,500 в год;€0;;Достаточно профессионален;;;7;;;15.8;25.3;26.1;26.8;;;;;;;;
21;В;Emmanuel Akande;€15,500 в год;€0;;Достаточно профессионален;;;2;;;39.3;46.7;48.2;48.6;;;;;;;;
18;АП (ПЦ), НП (Ц);Shaqkeem Thomas;€8,750 в год;€0;;Сдержанный;;;8;;;13.2;22.9;24.0;24.7;;;;;;;;
18;З (ПЦ), КЗ (П), ОП, П (Ц), АП (Л);John Harrington;€8,750 в год;€0;;Неамбициозный;;;7;;;14.6;26.7;27.6;28.4;;;;;;;;
21;П/АП (Л), НП (Ц);Ian Jones;€13,000 в год;€0;;Неамбициозный;;;10;;;12.0;23.2;23.8;24.9;;;;;;;;
17;В;Oliver Haitham;€8,750 в год;€0;;Нерешительный;;;1;;;34.1;38.5;39.4;41.7;;;;;;;;
21;З (Ц);Jack Morris;€16,000 в год;€0;;Достаточно дисциплинированный;;;7;;;16.8;26.1;27.1;28.2;;;;;;;;
21;ОП, П (Ц), АП (П);Jez Good;€9,500 в год;€0;;Сдержанный;;;8;;;17.0;28.3;29.0;29.3;;;;;;;;
21;З (ПЦ);Thomas Kempshall;€10,250 в год;€0;;Достаточно профессионален;;;7;;;18.5;26.1;27.0;27.7;;;;;;;;
21;В;Dean Doyle;€10,500 в год;€0;;Неамбициозный;;;1;;;40.5;44.9;46.4;46.8;;;;;;;;
17;П (ПЦ), АП (П), НП (Ц);Nathan Thomas;€8,750 в год;€0;;Неамбициозный;;;10;;;16.2;25.8;26.8;27.5;;;;;;;;
21;АП (ПЦ), НП (Ц);Dion Dunn;Н/Д;€0;;Сдержанный;;;2;;;14.2;23.5;24.1;24.4;;;;;;;;
18;П (ПЛ), АП (ПЛЦ);Michalis Kyriakou;€8,750 в год;€0;;Неамбициозный;;;13;;;15.4;26.6;27.4;27.8;;;;;;;;
17;З (ПЦ), КЗ (П);Jason Worsfold;€300 в год;€0;;Сдержанный;;;5;;;16.7;24.9;25.7;26.0;;;;;;;;
21;З/КЗ/АП (П);Harry Pickering;€19,250 в год;€0;;Сдержанный;;;6;;;17.2;25.3;26.1;26.8;;;;;;;;
18;В;Martyn Hitchen;€300 в год;€0;;Неамбициозный;;;1;;;38.7;45.8;47.8;49.3;;;;;;;;
18;П/АП (Ц);Aidan Silver;€8,750 в год;€0;;Неамбициозный;;;14;;;14.6;24.8;25.4;26.2;;;;;;;;
18;НП (Ц);Matthew Turner;€8,750 в год;€0;;Нерешительный;;;5;;;13.6;23.6;24.5;24.8;;;;;;;;
21;З (ЛЦ);Mitchell Farrington;Н/Д;€0;;Сдержанный;;;4;;;19.8;27.1;27.6;28.0;;;;;;;;
21;П (ПЦ), АП (Ц);Darren Campbell;Н/Д;€0;;Сдержанный;;;13;;;14.6;27.4;28.2;28.6;;;;;;;;
18;КЗ/П/АП (П);Lukas Gabris;€8,750 в год;€0;;Ненадежный;;;6;;;15.8;25.4;26.0;27.2;;;;;;;;
21;В;Paul Curran;Н/Д;€0;;Неамбициозный;;;2;;;35.0;41.3;42.8;44.6;;;;;;;;
17;П (ПЦ), АП (Ц);Warren Male;€1,200 в год;€0;;Нерешительный;;;7;;;14.7;26.6;27.7;28.0;;;;;;;;
18;З (Ц), ОП, П (Ц);Sunday Akuneto;Н/Д;€0;;Неамбициозный;;;4;;;16.8;24.1;24.6;25.3;;;;;;;;
18;З (Ц), ОП;Derek May;€300 в год;€0;;Неамбициозный;;;5;;;14.4;21.6;22.2;23.3;;;;;;;;
21;З (ПЦ);Ivan Beddard;Н/Д;€0;;Сдержанный;;;8;;;12.7;22.5;23.4;24.2;;;;;;;;
21;З (ЛЦ);Joe Booker;Н/Д;€0;;Неамбициозный;;;6;;;20.1;29.6;30.5;31.6;;;;;;;;
18;НП (Ц);Jez Dyer;€300 в год;€0;;Достаточно профессионален;;;5;;;12.2;22.2;23.0;24.1;;;;;;;;
21;П/АП (Ц);Simon Matthews;Н/Д;€0;;Наемник;;;12;;;15.2;28.3;29.2;30.0;;;;;;;;
21;З (Ц), ОП, П (Ц);Connor Gilbert;Н/Д;€0;;Тверд в решениях;;;5;;;17.0;24.5;25.1;25.9;;;;;;;;
21;З (ПЦ), КЗ (П), ОП, АП (Ц);Danny Goode;€11,750 в год;€0;;Сдержанный;;;12;;;16.2;26.2;27.1;27.4;;;;;;;;
18;В;Kenny O'Keeffe;€300 в год;€0;;Напористый;;;1;;;37.2;44.8;46.4;47.9;;;;;;;;
17;АП (Ц), НП (Ц);Jaud Nzeza;€300 в год;€0;;Неамбициозный;;;10;;;15.7;27.0;27.7;28.8;;;;;;;;
21;З/П (Ц);Andrias Petersen;€24,500 в год;€0;;Напористый;;;10;;;18.9;27.7;28.2;28.9;;;;;;;;
20;П/АП (ПЛЦ);Dave Bailey;Н/Д;€0;;Сдержанный;;;5;;;14.2;22.1;22.4;23.6;;;;;;;;
20;П (Ц), АП (П), НП (Ц);Rhys Buckingham;Н/Д;€0;;Легкомысленный;;;6;;;14.7;22.5;23.2;23.5;;;;;;;;
20;В;John Poggio;€21,500 в год;€0;;Достаточно профессионален;;;2;;;38.0;43.4;45.0;49.1;;;;;;;;
21;З (ПЦ);Tasos Papakonstantinou;Н/Д;€0;;Сдержанный;;;4;;;16.2;23.8;24.5;25.3;;;;;;;;
21;П/АП (П), НП (Ц);Jack Langley;Н/Д;€0;;Достаточно профессионален;;;6;;;13.0;22.9;23.5;24.6;;;;;;;;
21;НП (Ц);Serkan Ozer;Н/Д;€0;;Неамбициозный;;;11;;;14.4;24.0;25.0;25.7;;;;;;;;
20;ОП, П (Ц), АП (ПЦ), НП (Ц);Gary McCarthy;Н/Д;€0;;Сдержанный;;;5;;;13.1;20.8;21.6;23.1;;;;;;;;
17;П/АП (П);Adam Douglas;Н/Д;€0;;Нерешительный;;;11;;;14.5;23.9;24.7;26.2;;;;;;;;
21;П (Ц), АП (Л), НП (Ц);Nathan Walker;€11,750 в год;€0;;Достаточно профессионален;;;11;;;15.2;26.3;27.2;28.7;;;;;;;;
18;З (ПЦ), ОП, П (Ц);Oakley Pierre;€300 в год;€0;;Неамбициозный;;;4;;;18.6;26.8;27.4;28.6;;;;;;;;
18;В;Tommy Easterford;Н/Д;€0;;Неамбициозный;;;6;;;32.9;36.4;37.5;39.4;;;;;;;;
20;З (ПЦ);James Clark;Н/Д;€0;;Сдержанный;;;6;;;18.9;28.0;28.8;29.5;;;;;;;;
21;ОП, П (Ц);Connor Fitzgerald;€9,750 в год;€0;;Неамбициозный;;;5;;;16.0;27.2;27.7;28.4;;;;;;;;
21;З/П (Ц);Sean O'Neill;Н/Д;€0;;Сдержанный;;;8;;;17.0;25.2;25.8;26.9;;;;;;;;
20;АП (П), НП (Ц);Anderson Esiti;Н/Д;€0;;Достаточно профессионален;;;5;;;15.4;24.0;24.6;25.3;;;;;;;;
21;З/КЗ (П);Keston Morris;Н/Д;€0;;Темпераментный;;;10;;;13.9;23.4;24.1;25.6;;;;;;;;
18;П/АП (П), НП (Ц);Mitchell Hook;Н/Д;€0;;Нерешительный;;;4;;;13.4;23.4;24.5;25.3;;;;;;;;
18;З/П/АП (П), НП (Ц);Josh Barr;Н/Д;€0;;Достаточно профессионален;;;5;;;15.2;24.6;25.1;25.8;;;;;;;;
21;П/АП (Ц), НП (Ц);Ralph Christie;€30,500 в год;€0;;Ненадежный;;;7;;;16.8;31.8;32.9;34.1;;;;;;;;
21;З (Ц), ОП, П (Ц);Willie Tierney;Н/Д;€0;;Неамбициозный;;;6;;;18.6;29.4;30.6;31.0;;;;;;;;
20;З (ЛЦ), ОП;Danny Uttridge;€27,000 в год;€0;;Сдержанный;;;6;;;17.8;28.2;28.9;29.3;;;;;;;;
18;ОП, П/АП (Ц);Jamie Gray;Н/Д;€0;;Достаточно дисциплинированный;;;9;;;16.0;29.4;30.2;31.0;;;;;;;;
20;З (Ц), ОП, П (Ц), АП (ПЦ);Dave Ferrier;€12,750 в год;€0;;Профессионал;;;5;;;16.1;24.1;24.8;25.9;;;;;;;;
21;В;Toib Castanho;Н/Д;€0;;Сдержанный;;;1;;;36.3;44.4;46.1;50.6;;;;;;;;
21;З (П), П/АП (Ц), НП (Ц);Billy Hill;€10,500 в год;€0;;Нерешительный;;;9;;;15.8;28.2;28.8;29.6;;;;;;;;
20;АП (П), НП (Ц);Franck Lachaud;€23,000 в год;€0;;Неамбициозный;;;10;;;13.6;22.9;23.7;24.4;;;;;;;;
21;З (Ц), ОП;Tom Jones;Н/Д;€0;;Достаточно профессионален;;;3;;;17.4;26.2;26.8;27.6;;;;;;;;
21;П (Ц), АП (ПЦ), НП (Ц);Bentley Lye;€14,250 в год;€0;;Сдержанный;;;4;;;14.0;26.1;27.0;27.3;;;;;;;;
20;З (ПЦ), КЗ (П);Kenny Seaden;€13,500 в год;€0;;Неамбициозный;;;7;;;19.8;29.5;30.0;30.7;;;;;;;;
18;АП (П), НП (Ц);Marc McCormick;Н/Д;€0;;Нерешительный;;;6;;;15.2;25.6;26.6;27.3;;;;;;;;
21;КЗ (П), ОП, П (ЛЦ);Ross Hallam;Н/Д;€0;;Общительный;;;4;;;18.7;26.1;26.8;27.9;;;;;;;;
18;В;Prince Kayembe;Н/Д;€0;;Тверд в решениях;;;1;;;34.3;38.4;39.5;40.3;;;;;;;;
21;З (Ц);Justin Wilson;€8,750 в год;€0;;Сдержанный;;;6;;;15.6;22.1;22.8;24.0;;;;;;;;
21;З (ПЦ), КЗ (П);Oliver Wallis;Н/Д;€0;;Сдержанный;;;8;;;19.2;28.8;29.4;30.5;;;;;;;;
21;З (Ц);Harvey Maclean;€2,400 в год;€0;;Неамбициозный;;;5;;;17.4;24.1;24.6;25.8;;;;;;;;
20;З/КЗ/П (Л);Mark Kallas;Н/Д;€0;;Наемник;;;5;;;14.7;23.6;24.2;25.0;;;;;;;;
21;П/АП (ПЛ);Aaran Marshall;€17,500 в год;€0;;Профессионал;;;6;;;16.6;26.0;26.7;27.8;;;;;;;;
17;З (ЛЦ);Callum Toyne;Н/Д;€0;;Неамбициозный;;;2;;;16.4;23.2;23.9;24.3;;;;;;;;
18;З/П (Ц);Kelly Belmar;Н/Д;€0;;Достаточно настойчивый;;;7;;;17.5;25.2;25.9;26.7;;;;;;;;
21;П (ПЛЦ), АП (Ц);Hugh Hogarth;Н/Д;€0;;Сдержанный;;;7;;;16.8;30.8;31.7;32.4;;;;;;;;
18;П (П), АП (ПЦ), НП (Ц);Phil Smith;Н/Д;€0;;Низкая самооценка;;;9;;;15.9;26.4;27.4;27.8;;;;;;;;
18;АП (ЛЦ);Thabo Hempe;Н/Д;€0;;Достаточно дисциплинированный;;;14;;;14.8;24.7;25.2;25.9;;;;;;;;
18;З (ПЦ);Simon Chippendale;€8,750 в год;€0;;Тверд в решениях;;;4;;;18.2;25.2;25.7;26.4;;;;;;;;
18;П (Ц), АП (ПЦ), НП (Ц);Joshua McLeod;€8,750 в год;€0;;Сдержанный;;;8;;;16.7;27.1;27.8;28.2;;;;;;;;
21;В;Stuart Goodridge;€5,500 в год;€0;;Нерешительный;;;3;;;40.5;47.6;49.4;51.3;;;;;;;;
21;З (ЛЦ);Charlie Porter;Н/Д;€0;;Достаточно дисциплинированный;;;6;;;18.0;25.4;25.9;27.0;;;;;;;;
21;З (ЛЦ);Clive Jacobson;Н/Д;€0;;Решительный;;;4;;;14.8;21.8;22.3;23.0;;;;;;;;
21;В;Andy Woolley;Н/Д;€0;;Достаточно дисциплинированный;;;5;;;35.0;39.8;40.6;41.0;;;;;;;;
21;П (Л), АП (ПЛ), НП (Ц);Ismaël Keïta;Н/Д;€0;;Непостоянный;;;3;;;10.8;18.4;18.8;19.6;;;;;;;;
21;З (ПЛ);Simon Umunegbu;Н/Д;€0;;Неамбициозный;;;9;;;15.8;24.7;25.5;25.8;;;;;;;;
21;ОП, П/АП (Ц);Florentino Alberto;€15,750 в год;€0;;Ненадежный;;;12;;;16.2;24.9;25.6;26.7;;;;;;;;
21;З (Ц);Brook Pickles;€10,750 в год;€0;;Сдержанный;;;10;;;17.1;24.8;25.4;26.8;;;;;;;;
20;В;Jeremy Hines;Н/Д;€0;;Сдержанный;;;1;;;27.9;34.4;35.3;36.1;;;;;;;;
18;З/КЗ (П), П/АП (Ц);Gary Riddell;€8,750 в год;€0;;Непостоянный;;;6;;;18.0;28.6;29.4;29.8;;;;;;;;
18;В;Adam Doherty;€8,750 в год;€0;;Нерешительный;;;2;;;38.5;45.0;46.3;46.6;;;;;;;;
17;П/АП (Л), НП (Ц);Anthony Brennan;€8,750 в год;€0;;Сдержанный;;;7;;;13.6;25.5;26.4;27.9;;;;;;;;
20;З (ПЛ);Colin Highland;€13,250 в год;€0;;Нерешительный;;;5;;;17.8;25.4;25.9;26.7;;;;;;;;
21;В;Danny Berry;Н/Д;€0;;Сдержанный;;;3;;;38.0;46.4;47.5;48.2;;;;;;;;
18;З (ПЛЦ);Ben Dyer;€8,750 в год;€0;;Неамбициозный;;;4;;;16.1;24.6;25.4;26.1;;;;;;;;
21;П (Ц), НП (Ц);Lamar Morgan-Randell;€18,750 в год;€0;;Достаточно профессионален;;;8;;;15.1;25.8;26.6;27.4;;;;;;;;
18;З (Ц);Martin Harvey;€8,750 в год;€0;;Темпераментный;;;3;;;14.0;21.4;22.2;23.4;;;;;;;;
19;З (ПЦ), ОП, П (Ц);Jeremy Schofield;Н/Д;€0;;Энергичный;;;4;;;16.5;24.7;25.5;27.0;;;;;;;;
21;З (ПЦ);Michael Andersen;€18,000 в год;€0;;Профессионал;;;6;;;15.2;22.5;23.1;24.2;;;;;;;;
21;В;Jake Smith;€3,600 в год;€0;;Неамбициозный;;;2;;;40.3;44.6;45.5;47.8;;;;;;;;
21;З (ЛЦ), ОП, П (Ц);Tareiq Venables;€18,250 в год;€0;;Неамбициозный;;;7;;;16.0;24.2;24.8;25.5;;;;;;;;
21;П/АП (Ц), НП (Ц);David Lewis;Н/Д;€0;;Напористый;;;8;;;14.4;22.5;23.2;24.6;;;;;;;;
21;З/КЗ/П/АП (П);Sean Hegarty;Н/Д;€0;;Неамбициозный;;;6;;;13.1;22.0;22.6;23.4;;;;;;;;
18;В;Ali Gritt;€8,750 в год;€0;;Неамбициозный;;;2;;;40.2;45.7;46.9;47.6;;;;;;;;
18;ОП, П/АП (Ц), НП (Ц);Ali Bridge;€8,750 в год;€0;;Сдержанный;;;8;;;19.5;32.9;34.1;34.8;;;;;;;;
17;ОП, П (Ц);Ben Dunne;€8,750 в год;€0;;Неамбициозный;;;10;;;17.6;30.3;31.4;32.5;;;;;;;;
21;З/КЗ/АП (П), НП (Ц);Ashley Whittaker;Н/Д;€0;;Сдержанный;;;5;;;15.7;23.8;24.3;25.8;;;;;;;;
20;АП (П), НП (Ц);Oliver Kemp;€5,500 в год;€0;;Сдержанный;;;10;;;14.2;23.4;24.0;24.4;;;;;;;;
20;З (ПЦ), ОП;Dylan Beale;Н/Д;€0;;Идеалист;;;5;;;19.6;26.0;26.4;27.2;;;;;;;;
21;ОП, П (Ц), АП (ПЦ), НП (Ц);Bob Crawford;Н/Д;€0;;Неамбициозный;;;5;;;19.8;26.8;27.2;27.6;;;;;;;;
21;З (ЛЦ);Andrew Sharp;Н/Д;€0;;Достаточно дисциплинированный;;;4;;;16.7;25.9;26.7;27.4;;;;;;;;
21;П/АП (ПЦ), НП (Ц);Alan Brown;Н/Д;€0;;Сдержанный;;;5;;;14.5;22.9;23.5;23.8;;;;;;;;
21;В;Jonathan Critchley;€7,500 в год;€0;;Неамбициозный;;;4;;;41.5;48.9;50.2;54.6;;;;;;;;
18;П (Л), АП (ПЛ), НП (Ц);Aaron Pears;€8,750 в год;€0;;Неамбициозный;;;8;;;14.9;21.6;22.1;22.9;;;;;;;;
20;З (ПЦ), П (П);Paddy Cullen;Н/Д;€0;;Нерешительный;;;2;;;16.3;23.3;23.8;24.9;;;;;;;;
21;З (ПЛЦ);Frank Cliff;Н/Д;€0;;Неамбициозный;;;6;;;18.9;26.6;27.3;28.0;;;;;;;;
17;П/АП (П), НП (Ц);Antony Ashton;€8,750 в год;€0;;Достаточно дисциплинированный;;;4;;;12.7;22.5;23.3;24.4;;;;;;;;
18;В;Owen Smith;€8,750 в год;€0;;Неамбициозный;;;1;;;38.1;44.0;45.9;46.2;;;;;;;;
20;З (ПЛ), КЗ (П);Ian Jones;Н/Д;€0;;Сдержанный;;;5;;;16.8;25.8;26.2;27.4;;;;;;;;
18;АП (ПЛ), НП (Ц);Neil Anderson;€8,750 в год;€0;;Неамбициозный;;;7;;;15.6;27.4;28.3;29.0;;;;;;;;
20;П/АП (Л), НП (Ц);Alun Facey;Н/Д;€0;;Ненадежный;;;7;;;14.8;21.0;21.4;22.2;;;;;;;;
21;П (ЛЦ);Bradley Llewellyn;Н/Д;€0;;Достаточно лояльный;;;11;;;14.8;28.4;28.8;30.0;;;;;;;;
21;З (ПЛЦ);Elis Ingram;Н/Д;€0;;Нерешительный;;;4;;;17.6;24.5;25.0;26.2;;;;;;;;
20;П (ЛЦ), АП (Ц), НП (Ц);Jordan Williams;Н/Д;€0;;Сдержанный;;;8;;;15.9;23.9;24.5;24.8;;;;;;;;
21;В;Jason Liadi;Н/Д;€0;;Сдержанный;;;7;;;38.2;44.6;45.5;45.9;;;;;;;;
18;АП (П), НП (Ц);Ross Allan;€8,750 в год;€0;;Неамбициозный;;;9;;;14.4;24.9;25.4;25.8;;;;;;;;
21;З/П (Ц);Iain Thirkell;€10,000 в год;€0;;Достаточно профессионален;;;7;;;15.4;24.2;25.0;25.3;;;;;;;;
21;П/АП (ПЛ);Joe Ryan;Н/Д;€0;;Неамбициозный;;;9;;;13.2;21.9;22.4;23.1;;;;;;;;
21;З/П (Ц);Conor Newell;Н/Д;€0;;Неамбициозный;;;3;;;15.9;23.5;24.2;24.9;;;;;;;;
18;З (ПЦ);Curtis Davis;€8,750 в год;€0;;Неамбициозный;;;3;;;20.0;28.7;29.2;29.6;;;;;;;;
17;П (Ц), АП (ПЛЦ), НП (Ц);Richard Cunningham;€8,750 в год;€0;;Сдержанный;;;8;;;13.0;23.8;24.7;25.1;;;;;;;;
17;АП (Л);Kevin Liddell;€8,750 в год;€0;;Достаточно лояльный;;;10;;;18.9;33.7;34.8;35.5;;;;;;;;
18;В;Nikolas Loizou;€8,750 в год;€0;;Неамбициозный;;;4;;;42.6;46.7;47.8;49.4;;;;;;;;
18;З (ПЦ), КЗ (П);Ryan Dodd;€8,750 в год;€0;;Достаточно профессионален;;;5;;;17.5;25.1;26.0;26.4;;;;;;;;
21;ОП, П/АП (Ц);Dan Charles;Н/Д;€0;;Сдержанный;;;8;;;18.0;32.2;33.2;34.7;;;;;;;;
20;З (ПЦ), ОП;Sinclaire Ansell;Н/Д;€0;;Неамбициозный;;;7;;;16.4;22.9;23.5;24.3;;;;;;;;
21;В;Alex Hall;Н/Д;€0;;Напористый;;;5;;;36.8;44.6;46.4;48.7;;;;;;;;
21;З (П), ОП, П/АП (Ц);Thomas Asiedu;Н/Д;€0;;Сдержанный;;;6;;;16.2;23.8;24.4;26.0;;;;;;;;
18;З (ЛЦ), КЗ (Л);Norman Hannah;€8,750 в год;€0;;Нерешительный;;;6;;;19.9;29.8;30.8;31.1;;;;;;;;
18;З (Ц);Ryan Barrowman;€8,750 в год;€0;;Нерешительный;;;3;;;17.7;25.6;26.4;27.2;;;;;;;;
18;З (Ц);Hans Ayew;€8,750 в год;€0;;Сдержанный;;;6;;;16.9;25.5;26.5;26.9;;;;;;;;
21;НП (Ц);Ben Lyndon;€6,750 в год;€0;;Энергичный;;;11;;;14.0;23.6;24.5;25.6;;;;;;;;
20;З (ПЦ), КЗ (П);Paco Carrera;Н/Д;€0;;Сдержанный;;;11;;;15.1;22.5;23.0;23.4;;;;;;;;
20;В;Gerald Turner;Н/Д;€0;;Неамбициозный;;;1;;;33.0;39.2;40.6;43.6;;;;;;;;
21;П (Ц), АП (ПЦ), НП (Ц);Martin Logue;Н/Д;€0;;Неамбициозный;;;9;;;13.2;26.7;27.6;28.4;;;;;;;;
21;П (Ц), АП (Л), НП (Ц);Rohan Bradley-Green;Н/Д;€0;;Непостоянный;;;5;;;13.8;21.9;22.4;22.8;;;;;;;;
21;З/КЗ/П (Л);Steve Mellor;Н/Д;€0;;Сдержанный;;;8;;;17.0;25.5;26.0;26.8;;;;;;;;
21;НП (Ц);Declan Parry;Н/Д;€0;;Сдержанный;;;4;;;13.1;20.8;21.3;21.7;;;;;;;;
20;З (ПЛ), КЗ (Л);Mark Pringle;Н/Д;€0;;Энергичный;;;4;;;17.4;25.8;26.3;27.4;;;;;;;;
21;З (ПЦ);Liam Hemsley;Н/Д;€0;;Сдержанный;;;4;;;16.0;22.9;23.5;23.9;;;;;;;;
20;В;Mike Terry;€2,800 в год;€0;;Неамбициозный;;;5;;;35.2;43.7;45.2;45.6;;;;;;;;
21;АП (Ц), НП (Ц);Danny Palmer;€9,500 в год;€0;;Неамбициозный;;;10;;;14.2;26.7;28.0;28.8;;;;;;;;
21;З (ПЦ), КЗ (П);Eoin Wise-Kane;Н/Д;€0;;Достаточно настойчивый;;;6;;;19.4;27.6;28.3;28.6;;;;;;;;
21;П (Л), АП (ПЛ), НП (Ц);Bruno Molina;€22,000 в год;€0;;Тверд в решениях;;;5;;;13.4;24.0;24.8;26.0;;;;;;;;
18;П (Ц), АП (П), НП (Ц);Ryan Swan;€8,750 в год;€0;;Низкая самооценка;;;8;;;15.4;27.2;27.9;28.3;;;;;;;;
20;З (ПЛ), КЗ (Л);Callum McCarthy;Н/Д;€0;;Нерешительный;;;1;;;14.9;21.6;22.0;23.5;;;;;;;;
18;З (ПЦ);Corey Burrows-Atyeo;€8,750 в год;€0;;Неамбициозный;;;5;;;15.9;22.3;22.8;23.9;;;;;;;;
17;В;Patrick Kirya;€8,750 в год;€0;;Сдержанный;;;1;;;28.8;33.5;34.7;36.2;;;;;;;;
17;З/КЗ/АП (Л);Robbie Warner-Nisbet;€8,750 в год;€0;;Достаточно профессионален;;;9;;;15.2;25.7;26.4;26.8;;;;;;;;
21;З/КЗ/П (П);Chris Redhead;Н/Д;€0;;Неамбициозный;;;5;;;20.2;27.3;27.6;28.8;;;;;;;;
21;В;Charlie Walker;Н/Д;€0;;Достаточно амбициозный;;;1;;;41.0;47.8;50.0;53.4;;;;;;;;
21;П/АП (Ц), НП (Ц);Jacob Fielding;Н/Д;€0;;Неамбициозный;;;9;;;14.2;26.8;27.8;28.5;;;;;;;;
21;З (ПЦ);Nefyn Powell;€6,750 в год;€0;;Нерешительный;;;7;;;15.0;23.4;24.1;25.2;;;;;;;;
21;З (Ц);Dhanesh Dilrosun;Н/Д;€0;;Темпераментный;;;5;;;17.1;25.7;26.4;27.2;;;;;;;;
21;З (Ц), ОП, П (Ц);Anthony McCreadie;Н/Д;€0;;Легкомысленный;;;7;;;17.3;28.9;29.7;30.4;;;;;;;;
21;В;Matt Maher;Н/Д;€0;;Сдержанный;;;6;;;41.6;46.0;47.0;47.4;;;;;;;;
18;АП (Л), НП (Ц);Cameron Miller;€8,750 в год;€0;;Достаточно настойчивый;;;9;;;16.2;28.6;29.4;30.5;;;;;;;;
21;З (ПЦ);Azeez Abdullahi;Н/Д;€0;;Неамбициозный;;;6;;;15.5;25.7;26.5;26.8;;;;;;;;
21;З (ЛЦ), ОП;Will Roberts;Н/Д;€0;;Сдержанный;;;9;;;17.4;26.6;27.6;27.9;;;;;;;;
18;П/АП (П);Franklin Yahaya;€8,750 в год;€0;;Сдержанный;;;7;;;14.5;21.9;22.3;23.4;;;;;;;;
21;З (ПЛ), КЗ (Л), ОП, П (Ц);Dean Kelly;Н/Д;€0;;Сдержанный;;;9;;;18.3;27.8;28.7;29.1;;;;;;;;
18;НП (Ц);Narcisse Ouattara;€8,750 в год;€0;;Энергичный;;;8;;;13.8;26.3;27.0;27.3;;;;;;;;
20;З (ЛЦ);Bright Timitimi;Н/Д;€0;;Достаточно настойчивый;;;4;;;13.4;21.0;21.4;22.2;;;;;;;;
21;П/АП (П), НП (Ц);Andy Barnes;€18,000 в год;€0;;Неамбициозный;;;9;;;14.2;25.2;26.2;26.6;;;;;;;;
21;П (Л), АП (ПЛ), НП (Ц);Kevin Shepherd;Н/Д;€0;;Достаточно лояльный;;;7;;;15.2;24.4;25.0;25.3;;;;;;;;
21;З/П (Ц);Abdul Okolie;Н/Д;€0;;Достаточно дисциплинированный;;;6;;;18.6;27.7;28.4;28.8;;;;;;;;
20;П (Ц), АП (ПЦ), НП (Ц);Leighton Isaacs;Н/Д;€0;;Легкомысленный;;;9;;;13.6;26.6;27.5;28.2;;;;;;;;
21;ОП, П (Ц);James Edwards;Н/Д;€0;;Достаточно настойчивый;;;7;;;18.6;30.5;31.3;32.8;;;;;;;;
21;КЗ/П/АП (П), НП (Ц);Ade Malcolm;Н/Д;€0;;Сдержанный;;;6;;;15.5;25.1;26.0;27.5;;;;;;;;
18;В;Callum Brass;€8,750 в год;€0;;Достаточно профессионален;;;1;;;42.3;45.6;46.7;47.1;;;;;;;;
18;З (Ц);Christopher Pettigrew;Н/Д;€0;;Легкомысленный;;;5;;;13.3;22.0;23.0;23.3;;;;;;;;
21;З (Ц), ОП, П (Ц);Stephen Quinn;Н/Д;€0;;Достаточно лояльный;;;10;;;16.4;24.5;25.3;26.0;;;;;;;;
21;З (ЛЦ);Xavier Warre;€14,250 в год;€0;;Нерешительный;;;5;;;19.5;27.5;28.2;28.9;;;;;;;;
21;З (Ц), НП (Ц);Ali Şen;Н/Д;€0;;Неамбициозный;;;4;;;15.3;23.3;23.9;24.3;;;;;;;;
21;АП (П), НП (Ц);Joe Maggs;Н/Д;€0;;Неамбициозный;;;13;;;12.7;22.2;22.8;23.9;;;;;;;;
21;З (Ц), ОП, П (ЛЦ);Stewart Lattie;Н/Д;€0;;Легкомысленный;;;7;;;16.4;26.1;26.7;27.4;;;;;;;;
17;НП (Ц);Igor Kovac;Н/Д;€0;;Амбициозный;;;5;;;11.0;19.9;20.7;21.1;;;;;;;;
21;З/КЗ (П), ОП;Charles Alli;€17,250 в год;€0;;Неамбициозный;;;10;;;17.6;25.4;26.0;26.8;;;;;;;;
21;АП (П), НП (Ц);Jordan Jenkins;€13,750 в год;€0;;Достаточно профессионален;;;7;;;15.2;27.8;29.0;30.1;;;;;;;;
21;П/АП (ПЦ);Aiden Hallett;€7,000 в год;€0;;Наемник;;;5;;;15.4;23.7;24.2;25.3;;;;;;;;
20;В;Fabian Anthony Chalaye;Н/Д;€0;;Неамбициозный;;;1;;;36.6;40.3;41.5;47.1;;;;;;;;
18;З (ЛЦ), КЗ (Л);Moses Ohene;Н/Д;€0;;Низкая самооценка;;;9;;;14.8;23.0;23.8;24.9;;;;;;;;
21;З (ЛЦ), КЗ (Л);Ben Spencer;€7,000 в год;€0;;Нерешительный;;;6;;;16.8;24.0;24.4;24.8;;;;;;;;
21;П/АП (Л), НП (Ц);Stuart Powles;Н/Д;€0;;Ненадежный;;;9;;;14.7;24.7;25.6;26.7;;;;;;;;
20;З/КЗ (П), П (ПЦ), АП (П);Adam Campbell;€4,400 в год;€0;;Сдержанный;;;11;;;12.3;20.6;21.2;21.5;;;;;;;;
21;П/АП (Л), НП (Ц);Jure Potokar;Н/Д;€0;;Нерешительный;;;11;;;12.1;20.2;20.9;22.0;;;;;;;;
21;З (ПЦ);Lukáš Ulich;Н/Д;€0;;Неамбициозный;;;5;;;12.9;21.0;21.6;21.9;;;;;;;;
18;В;Vince Sammons;Н/Д;€0;;Достаточно дисциплинированный;;;1;;;40.9;46.4;48.0;51.7;;;;;;;;
18;З (Ц), ОП, П (Ц);Jonathan Proctor;Н/Д;€0;;Достаточно настойчивый;;;6;;;17.4;24.6;25.1;25.5;;;;;;;;
21;З (Ц), ОП, П/АП (Ц);Taylor Chandler;€11,250 в год;€0;;Ненадежный;;;11;;;10.0;18.8;19.5;20.6;;;;;;;;
21;З/КЗ (П);Conor Schlingermann;Н/Д;€0;;Сдержанный;;;9;;;10.8;19.0;19.5;20.2;;;;;;;;
21;З (ПЦ);Amar Smith;€9,250 в год;€0;;Низкая самооценка;;;4;;;15.9;24.4;25.2;25.6;;;;;;;;
20;П/АП (П), НП (Ц);Alfie Lonsdale-Silver;Н/Д;€0;;Неамбициозный;;;6;;;15.6;24.8;25.6;26.7;;;;;;;;
21;П (ПЦ), АП (П), НП (Ц);Chancel Kashindi;€11,250 в год;€0;;Достаточно дисциплинированный;;;9;;;12.1;18.4;18.9;19.6;;;;;;;;
21;П/АП (П), НП (Ц);Reece Scott;Н/Д;€0;;Неамбициозный;;;4;;;14.3;20.8;21.4;21.8;;;;;;;;
21;З (Л);Steven Abraham;Н/Д;€0;;Неамбициозный;;;3;;;17.7;25.8;26.5;27.3;;;;;;;;
21;П (ЛЦ), АП (ПЦ);Terrell Ward;Н/Д;€0;;Сдержанный;;;6;;;12.7;20.0;20.3;21.1;;;;;;;;
21;З (ПЦ);Brian Gayle;€14,250 в год;€0;;Легкомысленный;;;7;;;20.8;31.4;32.1;32.9;;;;;;;;
21;П/АП (П), НП (Ц);Ian Dodd;€14,000 в год;€0;;Сдержанный;;;8;;;16.9;25.7;26.4;27.1;;;;;;;;
21;В;Lloyd Franco;Н/Д;€0;;Неамбициозный;;;2;;;40.9;48.2;49.8;50.6;;;;;;;;
18;ОП, П/АП (Ц);Karl Taylor;Н/Д;€0;;Непостоянный;;;13;;;14.8;28.2;28.8;30.0;;;;;;;;
20;З (ЛЦ), П (Ц);Stewart Towey;Н/Д;€0;;Достаточно дисциплинированный;;;6;;;18.6;27.4;28.2;28.6;;;;;;;;
21;КЗ (П), ОП, П/АП (Ц);Billy Rosimus;Н/Д;€0;;Нерешительный;;;6;;;17.1;24.6;25.0;25.8;;;;;;;;
21;З (ПЛЦ), ОП, П (Ц);James Edet;Н/Д;€0;;Темпераментный;;;5;;;15.7;24.0;24.7;25.5;;;;;;;;
21;З/П (Ц);Gary Marshall;Н/Д;€0;;Сдержанный;;;5;;;16.9;24.6;25.1;25.5;;;;;;;;
21;АП (Л), НП (Ц);Oliver Westley;Н/Д;€0;;Неамбициозный;;;9;;;14.0;23.9;24.6;25.3;;;;;;;;
21;В;Mitch Davies;Н/Д;€0;;Темпераментный;;;1;;;39.3;44.8;46.5;48.0;;;;;;;;
18;З (Ц);Mike Rowe;Н/Д;€0;;Достаточно амбициозный;;;7;;;20.2;30.9;31.7;32.8;;;;;;;;
20;П/АП (Ц);Kingsley Ukaegbu;€6,000 в год;€0;;Достаточно амбициозный;;;14;;;15.9;29.0;29.7;30.1;;;;;;;;
21;П/АП (ПЛ), НП (Ц);Mark Williams;Н/Д;€0;;Достаточно настойчивый;;;6;;;12.3;21.1;21.6;22.3;;;;;;;;
21;ОП, П (Ц);Steve Evans;Н/Д;€0;;Сдержанный;;;5;;;20.5;28.8;29.4;30.2;;;;;;;;
21;В;Alex Short;€10,750 в год;€0;;Неамбициозный;;;3;;;44.5;51.4;53.3;53.7;;;;;;;;
21;АП (ЛЦ), НП (Ц);Joel Davies;Н/Д;€0;;Достаточно настойчивый;;;9;;;14.9;28.6;29.6;30.7;;;;;;;;
20;З (ЛЦ), КЗ (Л);Niah Haigh;Н/Д;€0;;Тверд в решениях;;;3;;;18.0;26.2;26.9;27.6;;;;;;;;
20;З (Ц), ОП, П/АП (Ц);Dan Wilson;Н/Д;€0;;Нерешительный;;;8;;;19.2;29.2;30.2;30.9;;;;;;;;
21;З (ПЦ);Jon Wyatt;€18,000 в год;€0;;Легкомысленный;;;5;;;15.6;24.8;25.6;26.3;;;;;;;;
21;ОП, П (ЛЦ);Spencer Elliott;Н/Д;€0;;Сдержанный;;;9;;;19.3;30.0;30.5;31.6;;;;;;;;
21;З (Ц);Ryan Panesar;Н/Д;€0;;Низкая самооценка;;;4;;;16.9;25.3;26.1;26.4;;;;;;;;
21;З (ПЦ), П (Ц);Daryl Preston;Н/Д;€0;;Неамбициозный;;;8;;;14.0;20.6;21.2;22.4;;;;;;;;
20;З (ПЦ);Dan Howarth;Н/Д;€0;;Решительный;;;8;;;19.4;27.7;28.2;28.6;;;;;;;;
21;З/КЗ (Л);Shane D'Arcy;Н/Д;€0;;Нерешительный;;;5;;;17.1;25.2;25.7;26.8;;;;;;;;
20;КЗ (П), П/АП (Ц);Archie Buck;Н/Д;€0;;Нерешительный;;;9;;;13.0;25.1;26.0;27.1;;;;;;;;
21;З (ПЦ), КЗ (П);Rhys Tooze;Н/Д;€0;;Сдержанный;;;7;;;15.9;24.3;25.0;26.2;;;;;;;;
21;П/АП (Л), НП (Ц);Nicolas Ball;Н/Д;€0;;Неамбициозный;;;4;;;10.6;19.5;20.1;21.2;;;;;;;;
21;З (Ц), ОП, П (Ц);Benjamin Peacock;€10,750 в год;€0;;Неамбициозный;;;10;;;18.7;33.9;35.2;36.0;;;;;;;;
18;З (ЛЦ);David Naylor;Н/Д;€0;;Нерешительный;;;4;;;17.4;25.4;25.9;27.0;;;;;;;;
21;П (Ц), НП (Ц);Alex Deacon;Н/Д;€0;;Неамбициозный;;;8;;;17.7;30.0;30.7;31.4;;;;;;;;
21;З (ПЦ);Olly Earley;€16,000 в год;€0;;Достаточно профессионален;;;7;;;17.6;28.0;28.7;29.4;;;;;;;;
21;З (Ц), ОП, П (ЛЦ);Liam Davis;Н/Д;€0;;Сдержанный;;;6;;;17.3;26.9;27.8;28.2;;;;;;;;
21;В;Tim van Dijk;€14,000 в год;€0;;Сдержанный;;;3;;;39.0;49.6;51.9;56.4;;;;;;;;
18;З/КЗ (Л);Ally McParland;€300 в год;€0;;Ненадежный;;;6;;;18.2;28.4;29.0;29.8;;;;;;;;
21;П (ПЛЦ), АП (Ц);Lloyd Lambert;Н/Д;€0;;Неамбициозный;;;8;;;13.1;23.4;24.4;24.7;;;;;;;;
21;АП (Ц), НП (Ц);Gareth Prior;Н/Д;€0;;Достаточно профессионален;;;9;;;18.0;26.6;27.2;28.0;;;;;;;;
18;П/АП (Ц);Kyi Stubbs;€300 в год;€0;;Достаточно дисциплинированный;;;8;;;14.2;24.7;25.4;25.8;;;;;;;;
21;З/П (Ц);Barrie Travis;Н/Д;€0;;Достаточно профессионален;;;5;;;13.2;22.4;23.0;23.4;;;;;;;;
17;З (ПЦ), ОП;Emile Haman;€300 в год;€0;;Неамбициозный;;;6;;;17.4;26.8;27.6;28.7;;;;;;;;
21;З (Ц), ОП, П/АП (Ц);Rob Nightingale;Н/Д;€0;;Неамбициозный;;;7;;;15.9;28.0;28.7;29.8;;;;;;;;
20;В;Ackenie Welshman;Н/Д;€0;;Неамбициозный;;;3;;;33.5;41.4;43.2;43.6;;;;;;;;
21;АП (П), НП (Ц);Gary Tonks;Н/Д;€0;;Темпераментный;;;8;;;12.5;20.4;21.0;21.4;;;;;;;;
21;З (ЛЦ), КЗ (Л);Ashley Pierce;€16,750 в год;€0;;Темпераментный;;;6;;;16.9;26.5;27.2;27.6;;;;;;;;
21;П (Ц), АП (ПЦ), НП (Ц);Michael Aremu;€9,000 в год;€0;;Достаточно настойчивый;;;7;;;14.2;24.3;25.2;26.3;;;;;;;;
21;З (ПЦ), П (Ц);David McLoughlin;€13,250 в год;€0;;Неамбициозный;;;7;;;14.2;20.8;21.2;21.6;;;;;;;;
20;З (ПЦ);Melvin Sansom;€11,500 в год;€0;;Достаточно настойчивый;;;5;;;17.0;27.0;27.9;28.3;;;;;;;;
18;З/КЗ (П), ОП, П (Ц);Bubacar Mendy;€300 в год;€0;;Темпераментный;;;5;;;16.6;23.2;23.6;24.4;;;;;;;;
17;З (ЛЦ);Mark Wells;€300 в год;€0;;Нерешительный;;;5;;;18.9;29.2;30.0;31.1;;;;;;;;
18;В;Tim Reidy;Н/Д;€0;;Сдержанный;;;2;;;35.2;39.2;40.1;44.6;;;;;;;;
21;АП (П), НП (Ц);Luca Stacey;Н/Д;€0;;Неамбициозный;;;7;;;17.9;28.2;28.9;29.6;;;;;;;;
21;ОП, П (ЛЦ);Aaron Doyle;Н/Д;€0;;Нерешительный;;;6;;;14.8;21.5;22.0;23.1;;;;;;;;
21;В;Cameron Richards;Н/Д;€0;;Сдержанный;;;2;;;34.7;39.1;40.3;40.7;;;;;;;;
18;З (ПЦ);Adam Casella;Н/Д;€0;;Сдержанный;;;6;;;19.6;26.7;27.2;27.5;;;;;;;;
17;З (Ц), ОП, П (Ц), АП (П);Ricardo Peixoto;Н/Д;€0;;Нерешительный;;;10;;;15.4;27.4;28.4;28.8;;;;;;;;
21;З (Ц), НП (Ц);Danny Allen;Н/Д;€0;;Сдержанный;;;8;;;14.1;23.2;24.0;24.4;;;;;;;;
21;З (ЛЦ);Jason Moody;Н/Д;€0;;Неамбициозный;;;4;;;17.0;22.7;23.3;24.0;;;;;;;;
21;З (ПЦ);Ryan Dutton;€6,000 в год;€0;;Ненадежный;;;7;;;20.2;30.8;31.8;32.5;;;;;;;;
21;З (ЛЦ), ОП, АП (П);Antonio Galindo;Н/Д;€0;;Нерешительный;;;9;;;16.7;25.5;26.2;27.0;;;;;;;;
20;З (ПЦ);Simon Warren;Н/Д;€0;;Сдержанный;;;4;;;15.9;22.8;23.6;24.4;;;;;;;;
21;П (ПЦ), АП (П);Adam Jones;Н/Д;€0;;Ненадежный;;;7;;;10.1;19.3;20.0;21.1;;;;;;;;
21;З (Ц), ОП;Ryan Pisani;€14,000 в год;€0;;Сдержанный;;;7;;;17.4;26.6;27.4;27.8;;;;;;;;
21;П/АП (ПЦ);Luca Bloor;€18,500 в год;€0;;Неамбициозный;;;13;;;15.4;29.0;29.9;30.3;;;;;;;;
21;В;Fred Banza;Н/Д;€0;;Ненадежный;;;8;;;40.1;46.4;47.5;50.2;;;;;;;;
18;П (ПЦ), АП (Ц), НП (Ц);Charlie Jackson;Н/Д;€0;;Сдержанный;;;13;;;13.7;23.6;24.6;25.3;;;;;;;;
21;З (ПЦ);Michael White;€4,900 в год;€0;;Низкая самооценка;;;6;;;18.5;27.2;28.0;29.1;;;;;;;;
20;П (П), АП (ПЦ), НП (Ц);Dave Pilkington;€6,750 в год;€0;;Достаточно профессионален;;;7;;;15.0;26.3;27.0;27.4;;;;;;;;
17;АП (П), НП (Ц);Jack Teague;Н/Д;€0;;Достаточно профессионален;;;7;;;13.0;21.1;22.0;23.1;;;;;;;;
21;П/АП (П);Aaron Morris;Н/Д;€0;;Достаточно дисциплинированный;;;6;;;14.2;23.3;23.8;24.6;;;;;;;;
21;П/АП (Ц), НП (Ц);Dan Shenton;Н/Д;€0;;Нерешительный;;;8;;;15.6;28.8;29.6;30.7;;;;;;;;
18;В;Liam Madley;€8,750 в год;€0;;Ненадежный;;;1;;;40.2;48.8;50.5;55.7;;;;;;;;
21;З (ЛЦ), П/АП (Л);Mike Adeyemo;Н/Д;€0;;Непостоянный;;;5;;;15.7;22.6;23.1;23.5;;;;;;;;
18;В;Romaine Gabbidon;€8,750 в год;€0;;Сдержанный;;;6;;;32.5;37.6;38.7;39.1;;;;;;;;
21;В;Pat Lynch;Н/Д;€0;;Достаточно амбициозный;;;2;;;39.7;43.9;44.9;45.6;;;;;;;;
21;З (ПЛЦ);Greg Smith;Н/Д;€0;;Сдержанный;;;6;;;17.8;26.1;26.6;27.7;;;;;;;;
21;П (Л), АП (ЛЦ), НП (Ц);Graham Hicks;Н/Д;€0;;Неамбициозный;;;11;;;11.5;23.9;24.6;25.3;;;;;;;;
21;В;Chris Latimer;€12,500 в год;€0;;Неамбициозный;;;2;;;40.9;51.4;52.6;53.0;;;;;;;;
18;П (Ц), АП (П), НП (Ц);Olly Parmenter;€8,750 в год;€0;;Сдержанный;;;5;;;15.0;23.4;24.1;24.4;;;;;;;;
21;КЗ (П);Billy Harris;Н/Д;€0;;Нерешительный;;;6;;;14.4;23.0;23.7;24.8;;;;;;;;
17;НП (Ц);Andy McKnight;€8,750 в год;€0;;Нерешительный;;;7;;;15.3;25.2;25.9;27.0;;;;;;;;
21;НП (Ц);Seán Cunningham;Н/Д;€0;;Сдержанный;;;8;;;13.1;20.2;20.9;22.0;;;;;;;;
21;З/КЗ/П/АП (Л);Evan Palmer;€15,500 в год;€0;;Сдержанный;;;9;;;16.0;26.4;27.4;28.1;;;;;;;;
20;АП (ПЛ), НП (Ц);Peter Elmes;Н/Д;€0;;Сдержанный;;;8;;;11.0;19.2;19.9;20.3;;;;;;;;
21;ОП, П (ПЦ), АП (Ц);Ben Cole;€7,250 в год;€0;;Неамбициозный;;;13;;;15.2;26.6;27.3;28.0;;;;;;;;
21;З (Ц);John Skytte;Н/Д;€0;;Спортивный;;;5;;;17.8;25.8;26.5;27.6;;;;;;;;
21;В;Darren Wales;€4,800 в год;€0;;Неамбициозный;;;4;;;36.8;46.2;48.2;50.8;;;;;;;;
20;З (ЛЦ);Dean Wood;€3,300 в год;€0;;Нерешительный;;;8;;;16.0;24.2;24.7;25.5;;;;;;;;
20;З (П);Cameron Gibson;Н/Д;€0;;Неамбициозный;;;9;;;19.3;30.5;31.1;31.5;;;;;;;;
21;П/АП (П);Henry Gibson;Н/Д;€0;;Неамбициозный;;;9;;;13.8;25.2;25.9;26.3;;;;;;;;
18;АП (П), НП (Ц);Stephen Llewellyn;€8,750 в год;€0;;Достаточно профессионален;;;7;;;13.8;21.6;22.2;23.3;;;;;;;;
21;З/П (Ц);Alan Sollars;€8,750 в год;€0;;Профессионал;;;7;;;14.2;21.9;22.5;24.0;;;;;;;;
21;З/П (Л), АП (ПЛ);Jouni Lundberg;Н/Д;€0;;Достаточно профессионален;;;5;;;13.7;23.5;24.2;24.5;;;;;;;;
20;В;Bradley Mahon;Н/Д;€0;;Неамбициозный;;;3;;;35.2;42.6;44.0;47.0;;;;;;;;
21;П (Ц), АП (ПЛ), НП (Ц);Marc Kamara;Н/Д;€0;;Спортивный;;;6;;;14.1;24.5;25.2;26.0;;;;;;;;
21;З (ЛЦ);Charlie Downing;Н/Д;€0;;Достаточно профессионален;;;5;;;15.5;23.4;24.1;24.8;;;;;;;;
21;П (ЛЦ), АП (ПЦ);Elliott Curry;Н/Д;€0;;Неамбициозный;;;11;;;12.2;21.3;21.9;23.0;;;;;;;;
21;АП (ПЛ), НП (Ц);Mark Bennett;Н/Д;€0;;Сдержанный;;;8;;;11.4;20.3;21.0;21.4;;;;;;;;
21;З (ПЛЦ), П (Ц);Will Pritchard;Н/Д;€0;;Достаточно лояльный;;;5;;;18.4;24.3;24.8;25.6;;;;;;;;
21;З (Ц), ОП, П (Ц);Wade Inglethorpe;Н/Д;€0;;Достаточно лояльный;;;4;;;16.1;22.8;23.3;23.7;;;;;;;;
21;АП (П), НП (Ц);Jamie Ellis;Н/Д;€0;;Сдержанный;;;4;;;11.7;20.8;21.4;22.6;;;;;;;;
21;З (ЛЦ);Dale Marlow;Н/Д;€0;;Сдержанный;;;5;;;14.8;22.4;23.0;24.2;;;;;;;;
21;АП (ПЛ), НП (Ц);Patrick Henry;Н/Д;€0;;Достаточно лояльный;;;4;;;13.1;21.6;21.9;22.3;;;;;;;;
21;В;Sion Burgess-Owen;Н/Д;€0;;Сдержанный;;;1;;;35.2;38.7;40.2;40.5;;;;;;;;
21;З (ПЦ), П (Ц);Bigger Ilunga;Н/Д;€0;;Сдержанный;;;6;;;16.2;23.3;23.7;24.5;;;;;;;;
21;З/КЗ/П (П), АП (ПЦ), НП (Ц);Emeka Ali;Н/Д;€0;;Сдержанный;;;8;;;13.4;23.9;24.4;25.2;;;;;;;;
21;В;Kingsley Watts;Н/Д;€0;;Сдержанный;;;4;;;41.0;48.2;49.5;51.4;;;;;;;;
21;З (П), ОП, П/АП (Ц);Danny Hirst;Н/Д;€0;;Достаточно профессионален;;;8;;;15.4;28.6;29.6;30.8;;;;;;;;
21;П (ПЛ), АП (ПЛЦ), НП (Ц);Vahidin Bašić;Н/Д;€0;;Неамбициозный;;;10;;;16.8;29.3;30.1;30.5;;;;;;;;
21;ОП, П (Ц);Victor Roger;€11,750 в год;€0;;Достаточно профессионален;;;6;;;18.6;27.4;28.1;28.4;;;;;;;;
20;З/П (Ц);Francis Karim;Н/Д;€0;;Неамбициозный;;;7;;;16.1;29.9;30.7;31.5;;;;;;;;
21;З (Л);Sean Rudd;Н/Д;€0;;Общительный;;;8;;;15.4;25.5;26.2;27.3;;;;;;;;
21;В;Cameron McMaster;€4,600 в год;€0;;Неамбициозный;;;2;;;36.8;44.4;46.5;46.9;;;;;;;;
21;П (Ц), АП (ПЦ), НП (Ц);Kyle Hatton;Н/Д;€0;;Неамбициозный;;;8;;;14.9;25.5;26.2;27.0;;;;;;;;
21;З (Ц), ОП, П (Ц);Josh Gumbs;Н/Д;€0;;Неамбициозный;;;8;;;19.0;30.6;31.3;31.7;;;;;;;;
20;ОП, П (ЛЦ), АП (ПЦ);Daniel Doran;Н/Д;€0;;Сдержанный;;;4;;;11.6;19.8;20.6;21.3;;;;;;;;
21;З/П (Ц), НП (Ц);Murphy Kabongo;€19,250 в год;€0;;Тверд в решениях;;;8;;;17.6;28.6;29.3;30.4;;;;;;;;
21;АП (П), НП (Ц);Jonathan Collett;Н/Д;€0;;Неамбициозный;;;6;;;13.9;22.6;23.2;24.0;;;;;;;;
21;П/АП (Ц);Sylvester Orji;€4,400 в год;€0;;Сдержанный;;;5;;;19.4;27.1;28.0;29.1;;;;;;;;
18;П (Ц);Kendukar Benjamin;€8,750 в год;€0;;Профессионал;;;7;;;17.3;30.6;31.4;32.5;;;;;;;;
18;АП (П), НП (Ц);Freddie McMillan;€8,750 в год;€0;;Сдержанный;;;9;;;16.2;22.7;23.2;23.5;;;;;;;;
21;АП (ПЦ), НП (Ц);Joe Stevenson;Н/Д;€0;;Ненадежный;;;7;;;16.4;27.0;27.8;28.6;;;;;;;;
21;З (ПЦ), КЗ (П);Robert Rushe;Н/Д;€0;;Нерешительный;;;8;;;14.4;21.7;22.3;23.0;;;;;;;;
20;В;Brad Christou;Н/Д;€0;;Тверд в решениях;;;2;;;37.4;44.3;46.0;46.8;;;;;;;;
20;АП (ПЛ), НП (Ц);Iwan Murphy;Н/Д;€0;;Неамбициозный;;;10;;;15.3;26.6;27.5;28.2;;;;;;;;
21;З (Ц);Jack Roberts;Н/Д;€0;;Нерешительный;;;5;;;15.6;24.3;25.1;25.4;;;;;;;;
21;З (ЛЦ);Danny McKenzie;Н/Д;€0;;Неамбициозный;;;5;;;14.4;21.9;22.4;23.2;;;;;;;;
21;АП (П), НП (Ц);Ronnie Cameron;Н/Д;€0;;Наемник;;;6;;;14.5;25.7;26.7;27.1;;;;;;;;
21;П (ПЦ), АП (П);Stewart Shorrock;€8,000 в год;€0;;Неамбициозный;;;8;;;15.5;24.4;25.1;26.2;;;;;;;;
17;КЗ/П/АП (Л);Jack Horne;€8,750 в год;€0;;Сдержанный;;;8;;;13.9;23.3;24.1;25.2;;;;;;;;
18;В;Adam Malone;€8,750 в год;€0;;Нерешительный;;;1;;;36.0;41.4;42.3;43.0;;;;;;;;
21;З (ЛЦ);Lynton Motson;€8,500 в год;€0;;Неамбициозный;;;4;;;16.7;25.0;25.5;26.6;;;;;;;;
18;АП (Ц), НП (Ц);Callum Holland;€8,750 в год;€0;;Ненадежный;;;14;;;16.1;25.7;26.5;27.2;;;;;;;;
21;З (Л);Richie Mackay;€2,200 в год;€0;;Достаточно настойчивый;;;7;;;18.4;27.8;28.3;28.7;;;;;;;;
21;З (ПЛЦ), КЗ (Л), ОП, П (Ц);Paul Steel;€13,250 в год;€0;;Сдержанный;;;6;;;15.6;21.0;21.4;21.7;;;;;;;;
20;З (Ц), ОП;Gareth Belcher;€13,250 в год;€0;;Достаточно профессионален;;;5;;;14.9;21.6;22.1;22.8;;;;;;;;
21;П (Ц), АП (ЛЦ), НП (Ц);Bryan Thomas;Н/Д;€0;;Достаточно профессионален;;;9;;;16.0;28.5;29.2;29.6;;;;;;;;
18;З (ПЦ);Myron Benjamin;€8,750 в год;€0;;Ненадежный;;;6;;;15.4;25.9;26.8;27.1;;;;;;;;
21;З (ПЛЦ);Gary Dlamini;Н/Д;€0;;Сдержанный;;;5;;;16.8;24.6;25.2;26.0;;;;;;;;
21;З (П), ОП, П (ЛЦ), АП (Л);Andrew Doolin;Н/Д;€0;;Сдержанный;;;5;;;17.1;23.2;23.6;24.4;;;;;;;;
20;З (ПЦ);Zak Landers;Н/Д;€0;;Профессионал;;;5;;;19.7;27.8;28.5;28.9;;;;;;;;
21;З (ПЛЦ);Tomos Owen;€4,300 в год;€0;;Сдержанный;;;5;;;17.2;27.3;28.1;29.2;;;;;;;;
21;ОП, П (ЛЦ), АП (Ц);Bryan Foy;Н/Д;€0;;Неамбициозный;;;10;;;13.8;21.9;22.6;23.4;;;;;;;;
18;П (Л), АП (ЛЦ);Paul Durrans;€8,750 в год;€0;;Сдержанный;;;6;;;14.3;23.3;23.9;25.4;;;;;;;;
20;З (ЛЦ);Mark Brookes;Н/Д;€0;;Нерешительный;;;5;;;15.6;21.3;21.6;22.0;;;;;;;;
21;З (Ц), ОП, П (ПЦ);Warren Gardner;€11,000 в год;€0;;Сдержанный;;;10;;;16.8;25.3;25.9;27.0;;;;;;;;
21;З (ПЛЦ);Nick Davidson;€6,250 в год;€0;;Лояльный;;;8;;;17.7;24.3;24.7;25.8;;;;;;;;
18;З (Ц), ОП, П (Ц);Rory Carter;€8,750 в год;€0;;Сдержанный;;;6;;;17.0;28.8;29.5;30.3;;;;;;;;
21;ОП, П (Ц), АП (ПЦ);Max Sailor;Н/Д;€0;;Неамбициозный;;;6;;;16.7;27.0;27.7;28.4;;;;;;;;
21;АП (ЛЦ), НП (Ц);Christopher Armstrong;€10,250 в год;€0;;Неамбициозный;;;8;;;11.5;19.7;20.5;21.3;;;;;;;;
20;З (Ц);Rory Cook;Н/Д;€0;;Неамбициозный;;;4;;;15.8;25.7;26.5;27.6;;;;;;;;
21;АП (ПЦ), НП (Ц);Stephen Davies;Н/Д;€0;;Достаточно дисциплинированный;;;12;;;14.7;29.6;30.8;31.5;;;;;;;;
20;З (ПЛЦ);David Roper;Н/Д;€0;;Энергичный;;;3;;;16.0;24.1;24.8;25.2;;;;;;;;
21;В;Pantelis Symeoy;Н/Д;€0;;Достаточно профессионален;;;4;;;39.1;46.1;47.6;48.8;;;;;;;;
21;З/П (Ц), НП (Ц);Nick Wright;Н/Д;€0;;Достаточно профессионален;;;4;;;16.8;22.9;23.3;23.7;;;;;;;;
20;П (ПЛЦ), АП (ПЛ);Nigel Swift;Н/Д;€0;;Достаточно профессионален;;;7;;;11.6;20.0;20.5;21.3;;;;;;;;
21;З (ПЛЦ);Brian Mallen;€10,750 в год;€0;;Сдержанный;;;6;;;17.0;26.6;27.0;27.4;;;;;;;;
21;В;Robert Henery;Н/Д;€0;;Достаточно амбициозный;;;5;;;39.7;47.0;49.0;52.3;;;;;;;;
21;З (ПЦ);William Humphries;€12,750 в год;€0;;Сдержанный;;;9;;;16.1;23.6;24.2;24.9;;;;;;;;
20;П/АП (П), НП (Ц);Harold Hewlett;Н/Д;€0;;Ненадежный;;;5;;;12.2;22.5;23.5;24.2;;;;;;;;
21;З/КЗ (П);Thomas Lloyd;€10,000 в год;€0;;Сдержанный;;;4;;;15.9;23.8;24.4;24.8;;;;;;;;
17;В;Sonny McKay;€8,750 в год;€0;;Сдержанный;;;5;;;29.8;34.1;34.7;35.1;;;;;;;;
18;АП (ЛЦ), НП (Ц);Stanley Okoro;€8,500 в год;€0;;Тверд в решениях;;;7;;;15.9;26.6;27.6;28.3;;;;;;;;
21;П (Ц), АП (ЛЦ), НП (Ц);Roger Dainty;Н/Д;€0;;Достаточно настойчивый;;;10;;;17.6;30.6;31.6;32.3;;;;;;;;
18;АП (ПЛ), НП (Ц);Chris Brennan;€8,750 в год;€0;;Неамбициозный;;;8;;;12.9;22.6;23.4;23.8;;;;;;;;
21;В;Christopher Garcia;€2,900 в год;€0;;Неамбициозный;;;2;;;39.3;46.6;48.1;48.8;;;;;;;;
21;З (Ц), ОП;Daniel Downing;Н/Д;€0;;Сдержанный;;;8;;;18.7;29.4;30.5;31.2;;;;;;;;
21;П (П);Paul Rodgers;Н/Д;€0;;Нерешительный;;;9;;;17.8;28.7;29.5;30.3;;;;;;;;
21;З (ПЛ);David Millar;€4,700 в год;€0;;Сдержанный;;;6;;;15.4;22.8;23.5;23.8;;;;;;;;
21;В;Nelson Symes;Н/Д;€0;;Неамбициозный;;;3;;;34.0;40.5;42.0;44.6;;;;;;;;
21;НП (Ц);Daragh Murphy;Н/Д;€0;;Легкомысленный;;;9;;;16.8;25.4;26.2;26.6;;;;;;;;
21;З (ПЦ), ОП, П (Ц);Flynn Lumley;Н/Д;€0;;Нерешительный;;;7;;;17.7;24.4;24.9;26.0;;;;;;;;
21;П/АП (Л), НП (Ц);Henry Cross;Н/Д;€0;;Неамбициозный;;;7;;;14.4;21.0;21.5;23.0;;;;;;;;
21;П (П), АП (ПЦ);Kurt Harwood;€9,500 в год;€0;;Неамбициозный;;;3;;;12.0;18.8;19.3;20.4;;;;;;;;
21;АП (П), НП (Ц);Joe Carlton;Н/Д;€0;;Неамбициозный;;;11;;;13.2;25.6;26.5;26.8;;;;;;;;
21;В;Gavin Usher;Н/Д;€0;;Неамбициозный;;;2;;;35.0;42.9;44.9;45.3;;;;;;;;
21;З (ПЦ), КЗ (П);Paul Richards;Н/Д;€0;;Сдержанный;;;7;;;18.6;24.8;25.2;25.6;;;;;;;;
21;АП (П), НП (Ц);Keiran Buckingham;Н/Д;€0;;Достаточно дисциплинированный;;;9;;;12.4;18.8;19.2;20.3;;;;;;;;
20;З (ПЦ);Alfie Johnson;Н/Д;€0;;Достаточно профессионален;;;5;;;20.1;29.6;30.4;31.5;;;;;;;;
21;З (ПЛЦ);Abdallah Badru;Н/Д;€0;;Легкомысленный;;;5;;;18.5;26.7;27.4;27.8;;;;;;;;
21;В;Michael Parris;€7,250 в год;€0;;Неамбициозный;;;4;;;36.3;46.3;48.4;48.8;;;;;;;;
21;З (ПЦ);Graham Broad;Н/Д;€0;;Неамбициозный;;;7;;;16.8;24.4;25.0;26.1;;;;;;;;
18;З (ПЦ);Thomas Friend;€8,750 в год;€0;;Сдержанный;;;5;;;16.8;26.4;27.1;28.2;;;;;;;;
21;З (Ц), ОП, П (Ц);Yashwa Bartley;€10,500 в год;€0;;Неамбициозный;;;3;;;16.0;24.6;25.3;25.7;;;;;;;;
21;З/КЗ/П (П);Terry Samuel;€10,000 в год;€0;;Достаточно настойчивый;;;11;;;14.0;25.1;25.8;26.1;;;;;;;;
21;З (П), ОП, П (Ц);Freddy May;Н/Д;€0;;Неамбициозный;;;6;;;13.2;22.3;22.8;23.5;;;;;;;;
21;П/АП (П), НП (Ц);Ryan Fisher;€14,250 в год;€0;;Непостоянный;;;11;;;12.0;20.6;20.9;21.6;;;;;;;;
17;КЗ (Л), П (ПЛЦ), АП (ПЦ);Benjamin Ingham;€8,750 в год;€0;;Сдержанный;;;5;;;13.9;19.6;19.9;21.4;;;;;;;;
21;В;Moussa Touré;Н/Д;€0;;Достаточно профессионален;;;3;;;39.0;44.4;45.2;47.5;;;;;;;;
21;П/АП (Л), НП (Ц);Andy Unwin;Н/Д;€0;;Ненадежный;;;5;;;12.4;19.2;19.9;20.7;;;;;;;;
21;З (ПЛЦ);Peter Phillips;Н/Д;€0;;Сдержанный;;;6;;;18.2;27.4;28.2;28.6;;;;;;;;
21;ОП, П (Ц);Jamie Doyle;Н/Д;€0;;Неамбициозный;;;11;;;16.3;29.8;30.6;31.3;;;;;;;;
21;З (Ц);Delane Jones;€4,700 в год;€0;;Непостоянный;;;4;;;12.7;20.1;20.7;21.5;;;;;;;;
18;З (Ц), НП (Ц);Corey Nash;€8,750 в год;€0;;Сдержанный;;;8;;;17.5;27.6;28.3;28.7;;;;;;;;
21;В;Jack Johnson;Н/Д;€0;;Достаточно амбициозный;;;2;;;25.0;33.3;34.7;35.4;;;;;;;;
21;З (П), ОП, П (ЛЦ);Chris Spencer;Н/Д;€0;;Неамбициозный;;;6;;;15.7;26.2;26.8;28.0;;;;;;;;
20;З (Ц), П (ПЦ), НП (Ц);Louis Farrow;Н/Д;€0;;Неамбициозный;;;10;;;15.2;25.8;26.7;27.8;;;;;;;;
21;НП (Ц);James Goodliffe;Н/Д;€0;;Неамбициозный;;;6;;;14.7;25.2;25.9;27.0;;;;;;;;
21;П/АП (П), НП (Ц);Zak Bashir;Н/Д;€0;;Нерешительный;;;8;;;12.8;22.6;23.8;24.6;;;;;;;;
20;П (Л), НП (Ц);Luke Pearson;Н/Д;€0;;Неамбициозный;;;6;;;15.1;22.2;22.6;23.0;;;;;;;;
21;П (Ц), АП (П), НП (Ц);Loui Neal;Н/Д;€0;;Наемник;;;4;;;17.9;25.2;25.8;27.0;;;;;;;;
21;З (ПЦ);Steven Ogden;Н/Д;€0;;Идеалист;;;5;;;18.4;29.6;30.6;31.7;;;;;;;;
21;В;John Hulbert;Н/Д;€0;;Сдержанный;;;3;;;28.9;36.0;37.5;37.8;;;;;;;;
21;П/АП (ПЦ);Dominic Lovett;Н/Д;€0;;Достаточно настойчивый;;;10;;;14.9;27.9;29.0;30.2;;;;;;;;
21;З (ЛЦ);Josh Jones;Н/Д;€0;;Достаточно настойчивый;;;4;;;13.7;22.0;22.8;23.2;;;;;;;;
21;З (ЛЦ);Spencer Walpole;Н/Д;€0;;Неамбициозный;;;6;;;17.1;24.7;25.2;25.6;;;;;;;;
21;З (ПЦ);Jamie John;Н/Д;€0;;Достаточно профессионален;;;6;;;14.0;22.1;22.7;23.5;;;;;;;;
21;П (Ц), АП (ЛЦ), НП (Ц);Oğuzhan Alptekin;Н/Д;€0;;Достаточно амбициозный;;;12;;;13.5;23.8;24.8;25.5;;;;;;;;
21;З (Ц), КЗ (П), П (ПЦ);Ciaran Bettinelli;Н/Д;€0;;Неамбициозный;;;6;;;17.2;26.4;27.3;27.6;;;;;;;;
21;ОП, П/АП (Ц);Ibrahim Öztaş;Н/Д;€0;;Достаточно профессионален;;;8;;;16.2;28.9;29.8;30.9;;;;;;;;
20;З (ПЦ);Umar Anyamele;Н/Д;€0;;Тверд в решениях;;;2;;;17.3;23.9;24.4;24.8;;;;;;;;
21;П (Ц), АП (П), НП (Ц);Adebayo Howsawi;Н/Д;€0;;Нерешительный;;;7;;;12.8;19.2;19.7;20.8;;;;;;;;
21;З (ЛЦ), АП (П);George Page;Н/Д;€0;;Неамбициозный;;;9;;;14.4;22.8;23.5;24.3;;;;;;;;
21;АП (ПЛ), НП (Ц);Matt Wild;Н/Д;€0;;Неамбициозный;;;4;;;14.2;24.2;24.8;25.6;;;;;;;;
21;П/АП (Ц), НП (Ц);Kenan Brazier;Н/Д;€0;;Сдержанный;;;11;;;17.3;27.7;28.2;29.4;;;;;;;;
21;З (Ц), ОП, П (Ц), АП (П);Stephen Suleiman;Н/Д;€0;;Неамбициозный;;;3;;;13.7;21.1;21.8;22.2;;;;;;;;
21;АП (П), НП (Ц);Ant Farley;Н/Д;€0;;Неамбициозный;;;9;;;13.3;24.0;24.7;25.0;;;;;;;;
21;З (Ц), ОП, П (Ц);Malachi Bassey;Н/Д;€0;;Ненадежный;;;4;;;16.6;25.0;25.5;26.6;;;;;;;;
21;З (ЛЦ);David Jennings;Н/Д;€0;;Неамбициозный;;;4;;;14.9;21.9;22.4;22.8;;;;;;;;
21;З (ЛЦ);Dimitrios Darmaros;Н/Д;€0;;Неамбициозный;;;5;;;16.3;25.6;26.2;27.0;;;;;;;;
21;В;Rowan Presland;Н/Д;€0;;Достаточно амбициозный;;;3;;;37.9;44.2;46.1;48.4;;;;;;;;
21;З (Ц);Rhydian Carree;Н/Д;€0;;Сдержанный;;;6;;;15.1;24.2;25.0;26.2;;;;;;;;
20;КЗ (Л);Denis O'Brien;Н/Д;€0;;Достаточно дисциплинированный;;;7;;;16.0;24.7;25.3;25.7;;;;;;;;
20;В;Olly Broadley;Н/Д;€0;;Темпераментный;;;2;;;32.9;41.4;43.2;44.3;;;;;;;;
21;З (ПЦ), КЗ (П);Almedin Galić;Н/Д;€0;;Сдержанный;;;4;;;15.3;21.9;22.6;23.3;;;;;;;;
21;В;Paul Bourke;Н/Д;€0;;Легкомысленный;;;1;;;39.7;45.9;47.0;47.8;;;;;;;;
20;З (Ц);Richard Darby;Н/Д;€0;;Достаточно лояльный;;;3;;;15.4;23.8;24.3;24.7;;;;;;;;
21;П/АП (Л), НП (Ц);Christian Collins;Н/Д;€0;;Сдержанный;;;8;;;11.7;19.8;20.5;21.6;;;;;;;;
21;П/АП (Л), НП (Ц);Dean Andrew;Н/Д;€0;;Нерешительный;;;10;;;15.6;25.2;25.8;26.1;;;;;;;;
21;П (ПЛЦ), АП (Ц);Alistair Rattray;Н/Д;€0;;Ненадежный;;;7;;;17.2;28.4;29.2;29.9;;;;;;;;
21;З (Ц), ОП, П (Ц);Thomas Hunt;Н/Д;€0;;Достаточно настойчивый;;;6;;;16.2;27.3;28.1;29.2;;;;;;;;
21;В;Vasil Pangev;Н/Д;€0;;Достаточно профессионален;;;1;;;37.4;44.6;45.8;46.6;;;;;;;;
21;В;Kadeem Easton;Н/Д;€0;;Неамбициозный;;;4;;;38.2;44.2;45.7;50.9;;;;;;;;
21;З/КЗ/П (Л);Sifiso Tsabedze;Н/Д;€0;;Сдержанный;;;6;;;14.6;23.6;24.2;25.0;;;;;;;;
21;П/АП (П), НП (Ц);Connor Cowan;Н/Д;€0;;Достаточно профессионален;;;9;;;16.0;27.1;27.9;28.3;;;;;;;;
20;З (ПЛЦ);Ryan Davis;Н/Д;€0;;Неамбициозный;;;4;;;17.9;26.8;27.4;28.2;;;;;;;;
18;В;Kirk Mack;€8,750 в год;€0;;Легкомысленный;;;5;;;33.0;36.7;38.0;41.4;;;;;;;;
18;З (ЛЦ), П (Ц);Joseph Antwi;€8,750 в год;€0;;Нерешительный;;;9;;;17.5;25.8;26.6;26.9;;;;;;;;
18;П (ПЦ), АП (Ц);Edward Francis;€8,750 в год;€0;;Тверд в решениях;;;10;;;16.4;30.4;31.4;32.1;;;;;;;;
18;АП (Ц), НП (Ц);Sean Mason;€8,750 в год;€0;;Сдержанный;;;6;;;15.9;22.7;23.4;24.5;;;;;;;;
17;П/АП (П), НП (Ц);Steve Grant;€8,750 в год;€0;;Неамбициозный;;;8;;;11.4;19.2;20.1;20.8;;;;;;;;
18;П (ПЛ), АП (ПЛЦ);Joe Vaughan;€8,750 в год;€0;;Профессионал;;;11;;;14.6;25.3;25.8;26.2;;;;;;;;
18;З (ПЦ), НП (Ц);Will Golding;€8,750 в год;€0;;Сдержанный;;;7;;;15.6;22.2;23.1;23.4;;;;;;;;
18;З (ЛЦ);Chris Howells;€8,750 в год;€0;;Неамбициозный;;;11;;;14.2;23.3;23.9;25.0;;;;;;;;
18;КЗ/АП (П);Paul Taylor;€8,750 в год;€0;;Достаточно лояльный;;;7;;;13.3;23.0;23.4;24.1;;;;;;;;
18;З/КЗ (Л);Kyle Thompson;€8,750 в год;€0;;Профессионал;;;8;;;15.8;25.5;26.1;26.5;;;;;;;;
18;В;Raphael Madu;€8,750 в год;€0;;Сдержанный;;;6;;;29.4;37.2;38.8;39.2;;;;;;;;
18;П (Ц), АП (ПЦ), НП (Ц);Darren Wallace;€8,750 в год;€0;;Профессионал;;;10;;;13.2;21.4;22.3;23.5;;;;;;;;
18;ОП, П (ЛЦ);David Clegg-McCartney;€8,750 в год;€0;;Сдержанный;;;7;;;16.8;29.2;29.9;31.0;;;;;;;;
18;З (Л);Cameron Warren;€8,750 в год;€0;;Неамбициозный;;;4;;;17.0;25.2;25.8;26.5;;;;;;;;
19;П/АП (Л);Bernard Brennan;€133,000 в год;€0;;Достаточно настойчивый;;;10;;;17.7;31.6;32.4;32.8;;;;;;;;
18;В;Jake Wilson;€8,750 в год;€0;;Неамбициозный;;;1;;;36.3;42.3;44.5;46.4;;;;;;;;
18;З/П (Ц), АП (ПЦ);Ellis Hickman;€8,750 в год;€0;;Достаточно профессионален;;;5;;;13.9;23.7;24.3;25.4;;;;;;;;
17;ОП, П (Ц), АП (П);Jack Owen;€8,750 в год;€0;;Темпераментный;;;3;;;16.1;23.7;24.0;25.2;;;;;;;;
20;З (Ц), ОП, П (Ц);Peter Walsh;€6,750 в год;€0;;Достаточно профессионален;;;3;;;18.9;26.2;26.9;27.2;;;;;;;;
18;З/П (Ц);Chris Andrews;€8,750 в год;€0;;Темпераментный;;;4;;;17.4;27.5;28.4;29.2;;;;;;;;
18;В;Jordan Kirk;€300 в год;€0;;Неамбициозный;;;1;;;34.3;37.7;38.8;39.1;;;;;;;;
17;П (ПЛЦ);Nathan Hughes-Jones;Н/Д;€0;;Достаточно профессионален;;;11;;;14.7;26.4;27.1;27.5;;;;;;;;
17;ОП, П (ЛЦ), НП (Ц);Rob Radcliffe;Н/Д;€0;;Сдержанный;;;8;;;15.7;26.1;27.0;27.7;;;;;;;;
17;ОП, П (Ц), АП (ПЦ);Moustapha Diakité;Н/Д;€0;;Сдержанный;;;5;;;16.0;27.1;28.0;28.8;;;;;;;;
18;З (ЛЦ);Malcolm Button;€300 в год;€0;;Нерешительный;;;4;;;15.8;23.5;24.2;24.9;;;;;;;;
18;В;Jack Jager;Н/Д;€0;;Ненадежный;;;7;;;41.6;49.3;50.5;50.9;;;;;;;;
17;П/АП (П), НП (Ц);Conor Doyle;€300 в год;€0;;Низкая самооценка;;;7;;;15.8;25.3;25.9;27.0;;;;;;;;
18;П (Ц), АП (П), НП (Ц);Paul Ryan;€300 в год;€0;;Достаточно настойчивый;;;9;;;11.3;20.6;21.3;22.0;;;;;;;;
18;З (Ц);Darcy Bennett;Н/Д;€0;;Сдержанный;;;9;;;16.5;23.8;24.6;25.0;;;;;;;;
18;З (Ц);Adam Smith;Н/Д;€0;;Тверд в решениях;;;5;;;20.1;31.6;32.5;34.0;;;;;;;;
18;АП (П), НП (Ц);Joe McCann;Н/Д;€0;;Нерешительный;;;12;;;14.8;29.6;30.8;32.0;;;;;;;;
18;ОП, П/АП (ЛЦ);Glen Coates;Н/Д;€0;;Энергичный;;;7;;;15.2;24.2;24.9;25.3;;;;;;;;
18;П/АП (Ц), НП (Ц);Richard Gregory;€300 в год;€0;;Достаточно настойчивый;;;9;;;14.6;27.0;28.0;29.2;;;;;;;;
18;В;Iain Tootle;€300 в год;€0;;Сдержанный;;;1;;;35.6;41.2;43.3;45.6;;;;;;;;
18;АП (ПЦ), НП (Ц);Graham Johnson-Cole;Н/Д;€0;;Неамбициозный;;;12;;;17.0;29.2;29.8;30.9;;;;;;;;
18;З (ПЛ), КЗ (Л);Duran Gillies;Н/Д;€0;;Сдержанный;;;9;;;18.0;27.7;28.2;28.6;;;;;;;;
20;В;Salah Bouali;Н/Д;€0;;Темпераментный;;;1;;;38.7;47.4;49.2;49.6;;;;;;;;
20;ОП, П/АП (Ц);Tyrell Jackman;€7,250 в год;€0;;Достаточно профессионален;;;12;;;15.1;28.2;29.4;30.6;;;;;;;;
19;КЗ (П);David Stazicker;Н/Д;€0;;Тверд в решениях;;;9;;;15.0;26.4;27.0;27.4;;;;;;;;
19;П (Ц), АП (П), НП (Ц);Curtis John;€6,750 в год;€0;;Сдержанный;;;12;;;16.4;32.6;33.7;34.8;;;;;;;;
17;ОП, П (Ц), АП (ПЦ);Paul Hursit;Н/Д;€0;;Наемник;;;7;;;18.3;29.9;30.6;31.8;;;;;;;;
18;В;Billy Laing;Н/Д;€0;;Достаточно профессионален;;;1;;;38.8;45.5;47.3;49.6;;;;;;;;
18;П/АП (Ц), НП (Ц);Thomas Quinn;€5,250 в год;€0;;Неамбициозный;;;12;;;14.2;26.6;27.5;28.2;;;;;;;;
18;КЗ/П/АП (П);Ryan Wignall;€300 в год;€0;;Неамбициозный;;;11;;;12.9;20.2;20.7;21.8;;;;;;;;
18;З (Ц), ОП, П/АП (Ц);Jacob Johnston;€300 в год;€0;;Достаточно профессионален;;;9;;;17.0;28.3;29.1;30.2;;;;;;;;
18;ОП, П (ПЦ);Andrew Hutchings;€300 в год;€0;;Нерешительный;;;5;;;14.8;24.4;25.3;25.6;;;;;;;;
18;АП (П), НП (Ц);Andrew Gunson;Н/Д;€0;;Сдержанный;;;8;;;15.0;23.3;24.1;25.2;;;;;;;;
18;В;Richard Gregory;€8,750 в год;€0;;Нерешительный;;;1;;;37.3;43.1;45.0;47.3;;;;;;;;
18;З (ПЦ), П (Ц);Emeka Balogun;€8,750 в год;€0;;Тверд в решениях;;;6;;;15.2;22.3;22.8;23.1;;;;;;;;
18;З/КЗ (Л);Leon Doherty;€8,750 в год;€0;;Неамбициозный;;;6;;;13.7;20.7;21.5;22.6;;;;;;;;
18;З (Ц), КЗ (Л);Bob Chandler;€8,750 в год;€0;;Неамбициозный;;;3;;;15.1;22.8;23.5;23.8;;;;;;;;
18;В;Brad Radford;€300 в год;€0;;Неамбициозный;;;5;;;31.8;37.4;38.6;39.0;;;;;;;;
18;КЗ/АП (Л);Stewart Molyneux;€300 в год;€0;;Сдержанный;;;2;;;11.7;20.7;21.3;22.4;;;;;;;;
18;П (Ц), АП (ПЦ), НП (Ц);Vince Derbyshire;Н/Д;€0;;Темпераментный;;;9;;;14.2;23.5;24.4;25.6;;;;;;;;
17;В;Zac Lawrence;Н/Д;€0;;Легкомысленный;;;2;;;33.0;38.4;39.5;40.3;;;;;;;;
18;П (П), АП (ПЦ);Louis Kamango;Н/Д;€0;;Достаточно настойчивый;;;7;;;15.4;23.9;24.3;25.5;;;;;;;;
20;В;Martin McGuinness;Н/Д;€0;;Наемник;;;3;;;41.6;48.4;50.4;55.3;;;;;;;;
18;НП (Ц);Jack McGuigan;Н/Д;€0;;Тверд в решениях;;;8;;;16.2;27.3;28.4;29.6;;;;;;;;
18;З (ЛЦ), П (Л);Tarik Zniber;Н/Д;€0;;Достаточно профессионален;;;5;;;16.3;23.8;24.3;25.1;;;;;;;;
18;ОП, П (ЛЦ);Karl Sullivan;Н/Д;€0;;Неамбициозный;;;6;;;12.6;24.2;24.9;25.6;;;;;;;;
17;АП (Ц), НП (Ц);Michael Adams;Н/Д;€0;;Неамбициозный;;;9;;;17.2;29.8;30.9;32.4;;;;;;;;
18;В;Richie Stevenson;Н/Д;€0;;Сдержанный;;;1;;;39.3;47.4;49.5;53.6;;;;;;;;
17;ОП, П (ПЦ);Jay'lee Neale;Н/Д;€0;;Непостоянный;;;10;;;15.0;25.4;26.1;26.9;;;;;;;;
18;АП (ПЦ);Ben Tobin;Н/Д;€0;;Сдержанный;;;12;;;14.2;23.5;24.2;25.4;;;;;;;;
20;В;Jazz Agius;€12,750 в год;€0;;Сдержанный;;;1;;;40.8;48.7;50.4;50.8;;;;;;;;
18;З (Ц), П (ПЦ), АП (Ц);Damian Keddle;Н/Д;€0;;Сдержанный;;;8;;;16.4;24.2;24.8;25.2;;;;;;;;
19;З (ЛЦ);Junior Issa;€4,500 в год;€0;;Достаточно профессионален;;;4;;;20.8;29.4;30.0;31.1;;;;;;;;
18;АП (ПЛ), НП (Ц);Matt Roberts;Н/Д;€0;;Достаточно профессионален;;;9;;;13.8;25.0;25.8;26.2;;;;;;;;
18;ОП, П (ПЦ);Emile Appleton;Н/Д;€0;;Достаточно настойчивый;;;12;;;15.1;28.2;28.9;29.2;;;;;;;;
18;ОП, П/АП (Ц);Dion Rhule;€300 в год;€0;;Нерешительный;;;10;;;14.4;27.5;28.4;28.8;;;;;;;;
18;ОП, П (Ц);Richard Lee;€300 в год;€0;;Нерешительный;;;12;;;15.6;25.5;26.0;27.1;;;;;;;;
18;АП (ПЛ), НП (Ц);Reece Van Der Laan;Н/Д;€0;;Тверд в решениях;;;7;;;15.1;23.0;23.5;24.6;;;;;;;;
19;З (ПЦ);Giovanni Poletti;Н/Д;€0;;Достаточно лояльный;;;5;;;19.6;29.6;30.4;30.8;;;;;;;;
20;КЗ (Л), ОП, П (ЛЦ), АП (П);Brandon O'Dwyer;€20,000 в год;€0;;Нерешительный;;;6;;;16.0;26.6;27.2;28.4;;;;;;;;
18;З (Ц), ОП, П (Ц);Dafydd Williams;Н/Д;€0;;Спортивный;;;13;;;16.8;31.5;32.6;33.3;;;;;;;;
18;З (ПЦ), ОП, П (Ц);Benn Williams;Н/Д;€0;;Сдержанный;;;8;;;18.7;28.6;29.3;29.7;;;;;;;;
20;З (Ц);Kevin Purdy;€18,500 в год;€0;;Достаточно настойчивый;;;6;;;18.2;25.6;26.2;26.6;;;;;;;;
18;П (ПЦ), АП (ПЛЦ);Lenny Scott;Н/Д;€0;;Нерешительный;;;10;;;13.0;20.6;21.1;21.8;;;;;;;;
18;В;Alan Hughes;Н/Д;€0;;Неамбициозный;;;1;;;33.3;36.1;37.1;39.7;;;;;;;;
18;П (ЛЦ), АП (ПЛ), НП (Ц);Chris Jameson;€2,300 в год;€0;;Неамбициозный;;;6;;;15.2;26.1;26.7;27.8;;;;;;;;
18;АП (ПЛ), НП (Ц);Billy Sherlock;Н/Д;€0;;Неамбициозный;;;5;;;14.2;23.4;24.0;24.3;;;;;;;;
20;В;Noah Brück;€3,300 в год;€0;;Тверд в решениях;;;1;;;40.3;44.0;44.9;45.7;;;;;;;;
20;З/КЗ/АП (П);Ian Lorente;Н/Д;€0;;Темпераментный;;;5;;;17.0;26.5;27.0;27.4;;;;;;;;
17;АП (П), НП (Ц);Ben Howells;Н/Д;€0;;Сдержанный;;;7;;;14.4;25.0;25.8;26.5;;;;;;;;
18;З (ПЦ), КЗ (П);Leighton Patton;Н/Д;€0;;Сдержанный;;;11;;;16.9;26.4;27.0;27.3;;;;;;;;
18;П (ЛЦ), НП (Ц);Danny Martin;€8,750 в год;€0;;Достаточно дисциплинированный;;;7;;;14.3;28.3;29.1;29.9;;;;;;;;
18;АП (ПЛЦ), НП (Ц);Brendan Edge-Lucas;€8,750 в год;€0;;Непостоянный;;;8;;;12.5;19.3;19.8;20.2;;;;;;;;
18;З (ПЛЦ), КЗ/П (Л);John McColl;€8,750 в год;€0;;Спортивный;;;7;;;15.3;23.6;24.2;24.5;;;;;;;;
21;В;James Tizzard;€13,000 в год;€0;;Неамбициозный;;;2;;;41.7;47.8;49.1;52.1;;;;;;;;
18;АП (ПЦ), НП (Ц);Tommy Nehrbauer;€8,750 в год;€0;;Достаточно амбициозный;;;6;;;16.8;26.8;27.3;28.4;;;;;;;;
18;З (ПЛЦ);Nosa Okolie;€8,750 в год;€0;;Неамбициозный;;;9;;;15.1;23.1;23.8;24.5;;;;;;;;
18;В;Stuart Bartley;€8,750 в год;€0;;Сдержанный;;;4;;;39.7;49.3;51.0;51.3;;;;;;;;
18;З (Л);Luís Felgueiras;€8,750 в год;€0;;Нерешительный;;;7;;;20.0;29.6;30.3;31.0;;;;;;;;
18;З/П (Ц);Connor McIntosh;€8,750 в год;€0;;Сдержанный;;;6;;;19.4;30.2;30.9;31.3;;;;;;;;
18;З (Ц), ОП;Ethan May;€8,750 в год;€0;;Достаточно профессионален;;;10;;;16.9;25.5;26.5;27.2;;;;;;;;
17;АП (П), НП (Ц);Robbie Wilson;€8,750 в год;€0;;Неамбициозный;;;8;;;12.5;23.3;24.1;25.2;;;;;;;;
18;П (Ц), НП (Ц);Huw Edwards;€8,750 в год;€0;;Непостоянный;;;5;;;15.2;23.4;24.3;25.5;;;;;;;;
18;В;Arjun Dixon;€300 в год;€0;;Достаточно профессионален;;;3;;;35.0;40.4;42.2;45.6;;;;;;;;
17;П/АП (Ц);Emanuel Martos;€300 в год;€0;;Достаточно профессионален;;;9;;;16.2;26.2;26.7;27.1;;;;;;;;
18;АП (ПЦ);Pierre Diaby;€300 в год;€0;;Сдержанный;;;10;;;12.0;20.6;21.0;21.4;;;;;;;;
18;НП (Ц);Robbie Sillars;€8,750 в год;€0;;Сдержанный;;;6;;;16.3;25.1;25.7;26.0;;;;;;;;
18;П (Ц), АП (П), НП (Ц);Tom Burke;€8,750 в год;€0;;Сдержанный;;;9;;;11.9;19.7;20.2;20.6;;;;;;;;
18;П (ЛЦ), АП (Л);Owen Brook;Н/Д;€0;;Нерешительный;;;4;;;13.2;23.2;23.7;24.8;;;;;;;;
18;З (ЛЦ);Jess Brown;Н/Д;€0;;Темпераментный;;;4;;;17.9;27.3;27.8;28.6;;;;;;;;
18;В;Rob Blaney;Н/Д;€0;;Достаточно профессионален;;;3;;;34.8;42.5;44.4;47.8;;;;;;;;
18;В;Ben Trueman;€300 в год;€0;;Достаточно профессионален;;;1;;;39.0;47.1;49.1;49.8;;;;;;;;
20;П (ПЦ), АП (Ц);Leigh Hughes;€9,750 в год;€0;;Неамбициозный;;;11;;;16.2;24.1;24.6;25.4;;;;;;;;
18;З (ЛЦ), КЗ (Л);Ashley Kebbie;€300 в год;€0;;Достаточно настойчивый;;;3;;;16.7;22.0;22.4;22.8;;;;;;;;
18;П/АП (Л);Michael Rea;€300 в год;€0;;Сдержанный;;;10;;;12.2;22.2;22.8;23.5;;;;;;;;
18;З (ЛЦ);Stuart Sim;€300 в год;€0;;Достаточно профессионален;;;5;;;19.2;25.7;26.5;27.6;;;;;;;;
18;З/КЗ (П);Eric McWilliams;Н/Д;€0;;Неамбициозный;;;10;;;18.3;27.0;27.6;28.7;;;;;;;;
18;КЗ/П/АП (П);Jon Semakula;Н/Д;€0;;Неамбициозный;;;7;;;13.0;23.4;24.1;24.5;;;;;;;;
20;ОП, П (Ц);Steffon McIntosh;Н/Д;€0;;Неамбициозный;;;11;;;15.7;28.4;29.2;30.0;;;;;;;;
18;З (Ц), ОП;Carl Doyle;Н/Д;€0;;Достаточно амбициозный;;;5;;;14.2;21.3;21.8;23.0;;;;;;;;
18;З (ПЦ);Martyn Underwood;Н/Д;€0;;Неамбициозный;;;3;;;19.8;28.5;29.3;30.4;;;;;;;;
18;З (ПЦ), ОП, П (Ц);Robbie Last;Н/Д;€0;;Сдержанный;;;5;;;19.0;25.5;26.0;27.1;;;;;;;;
18;З (ЛЦ), П (Ц);Henk Kogeldans;Н/Д;€0;;Неамбициозный;;;6;;;16.8;26.4;27.2;27.6;;;;;;;;
18;З (ЛЦ);Matt Westlake;Н/Д;€0;;Неамбициозный;;;6;;;18.8;28.0;28.7;29.8;;;;;;;;
20;З (Ц), ОП, П (Ц);Kyran Ogilvie;€23,500 в год;€0;;Достаточно настойчивый;;;8;;;18.7;27.7;28.3;29.0;;;;;;;;
18;З/КЗ (П);Llion Morgan;€300 в год;€0;;Сдержанный;;;5;;;13.2;22.7;23.2;23.6;;;;;;;;
17;В;Brett Nichols;Н/Д;€0;;Неамбициозный;;;3;;;31.0;38.3;39.3;40.1;;;;;;;;
18;П/АП (Ц);Matthew Stretton;Н/Д;€0;;Сдержанный;;;8;;;17.4;27.5;28.0;28.4;;;;;;;;
18;З (ЛЦ), ОП, П (Ц);Kevin Clarke;Н/Д;€0;;Сдержанный;;;4;;;15.8;22.3;22.8;23.9;;;;;;;;
20;З (ПЦ), ОП;Lee Edwards;€8,250 в год;€0;;Нерешительный;;;7;;;17.8;27.1;27.9;28.2;;;;;;;;
18;З/КЗ (П), П (ПЦ);Lewis Brunt;Н/Д;€0;;Ненадежный;;;7;;;16.1;25.9;26.6;27.7;;;;;;;;
18;В;Benjamim Tati;€8,750 в год;€0;;Неамбициозный;;;1;;;35.0;41.4;43.0;43.8;;;;;;;;
18;П (ПЦ), АП (ЛЦ), НП (Ц);Sammy Farr;€8,750 в год;€0;;Сдержанный;;;8;;;14.2;25.1;26.1;27.2;;;;;;;;
18;З (ПЦ);Ger Sheridan;€8,750 в год;€0;;Неамбициозный;;;8;;;21.9;33.7;34.8;35.5;;;;;;;;
18;З (ЛЦ);Bryn Ramsay;€8,750 в год;€0;;Сдержанный;;;4;;;16.0;24.9;25.7;26.8;;;;;;;;
20;АП (П), НП (Ц);James Edwards;Н/Д;€0;;Нерешительный;;;9;;;15.2;26.3;26.8;28.4;;;;;;;;
18;П/АП (П), НП (Ц);Brandon Grayson;€8,750 в год;€0;;Неамбициозный;;;5;;;15.6;24.3;24.8;25.9;;;;;;;;
18;З/П (Ц);Lebrun Stirrup;€8,750 в год;€0;;Неамбициозный;;;8;;;15.8;29.8;30.7;31.5;;;;;;;;
18;П (Ц), АП (П), НП (Ц);Brad Hardy;€8,750 в год;€0;;Наемник;;;6;;;11.0;21.6;22.7;23.4;;;;;;;;
18;З (ЛЦ);Julen Ordóñez;€8,750 в год;€0;;Неамбициозный;;;6;;;13.3;21.8;22.2;22.6;;;;;;;;
19;З (Ц);Nick Cooper;€12,500 в год;€0;;Сдержанный;;;12;;;20.1;30.2;30.8;31.2;;;;;;;;
18;З (Ц), ОП, П (Ц);Darren Martin;€8,750 в год;€0;;Достаточно профессионален;;;7;;;17.2;26.2;27.1;27.9;;;;;;;;
20;П (ПЦ), АП (ПЛ), НП (Ц);Robert Cross;Н/Д;€0;;Неамбициозный;;;11;;;12.7;19.9;20.5;21.6;;;;;;;;
18;З (Ц);Stephen Craig;€300 в год;€0;;Сдержанный;;;3;;;16.8;24.9;25.6;26.0;;;;;;;;
20;З/КЗ/П (Л);Frank Haynes;Н/Д;€0;;Нерешительный;;;11;;;17.3;27.2;27.8;28.2;;;;;;;;
18;АП (Л), НП (Ц);Sean Forde;Н/Д;€0;;Достаточно профессионален;;;5;;;13.2;22.6;23.2;23.5;;;;;;;;
18;З (ПЛЦ);John Hopkinson;€300 в год;€0;;Неамбициозный;;;5;;;16.6;26.4;27.1;28.2;;;;;;;;
18;АП (П), НП (Ц);Gabriel Watkins;€300 в год;€0;;Неамбициозный;;;6;;;9.0;17.0;17.8;18.9;;;;;;;;
19;З (ПЦ);Nathan Powell;Н/Д;€0;;Сдержанный;;;5;;;17.5;26.6;27.4;28.1;;;;;;;;
19;В;Syahrul Nizam Mohamad;Н/Д;€0;;Неамбициозный;;;3;;;42.7;50.0;51.4;52.2;;;;;;;;
18;АП (ПЛ), НП (Ц);Gino Neufville;Н/Д;€0;;Достаточно настойчивый;;;5;;;13.0;22.4;23.0;24.2;;;;;;;;
19;З (Ц), ОП, П (Ц);Dale Martin;€12,250 в год;€0;;Сдержанный;;;5;;;18.8;27.7;28.4;29.1;;;;;;;;
19;П (Ц), АП (П), НП (Ц);Bikash Roy;€21,000 в год;€0;;Сдержанный;;;8;;;14.3;22.9;23.3;24.0;;;;;;;;
18;П (Л), НП (Ц);Cameron Young;Н/Д;€0;;Нерешительный;;;10;;;14.1;22.5;23.2;24.3;;;;;;;;
18;П (Л), НП (Ц);Jordan Godbold;€300 в год;€0;;Неамбициозный;;;7;;;16.0;26.3;27.6;28.0;;;;;;;;
19;З (Л);Dale McCoubrey;Н/Д;€0;;Нерешительный;;;7;;;15.0;26.8;27.7;29.2;;;;;;;;
20;В;Leon Östlund;€8,500 в год;€0;;Сдержанный;;;1;;;40.4;48.0;49.4;49.8;;;;;;;;
19;З (ПЦ);Ryan Agnew;€26,000 в год;€0;;Сдержанный;;;6;;;18.4;28.1;28.8;29.9;;;;;;;;
17;НП (Ц);Max Dickenson;Н/Д;€0;;Сдержанный;;;7;;;15.3;24.2;24.9;26.0;;;;;;;;
18;ОП, П (ПЦ), АП (Ц);Luke Street;Н/Д;€0;;Спортивный;;;9;;;17.8;27.7;28.6;29.0;;;;;;;;
19;В;Chris Robertson;Н/Д;€0;;Низкая самооценка;;;2;;;40.6;46.1;47.1;47.8;;;;;;;;
18;В;Ross Pritchard;Н/Д;€0;;Достаточно настойчивый;;;1;;;34.9;43.5;45.4;46.2;;;;;;;;
20;П (ПЦ), АП (Ц);Paul Tancock;Н/Д;€0;;Напористый;;;11;;;15.3;24.4;24.9;25.7;;;;;;;;
18;П (ЛЦ), АП (Л);Ryan Lee;Н/Д;€0;;Неамбициозный;;;8;;;13.8;22.7;23.4;25.0;;;;;;;;
19;З (ЛЦ), КЗ (Л);Elliott Long;Н/Д;€0;;Неамбициозный;;;7;;;15.3;23.1;23.7;24.4;;;;;;;;
20;НП (Ц);Clayton Risdon;Н/Д;€0;;Сдержанный;;;12;;;15.4;25.9;26.8;27.6;;;;;;;;
18;П (Ц), НП (Ц);Alex Revan;Н/Д;€0;;Неамбициозный;;;7;;;15.9;24.4;25.0;26.1;;;;;;;;
18;В;Anthony Eames;Н/Д;€0;;Сдержанный;;;1;;;35.6;42.2;44.2;45.7;;;;;;;;
18;АП (Л);Hubert Matus;Н/Д;€0;;Неамбициозный;;;6;;;13.2;22.3;23.0;23.4;;;;;;;;
18;АП (ПЦ), НП (Ц);James Ewington;Н/Д;€0;;Сдержанный;;;7;;;13.1;22.8;23.5;24.2;;;;;;;;
18;З (Ц), ОП;Keelan Lawlor;Н/Д;€0;;Неамбициозный;;;8;;;13.1;25.4;26.6;27.3;;;;;;;;
18;В;Joash Mbatha;Н/Д;€0;;Достаточно профессионален;;;4;;;34.7;40.6;42.2;42.5;;;;;;;;
18;П (П), АП (ПЦ);Louis Kelly;Н/Д;€0;;Сдержанный;;;7;;;12.2;20.9;21.3;22.5;;;;;;;;
18;З (П), ОП, П (Ц);Marvin Cole;Н/Д;€0;;Неамбициозный;;;6;;;17.5;26.4;27.3;28.1;;;;;;;;
18;З (ЛЦ), КЗ (Л);Roy Gosling;Н/Д;€0;;Неамбициозный;;;2;;;16.0;24.8;25.7;26.0;;;;;;;;
18;З (Л);Rúni Petersen;Н/Д;€0;;Темпераментный;;;6;;;14.4;22.5;23.3;24.4;;;;;;;;
18;П (ПЦ), АП (Ц);David Hunt;€4,600 в год;€0;;Темпераментный;;;9;;;18.3;32.4;33.5;34.6;;;;;;;;
18;З (ПЛЦ);Aaron Gorman;Н/Д;€0;;Энергичный;;;3;;;15.3;21.8;22.2;23.0;;;;;;;;
18;З (Ц), ОП, П (Ц);Olawale Ibekwe;Н/Д;€0;;Амбициозный;;;11;;;18.9;29.8;30.5;31.6;;;;;;;;
18;В;Ajayi Alade;Н/Д;€0;;Неамбициозный;;;2;;;35.4;42.6;44.0;48.1;;;;;;;;
20;П (ЛЦ), АП (Л);Brandon Smith;€15,750 в год;€0;;Неамбициозный;;;6;;;12.4;21.9;22.6;23.3;;;;;;;;
19;З (ЛЦ);Timmy James;Н/Д;€0;;Сдержанный;;;9;;;20.6;28.2;28.8;29.9;;;;;;;;
18;З (ПЦ), П (Ц);Beckham Godden;Н/Д;€0;;Наемник;;;4;;;15.6;22.9;23.6;23.9;;;;;;;;
17;З/П (Ц);Stephen Fitzgerald;Н/Д;€0;;Идеалист;;;10;;;15.1;22.5;23.2;23.6;;;;;;;;
18;З (Л);Michael Babangida;Н/Д;€0;;Непостоянный;;;6;;;15.6;23.4;24.0;24.4;;;;;;;;
20;В;Dylan Cook;€19,250 в год;€0;;Неамбициозный;;;4;;;38.1;48.0;49.6;50.0;;;;;;;;
18;П/АП (П), НП (Ц);Tommy Greene;Н/Д;€0;;Сдержанный;;;7;;;16.4;25.1;25.9;26.7;;;;;;;;
18;П/АП (П);Oliver Vance;Н/Д;€0;;Нерешительный;;;4;;;13.2;20.4;21.0;21.7;;;;;;;;
20;П (Ц), АП (Л), НП (Ц);Jeremy Holder;€18,750 в год;€0;;Сдержанный;;;9;;;16.2;28.6;29.4;29.8;;;;;;;;
18;П (ЛЦ), АП (Ц), НП (Ц);Reece Ford;Н/Д;€0;;Тверд в решениях;;;10;;;12.9;20.2;20.6;21.7;;;;;;;;
20;З (Ц);William Inoua;€5,250 в год;€0;;Неамбициозный;;;6;;;17.3;24.7;25.2;25.9;;;;;;;;
18;З (Ц);Ryan Evans;Н/Д;€0;;Ненадежный;;;4;;;15.1;21.7;22.2;23.4;;;;;;;;
17;АП (П), НП (Ц);Joshua Brown;Н/Д;€0;;Сдержанный;;;4;;;15.0;23.4;24.0;25.1;;;;;;;;
18;АП (ПЦ), НП (Ц);Charlie Jackson;Н/Д;€0;;Достаточно профессионален;;;4;;;14.2;22.7;23.4;23.8;;;;;;;;
17;П/АП (П), НП (Ц);Rory Keating;Н/Д;€0;;Неамбициозный;;;7;;;16.5;27.1;28.2;29.6;;;;;;;;
20;З (Ц), ОП, П/АП (Ц), НП (Ц);Lee McLoughlin;Н/Д;€0;;Сдержанный;;;5;;;16.4;26.6;27.4;27.7;;;;;;;;
20;В;Gavin Hutchinson;€15,750 в год;€0;;Достаточно профессионален;;;1;;;39.0;48.7;50.8;51.5;;;;;;;;
17;З (Ц);David Davidson;Н/Д;€0;;Неамбициозный;;;4;;;14.3;21.3;21.8;22.2;;;;;;;;
20;АП (Ц), НП (Ц);Kyle Drummond;€15,000 в год;€0;;Неамбициозный;;;11;;;18.0;30.1;30.9;31.3;;;;;;;;
20;З/П/АП (П);Gethin Lucas;Н/Д;€0;;Нерешительный;;;12;;;16.3;27.1;28.1;29.2;;;;;;;;
18;П (ПЛЦ), АП (Ц);Jack Aitken;Н/Д;€0;;Достаточно настойчивый;;;11;;;11.8;22.0;23.0;24.1;;;;;;;;
20;АП (П), НП (Ц);Jack Carson;€19,500 в год;€0;;Сдержанный;;;7;;;14.9;23.9;24.8;25.1;;;;;;;;
18;З (ПЦ);Arron Brindley;Н/Д;€0;;Сдержанный;;;5;;;17.1;26.1;26.7;27.1;;;;;;;;
18;З (ЛЦ);Ben Hamilton;€300 в год;€0;;Неамбициозный;;;5;;;15.5;23.2;23.7;25.2;;;;;;;;
18;З (ПЦ);Leon Barwick;€300 в год;€0;;Нерешительный;;;6;;;13.0;23.3;24.2;25.0;;;;;;;;
18;НП (Ц);Liam Archer;Н/Д;€0;;Нерешительный;;;8;;;13.6;22.0;23.0;24.1;;;;;;;;
18;П (Ц), НП (Ц);Josh Rastrick;€300 в год;€0;;Сдержанный;;;6;;;12.1;21.9;22.6;23.0;;;;;;;;
20;КЗ/П/АП (Л);Eoin Blackburn;€25,000 в год;€0;;Неамбициозный;;;9;;;13.9;24.7;25.2;25.6;;;;;;;;
18;П/АП (Ц);Leigh Hammond;Н/Д;€0;;Достаточно профессионален;;;7;;;16.7;26.9;27.8;28.2;;;;;;;;
18;АП (П), НП (Ц);Suleiman Abdullahi;€300 в год;€0;;Неамбициозный;;;7;;;15.8;26.2;27.0;27.4;;;;;;;;
19;П/АП (ПЦ);Sandy Joyner;€3,200 в год;€0;;Нерешительный;;;10;;;13.8;25.7;26.5;27.2;;;;;;;;
20;ОП, П/АП (Ц);Eddie Ifan;€8,250 в год;€0;;Достаточно настойчивый;;;11;;;18.5;29.6;30.3;30.7;;;;;;;;
20;П/АП (Ц), НП (Ц);Anthony McMillan-Cole;€8,250 в год;€0;;Неамбициозный;;;12;;;12.2;21.6;22.3;22.6;;;;;;;;
17;В;Russell Muggeridge;€300 в год;€0;;Нерешительный;;;1;;;26.1;30.5;31.4;31.8;;;;;;;;
17;П (ПЦ), АП (П), НП (Ц);Stefan Belan;Н/Д;€0;;Низкая самооценка;;;9;;;17.6;26.6;27.2;28.7;;;;;;;;
19;АП (П), НП (Ц);Steve Alnwick;€9,500 в год;€0;;Напористый;;;8;;;11.2;17.1;17.6;18.3;;;;;;;;
19;З (Ц), ОП, П (Ц);Tim Ellis;Н/Д;€0;;Достаточно лояльный;;;5;;;17.0;27.9;28.8;29.2;;;;;;;;
19;КЗ/П (Л), АП (ЛЦ);Ryan Highfield;€21,000 в год;€0;;Сдержанный;;;7;;;16.6;26.4;26.9;27.7;;;;;;;;
19;З (Ц), ОП, П (ПЦ), АП (Ц);David Gee;Н/Д;€0;;Темпераментный;;;13;;;15.6;25.7;26.6;27.7;;;;;;;;
19;ОП, П (ЛЦ), АП (П);Akeem Atkins;€14,500 в год;€0;;Решительный;;;9;;;13.9;25.4;26.4;27.1;;;;;;;;
20;П (Л), АП (ПЛ);Sunny Bakare;Н/Д;€0;;Сдержанный;;;7;;;13.4;22.9;23.5;24.6;;;;;;;;
17;ОП, П (Ц);Luca Batty;Н/Д;€0;;Наемник;;;7;;;16.7;23.9;24.6;25.3;;;;;;;;
17;П (Ц), АП (ПЦ), НП (Ц);Reece Porter;Н/Д;€0;;Неамбициозный;;;7;;;16.0;26.3;26.9;27.3;;;;;;;;
18;З (Ц);Noah Larsen;Н/Д;€0;;Сдержанный;;;6;;;12.6;22.6;23.3;23.6;;;;;;;;
17;З (Ц), ОП, П (Ц);Russell Rayner;Н/Д;€0;;Достаточно профессионален;;;4;;;15.2;24.3;25.1;25.5;;;;;;;;
18;В;Egidio Cassaghi;Н/Д;€0;;Сдержанный;;;6;;;33.4;38.6;40.1;42.4;;;;;;;;
17;П/АП (Л);Adam Cant;€3,600 в год;€0;;Нерешительный;;;10;;;14.0;24.7;25.2;25.9;;;;;;;;
20;З (ПЛЦ);Douglas Kyle;€8,000 в год;€0;;Неамбициозный;;;6;;;16.2;25.2;25.8;26.2;;;;;;;;
17;НП (Ц);Chris Gough;Н/Д;€0;;Достаточно настойчивый;;;9;;;10.1;16.0;16.6;17.7;;;;;;;;
18;З (ПЛ), КЗ (П);James Daly;Н/Д;€0;;Сдержанный;;;6;;;17.5;26.0;26.8;27.5;;;;;;;;
18;П/АП (П);Nathan Hegarty;Н/Д;€0;;Неамбициозный;;;6;;;13.8;24.6;25.0;25.8;;;;;;;;
19;КЗ (П), П/АП (Ц), НП (Ц);Jon Hegarty;Н/Д;€0;;Сдержанный;;;4;;;16.9;25.2;25.6;26.4;;;;;;;;
18;З (Ц);Alan French;Н/Д;€0;;Неамбициозный;;;4;;;15.2;23.0;23.5;23.8;;;;;;;;
20;АП (ЛЦ), НП (Ц);Kieran Baker;€22,500 в год;€0;;Неамбициозный;;;11;;;12.0;20.2;20.8;21.2;;;;;;;;
18;З (Л);Paride Colucci;Н/Д;€0;;Неамбициозный;;;5;;;16.6;24.5;25.0;25.8;;;;;;;;
18;ОП, П (Ц);Darragh O'Neill;Н/Д;€0;;Сдержанный;;;9;;;16.4;26.3;27.0;28.6;;;;;;;;
20;П/АП (П), НП (Ц);James Coxall;€23,000 в год;€0;;Легкомысленный;;;7;;;12.5;26.0;26.8;27.5;;;;;;;;
20;З/КЗ (Л);Dara Lyons;€15,000 в год;€0;;Достаточно лояльный;;;5;;;15.4;25.0;25.6;26.0;;;;;;;;
19;З/П (Ц);Brahima Doumouya;€11,250 в год;€0;;Сдержанный;;;9;;;15.0;23.9;24.6;25.0;;;;;;;;
20;З (Л), П (П), АП (ПЦ);Samuel Adjei;Н/Д;€0;;Сдержанный;;;6;;;13.9;27.0;27.8;28.2;;;;;;;;
20;П (П), АП (ПЛ), НП (Ц);Yahaya Mohammed;€19,000 в год;€0;;Достаточно лояльный;;;4;;;14.3;25.8;27.1;28.2;;;;;;;;
19;П (Ц);Michael Sant;€11,750 в год;€0;;Темпераментный;;;11;;;16.2;30.9;31.5;31.9;;;;;;;;
18;ОП, П (Ц);Alfie Burns;€300 в год;€0;;Непостоянный;;;7;;;20.0;29.1;30.0;31.2;;;;;;;;
19;В;Nyle Marvin;€300 в год;€0;;Достаточно лояльный;;;3;;;34.6;41.7;43.2;43.6;;;;;;;;
20;П (Ц), АП (ПЛЦ);Barry McLean;€12,250 в год;€0;;Достаточно настойчивый;;;10;;;14.3;24.0;24.7;25.5;;;;;;;;
20;З (ПЦ), ОП;Kevin Gorman;€15,250 в год;€0;;Достаточно профессионален;;;2;;;17.2;23.6;24.0;24.8;;;;;;;;
20;В;Steve Ross;Н/Д;€0;;Темпераментный;;;6;;;33.7;40.8;41.9;42.6;;;;;;;;
19;З (Л), П (Ц);Jason Ackerley;€4,400 в год;€0;;Достаточно профессионален;;;5;;;19.4;29.6;30.6;31.3;;;;;;;;
18;НП (Ц);Willie Kirk;Н/Д;€0;;Неамбициозный;;;8;;;17.6;28.4;29.0;29.8;;;;;;;;
20;З/П (П);Ieuan Torrence;Н/Д;€0;;Сдержанный;;;8;;;17.2;26.6;27.2;27.9;;;;;;;;
19;З (ПЛЦ);Ed Mills;Н/Д;€0;;Непостоянный;;;5;;;17.8;26.5;27.1;27.8;;;;;;;;
18;В;Chris Reynolds;€300 в год;€0;;Достаточно настойчивый;;;1;;;34.3;38.8;39.9;40.7;;;;;;;;
20;ОП, П/АП (Ц);Kinsly Keightley;€14,500 в год;€0;;Сдержанный;;;6;;;19.6;27.0;27.6;28.0;;;;;;;;
20;З (ПЦ);Dan Rhodes;Н/Д;€0;;Сдержанный;;;6;;;17.0;25.0;25.6;26.7;;;;;;;;
20;АП (Ц), НП (Ц);Alex Smyth;Н/Д;€0;;Сдержанный;;;11;;;17.6;30.8;32.0;32.3;;;;;;;;
20;З (ЛЦ);Philip Barlow;Н/Д;€0;;Сдержанный;;;4;;;15.9;24.6;25.1;25.5;;;;;;;;
19;КЗ (П), П (ЛЦ), АП (Ц);Martin Whiting;Н/Д;€0;;Сдержанный;;;7;;;18.5;27.8;28.5;29.2;;;;;;;;
18;П/АП (Ц);Nick Selimi;Н/Д;€0;;Сдержанный;;;12;;;13.8;24.2;24.8;25.6;;;;;;;;
20;П (Ц), АП (ПЦ);Noah Wyatt;€3,300 в год;€0;;Неамбициозный;;;11;;;17.4;25.8;26.2;26.9;;;;;;;;
18;З (Ц);Thomas Owen;Н/Д;€0;;Неамбициозный;;;8;;;17.3;25.6;26.6;27.7;;;;;;;;
17;П (Ц);Adam Worton;€1,200 в год;€0;;Нерешительный;;;10;;;13.0;27.4;28.2;29.3;;;;;;;;
19;АП (П), НП (Ц);Victor Nwaiwu;€9,750 в год;€0;;Амбициозный;;;12;;;18.3;31.6;32.6;33.8;;;;;;;;
16;З (Л);Stuart Laird;€1,200 в год;€0;;Достаточно амбициозный;;;7;;;19.5;29.9;30.8;31.2;;;;;;;;
19;НП (Ц);Ryan Green;Н/Д;€0;;Сдержанный;;;11;;;13.7;23.0;23.6;24.3;;;;;;;;
17;З (Ц), ОП, П (Л);Marius Bollmann;€6,000 в год;€0;;Профессионал;;;6;;;19.1;32.9;34.0;34.4;;;;;;;;
17;АП (ПЦ), НП (Ц);Osian McHarrie;€300 в год;€0;;Сдержанный;;;11;;;14.8;27.5;28.2;29.6;;;;;;;;
20;П (Ц), АП (ПЛЦ), НП (Ц);Mike O'Brien;€10,500 в год;€0;;Низкая самооценка;;;9;;;15.8;26.7;27.6;28.0;;;;;;;;
16;АП (Ц), НП (Ц);Ashish Lalthazuala;€300 в год;€0;;Непостоянный;;;10;;;16.3;26.6;27.3;28.4;;;;;;;;
17;З (ПЦ);Iljaz Sinani;€300 в год;€0;;Профессионал;;;14;;;16.5;27.2;27.9;29.0;;;;;;;;
17;П (Ц);Keith Price;€300 в год;€0;;Неамбициозный;;;11;;;18.4;29.6;30.4;31.2;;;;;;;;
18;З (Ц);Kevin Parchment;€300 в год;€0;;Нерешительный;;;5;;;16.7;26.1;27.0;28.1;;;;;;;;
19;З (ПЦ);Tom Hancock;Н/Д;€0;;Нерешительный;;;8;;;15.6;24.7;25.6;25.9;;;;;;;;
20;П (Ц), АП (ПЦ);Nelson Kerr;Н/Д;€0;;Достаточно профессионален;;;11;;;13.8;23.4;24.0;24.8;;;;;;;;
17;В;Jeff O'Donnell;€300 в год;€0;;Неамбициозный;;;6;;;36.9;41.4;42.9;43.3;;;;;;;;
20;П (П), АП (ПЦ);Tommie Salmon;€4,600 в год;€0;;Неамбициозный;;;9;;;14.0;23.8;24.5;24.9;;;;;;;;
17;П (ЛЦ), АП (Л);Kieran Powell;€300 в год;€0;;Наемник;;;7;;;14.7;24.8;26.0;26.7;;;;;;;;
19;З/КЗ (П);Lloyd Lawrence;Н/Д;€0;;Достаточно дисциплинированный;;;6;;;17.2;25.2;25.6;26.4;;;;;;;;
17;З (Ц);Andrew Dudley;€300 в год;€0;;Напористый;;;4;;;16.2;25.0;26.0;26.7;;;;;;;;
17;В;Tom Butler;€8,750 в год;€0;;Нерешительный;;;1;;;32.1;36.3;37.8;38.6;;;;;;;;
20;АП (ПЦ), НП (Ц);Jimmy Behan;€6,000 в год;€0;;Напористый;;;10;;;13.2;23.8;24.7;25.4;;;;;;;;
17;З (Ц);James Sim;€300 в год;€0;;Нерешительный;;;6;;;17.0;28.4;29.4;30.1;;;;;;;;
17;В;Liam Cartwright;€300 в год;€0;;Напористый;;;3;;;35.4;43.4;44.9;50.2;;;;;;;;
20;З (ПЛЦ), ОП;Callum Meade;€6,250 в год;€0;;Сдержанный;;;10;;;19.2;25.0;25.5;26.2;;;;;;;;
19;ОП, П (Ц);Stuart Scopes;€7,000 в год;€0;;Достаточно настойчивый;;;5;;;16.6;25.5;25.9;27.1;;;;;;;;
17;П (Ц), АП (ПЛЦ);Salih Pezic;€300 в год;€0;;Идеалист;;;11;;;11.1;19.7;20.4;21.5;;;;;;;;
19;В;Zerguinho Mando;Н/Д;€0;;Нерешительный;;;1;;;43.5;52.6;53.8;56.1;;;;;;;;
17;П (Ц), НП (Ц);George Addico;Н/Д;€0;;Достаточно лояльный;;;11;;;18.4;31.5;32.5;33.6;;;;;;;;
19;З (ЛЦ);Tommy Watters;€10,250 в год;€0;;Достаточно дисциплинированный;;;4;;;16.0;23.9;24.8;25.5;;;;;;;;
17;З (П);Ricky Birch;€300 в год;€0;;Нерешительный;;;11;;;13.3;21.0;21.7;22.4;;;;;;;;
19;ОП, П (ЛЦ);Frankie McKay;€2,200 в год;€0;;Сдержанный;;;9;;;13.9;23.3;23.9;24.6;;;;;;;;
20;АП (П), НП (Ц);Tom Bryan;€12,250 в год;€0;;Неамбициозный;;;10;;;16.4;26.9;28.0;28.4;;;;;;;;
17;В;Adam Hinds;€8,750 в год;€0;;Неамбициозный;;;1;;;32.6;36.0;36.9;37.3;;;;;;;;
17;З (П);Gruffudd Hewitt;Н/Д;€0;;Неамбициозный;;;11;;;14.7;22.1;22.8;23.1;;;;;;;;
20;П (Ц), АП (Л), НП (Ц);Scott Parry;Н/Д;€0;;Неамбициозный;;;6;;;14.8;27.9;28.8;29.6;;;;;;;;
20;П/АП (ПЦ);Graham Reilly;€10,500 в год;€0;;Неамбициозный;;;10;;;18.4;32.8;34.0;34.3;;;;;;;;
17;П/АП (ЛЦ), НП (Ц);Leon Carstensen;Н/Д;€0;;Неамбициозный;;;12;;;18.2;29.0;30.0;30.4;;;;;;;;
19;АП (Ц), НП (Ц);Brendan Ashworth;€15,250 в год;€0;;Сдержанный;;;6;;;15.6;26.0;26.6;27.8;;;;;;;;
20;П (Ц);Will Denby;€6,750 в год;€0;;Неамбициозный;;;12;;;15.3;27.8;28.9;29.3;;;;;;;;
17;З (Л);Chris Hill;Н/Д;€0;;Амбициозный;;;6;;;17.5;27.2;27.8;28.9;;;;;;;;
17;П (Л), АП (ЛЦ);David Okon;Н/Д;€0;;Ненадежный;;;11;;;17.0;28.4;29.2;30.4;;;;;;;;
20;П/АП (ПЛ), НП (Ц);Rory Dennis;€24,500 в год;€0;;Неамбициозный;;;7;;;14.1;23.8;24.2;25.3;;;;;;;;
16;З/П (Ц), НП (Ц);Andrew Kimber;€300 в год;€0;;Неамбициозный;;;4;;;17.8;26.3;27.0;28.1;;;;;;;;
17;П/АП (Ц);Dion Wharton;€300 в год;€0;;Сдержанный;;;12;;;10.4;18.8;19.2;20.3;;;;;;;;
20;П (Ц), АП (П), НП (Ц);Sean Doherty;Н/Д;€0;;Ненадежный;;;4;;;14.0;21.2;22.0;22.4;;;;;;;;
20;АП (ПЛ), НП (Ц);Leighton Cox;€6,750 в год;€0;;Достаточно профессионален;;;4;;;13.6;22.0;22.8;23.2;;;;;;;;
20;В;Billy Smith;€3,400 в год;€0;;Спортивный;;;3;;;35.7;42.3;43.6;44.0;;;;;;;;
20;П (Л), АП (ЛЦ);Jimmy Brannan;Н/Д;€0;;Сдержанный;;;5;;;11.1;18.7;19.3;20.4;;;;;;;;
21;В;Jack Melham;€9,000 в год;€0;;Неамбициозный;;;4;;;41.2;44.2;45.4;46.2;;;;;;;;
20;З (ЛЦ), КЗ (Л);Thom Pointon;€9,750 в год;€0;;Легкомысленный;;;6;;;17.0;26.5;27.2;28.3;;;;;;;;
17;З (ПЦ);Andy Jordan;Н/Д;€0;;Достаточно настойчивый;;;6;;;14.4;22.2;23.0;24.5;;;;;;;;
17;ОП, П (ЛЦ), АП (Л);Brett Dickson;Н/Д;€0;;Сдержанный;;;7;;;15.8;28.2;29.2;29.6;;;;;;;;
20;П/АП (ПЦ);Devon Armeni;Н/Д;€0;;Сдержанный;;;8;;;13.4;20.5;20.8;21.2;;;;;;;;
19;В;Josh Evans;Н/Д;€0;;Неамбициозный;;;4;;;37.4;45.8;47.0;48.9;;;;;;;;
20;АП (Ц), НП (Ц);Tanaka Murape;Н/Д;€0;;Нерешительный;;;3;;;14.8;24.0;24.8;25.9;;;;;;;;
19;З (ЛЦ);Mark Woodman;€10,000 в год;€0;;Сдержанный;;;6;;;18.6;29.2;30.1;30.9;;;;;;;;
20;В;Greg Cann;€11,750 в год;€0;;Сдержанный;;;5;;;41.7;49.8;51.7;57.0;;;;;;;;
20;З (ПЦ), ОП, П (Ц);Andy Smith;€16,250 в год;€0;;Напористый;;;7;;;17.7;27.3;27.9;29.0;;;;;;;;
20;П (Ц), АП (П), НП (Ц);Karl Cronin;€19,000 в год;€0;;Достаточно настойчивый;;;5;;;14.9;25.0;25.8;26.5;;;;;;;;
17;З (Л);Elijah St Marie;€3,700 в год;€0;;Сдержанный;;;9;;;16.7;28.0;28.5;29.6;;;;;;;;
20;АП (П), НП (Ц);Louie Farrell;€18,500 в год;€0;;Достаточно профессионален;;;7;;;13.9;23.1;23.9;24.7;;;;;;;;
20;З (ПЛЦ);Maison Morton;Н/Д;€0;;Сдержанный;;;5;;;18.4;27.4;28.1;28.8;;;;;;;;
20;З (ЛЦ);John Phillips;€10,250 в год;€0;;Достаточно настойчивый;;;7;;;18.1;25.5;26.3;27.0;;;;;;;;
16;З (ПЦ);Alex Haynes;€300 в год;€0;;Сдержанный;;;4;;;18.6;26.8;27.6;28.7;;;;;;;;
20;П (ПЦ), АП (Ц);Christian Marlow;Н/Д;€0;;Неамбициозный;;;7;;;19.0;32.5;33.4;33.8;;;;;;;;
17;В;Moeketsi Mthembu;€300 в год;€0;;Достаточно настойчивый;;;1;;;31.6;37.0;38.7;41.3;;;;;;;;
16;З (ПЦ), КЗ (П);Noel Fábián;€300 в год;€0;;Достаточно дисциплинированный;;;6;;;18.8;29.3;30.2;30.6;;;;;;;;
20;З (ПЦ), ОП;Paul Moore;€11,500 в год;€0;;Сдержанный;;;9;;;18.3;31.4;32.2;33.0;;;;;;;;
20;В;Thomas Chandler;€3,100 в год;€0;;Энергичный;;;2;;;30.1;39.2;41.2;41.6;;;;;;;;
17;НП (Ц);Charlie McGowan;Н/Д;€0;;Ненадежный;;;13;;;16.6;26.3;26.9;28.4;;;;;;;;
20;НП (Ц);Chris Lewis;€13,500 в год;€0;;Сдержанный;;;11;;;15.7;26.8;27.4;27.8;;;;;;;;
20;З (ПЦ);Tony Connolly;€7,500 в год;€0;;Сдержанный;;;7;;;14.6;25.8;26.8;27.5;;;;;;;;
19;З (ПЛЦ);Brendan Tabreham;€5,250 в год;€0;;Достаточно дисциплинированный;;;9;;;16.0;26.2;27.2;28.3;;;;;;;;
20;П/АП (ПЦ);Nick Pike-Ord;€6,750 в год;€0;;Достаточно профессионален;;;6;;;15.1;25.7;26.7;27.8;;;;;;;;
17;АП (Ц), НП (Ц);Aaron Gregory;€300 в год;€0;;Неамбициозный;;;13;;;12.3;21.6;22.3;23.5;;;;;;;;
20;В;Paul Breslin;Н/Д;€0;;Сдержанный;;;3;;;40.7;46.1;47.4;48.2;;;;;;;;
20;З (Л);Tom Bailie;€1,400 в год;€0;;Сдержанный;;;9;;;17.3;24.8;25.3;26.1;;;;;;;;
20;П/АП (Ц);Jay Larkin;€3,900 в год;€0;;Нерешительный;;;15;;;17.6;29.1;29.8;31.0;;;;;;;;
20;З (ПЦ);Chinedu Orji;€7,000 в год;€0;;Неамбициозный;;;5;;;17.0;24.8;25.3;26.1;;;;;;;;
20;З (ПЦ);Ryan Walker;€12,000 в год;€0;;Неамбициозный;;;8;;;17.6;26.0;26.4;27.6;;;;;;;;
19;З (ПЦ);Kai Cheedy;Н/Д;€0;;Сдержанный;;;7;;;19.2;28.8;29.4;31.0;;;;;;;;
17;В;Tommy Harper;€300 в год;€0;;Неамбициозный;;;4;;;34.8;40.9;42.4;43.2;;;;;;;;
19;П/АП (Ц), НП (Ц);Thomas Roberts;Н/Д;€0;;Ненадежный;;;9;;;16.1;29.5;30.6;32.0;;;;;;;;
19;З (ПЦ);Lee Watkins;€4,100 в год;€0;;Сдержанный;;;6;;;15.6;23.6;24.2;25.0;;;;;;;;
17;З (ЛЦ), АП (Л);Jakub Kajpust;€300 в год;€0;;Сдержанный;;;9;;;17.9;25.7;26.4;26.7;;;;;;;;
17;З (Ц);Dylan Barrett;€300 в год;€0;;Сдержанный;;;10;;;14.8;24.0;25.0;25.8;;;;;;;;
20;З (Ц);Peter Jancevski;€13,250 в год;€0;;Достаточно лояльный;;;6;;;20.2;28.4;29.0;30.2;;;;;;;;
16;З (Ц);Andrew Sion;€300 в год;€0;;Неамбициозный;;;4;;;18.9;26.8;27.6;28.0;;;;;;;;
16;В;James Parkinson;€300 в год;€0;;Сдержанный;;;4;;;32.2;36.6;37.6;38.4;;;;;;;;
20;З (Ц), ОП, П/АП (Ц);Chris Ward;Н/Д;€0;;Неамбициозный;;;8;;;18.5;25.0;25.6;26.0;;;;;;;;
20;В;Craig King;€1,900 в год;€0;;Неамбициозный;;;2;;;29.4;35.8;37.2;37.5;;;;;;;;
19;В;Joel Greenwood;€5,250 в год;€0;;Неамбициозный;;;1;;;35.6;38.5;39.4;39.7;;;;;;;;
20;З (ПЛ);Paul Kilvert;Н/Д;€0;;Неамбициозный;;;5;;;17.2;25.0;25.4;25.7;;;;;;;;
20;З (ЛЦ);Osian King;Н/Д;€0;;Неамбициозный;;;4;;;15.7;24.4;25.0;26.2;;;;;;;;
20;П/АП (ПЦ), НП (Ц);Casey Simmons;€11,250 в год;€0;;Нерешительный;;;8;;;13.2;22.0;22.6;23.8;;;;;;;;
20;П/АП (Ц), НП (Ц);Alex Etherington;€7,750 в год;€0;;Неамбициозный;;;12;;;13.0;22.5;23.0;23.8;;;;;;;;
20;З (Ц), ОП, П (Ц);Jamie Manson;€16,000 в год;€0;;Неамбициозный;;;10;;;19.3;29.8;30.5;31.6;;;;;;;;
17;З (П);Dave Barton;€300 в год;€0;;Неамбициозный;;;6;;;17.4;25.8;26.4;27.2;;;;;;;;
20;П (Л), АП (Ц), НП (Ц);Kwaku Boahene;€9,500 в год;€0;;Темпераментный;;;14;;;16.4;27.3;28.0;28.4;;;;;;;;
20;П/АП (ПЛ);Scott Ruel;€19,500 в год;€0;;Достаточно амбициозный;;;8;;;12.4;22.8;23.5;23.9;;;;;;;;
20;З/КЗ (П), ОП, П (Ц);Matt Georgiou;€19,000 в год;€0;;Неамбициозный;;;12;;;17.1;31.0;31.8;32.2;;;;;;;;
20;ОП, П (ПЦ), АП (Ц);Daniel Bell;€12,500 в год;€0;;Неамбициозный;;;8;;;15.2;28.6;29.6;31.1;;;;;;;;
20;З (ПЛЦ);Paul Maddison;€4,700 в год;€0;;Сдержанный;;;4;;;18.3;24.1;24.5;25.3;;;;;;;;
17;З (ЛЦ), П (Ц);Ashley Ramsbottom;€300 в год;€0;;Нерешительный;;;6;;;15.7;23.8;24.6;25.0;;;;;;;;
20;З/П (Ц);Jonjo Gilchrist;€7,250 в год;€0;;Непостоянный;;;6;;;17.8;26.9;27.5;27.9;;;;;;;;
19;З (ПЦ), П (Ц);Jamal Messaoudi;Н/Д;€0;;Сдержанный;;;4;;;17.7;24.1;24.5;24.9;;;;;;;;
19;НП (Ц);Kevin Pond;€8,250 в год;€0;;Нерешительный;;;2;;;12.9;21.9;22.8;23.5;;;;;;;;
17;З (Ц);Jakob Youngs;Н/Д;€0;;Достаточно профессионален;;;5;;;15.0;23.6;24.5;24.9;;;;;;;;
20;З/П (Ц);Mark Carlisle;€1,300 в год;€0;;Сдержанный;;;3;;;14.7;23.1;23.7;24.1;;;;;;;;
19;АП (Л), НП (Ц);Joe Jones;€27,000 в год;€0;;Достаточно настойчивый;;;8;;;14.2;23.7;24.3;25.1;;;;;;;;
17;П/АП (Ц);Roan Hesketh;€8,750 в год;€0;;Достаточно лояльный;;;10;;;15.1;24.8;25.3;26.0;;;;;;;;
19;П/АП (П), НП (Ц);José Santos;€11,250 в год;€0;;Нерешительный;;;8;;;12.6;24.9;25.5;26.2;;;;;;;;
19;П/АП (Ц);Ash Dorrian;Н/Д;€0;;Ненадежный;;;9;;;14.0;25.3;25.9;27.0;;;;;;;;
20;З (Ц), ОП, П (Ц);Sam White;Н/Д;€0;;Тверд в решениях;;;8;;;19.4;31.0;31.6;32.4;;;;;;;;
19;З (ПЦ), П (Ц);Daniel Jones;€2,300 в год;€0;;Неамбициозный;;;6;;;17.2;25.7;26.2;26.9;;;;;;;;
19;З (ПЛЦ);Joseph Jones;Н/Д;€0;;Неамбициозный;;;6;;;18.0;26.9;27.4;28.5;;;;;;;;
19;З (Л);Declan Harvey;Н/Д;€0;;Тверд в решениях;;;5;;;15.5;21.5;22.2;22.6;;;;;;;;
20;В;Ian Wilson;€1,500 в год;€0;;Неамбициозный;;;2;;;37.0;44.8;46.6;47.0;;;;;;;;
19;П (Ц), АП (ПЦ), НП (Ц);Simon Clamp;Н/Д;€0;;Достаточно профессионален;;;6;;;14.2;21.4;21.8;22.2;;;;;;;;
19;З (П), КЗ (Л);Carl McNally;€12,750 в год;€0;;Нерешительный;;;5;;;15.5;25.6;26.3;27.4;;;;;;;;
16;ОП, П (Ц);Paul Collins;€8,750 в год;€0;;Неамбициозный;;;8;;;16.3;29.0;29.8;30.2;;;;;;;;
20;З (ЛЦ);Jonjo Thomason;€7,250 в год;€0;;Достаточно настойчивый;;;6;;;18.0;27.2;27.8;28.9;;;;;;;;
20;В;Brian Juma;Н/Д;€0;;Сдержанный;;;3;;;41.1;53.8;56.0;57.9;;;;;;;;
20;ОП, П (Ц);Brad Ford;€9,250 в год;€0;;Ненадежный;;;11;;;17.0;25.4;25.9;26.6;;;;;;;;
17;В;Paul Brett;€8,750 в год;€0;;Неамбициозный;;;1;;;33.6;41.1;42.6;43.4;;;;;;;;
20;ОП, П (ПЦ), АП (Ц);Kameron Atkinson;€18,750 в год;€0;;Тверд в решениях;;;13;;;14.0;26.2;27.1;27.5;;;;;;;;
19;П (ЛЦ), АП (Л);Josef Milligan;Н/Д;€0;;Сдержанный;;;10;;;14.2;23.7;24.4;25.5;;;;;;;;
19;З (ЛЦ);Ben O'Brien;€6,750 в год;€0;;Сдержанный;;;7;;;20.2;27.4;28.2;28.9;;;;;;;;
17;П/АП (П);Keelan Freeman;€8,750 в год;€0;;Легко разочаровывающийся;;;7;;;14.7;23.4;24.0;24.4;;;;;;;;
19;НП (Ц);Dan Rider;€4,000 в год;€0;;Неамбициозный;;;8;;;15.3;22.4;22.8;24.0;;;;;;;;
20;П (ПЛЦ), АП (Л);Francis Lillis;Н/Д;€0;;Достаточно профессионален;;;10;;;15.6;26.5;27.3;28.0;;;;;;;;
17;В;Michael Oyenuga;€300 в год;€0;;Сдержанный;;;2;;;38.9;45.4;46.4;51.7;;;;;;;;
16;АП (П), НП (Ц);Samson Currie;€300 в год;€0;;Сдержанный;;;9;;;15.4;22.9;23.6;24.3;;;;;;;;
19;КЗ (Л), П (ПЦ);Tom Davies;Н/Д;€0;;Амбициозный;;;10;;;15.7;28.2;29.0;29.3;;;;;;;;
20;АП (ПЛ), НП (Ц);Jacob Cooper;€11,250 в год;€0;;Неамбициозный;;;11;;;13.9;23.2;24.0;25.1;;;;;;;;
20;З (Ц);Daren Cockerill;€6,750 в год;€0;;Достаточно настойчивый;;;3;;;17.9;26.8;27.5;28.6;;;;;;;;
20;КЗ (П), ОП, П (ЛЦ);Chris Coxall;€6,750 в год;€0;;Неамбициозный;;;4;;;16.4;24.1;24.7;25.1;;;;;;;;
19;П/АП (П);Isaac Fuente;€4,600 в год;€0;;Ненадежный;;;6;;;9.1;16.4;16.8;17.6;;;;;;;;
20;П (П), АП (ПЛ), НП (Ц);John Robinson;€6,250 в год;€0;;Ненадежный;;;6;;;12.1;20.2;20.8;21.9;;;;;;;;
20;АП (П), НП (Ц);Ollie Singh;€11,250 в год;€0;;Достаточно настойчивый;;;8;;;12.4;19.8;20.8;21.5;;;;;;;;
19;П/АП (Л), НП (Ц);Connor Pinnock;Н/Д;€0;;Неамбициозный;;;8;;;12.5;21.3;21.9;23.4;;;;;;;;
19;П/АП (Л), НП (Ц);Peter Sweeney;Н/Д;€0;;Неамбициозный;;;10;;;12.5;24.3;25.2;25.9;;;;;;;;
20;В;Kevin Freeman;Н/Д;€0;;Неамбициозный;;;1;;;33.8;40.4;42.6;43.3;;;;;;;;
19;З (ПЦ);Shane Carr;Н/Д;€0;;Сдержанный;;;5;;;14.9;22.8;23.5;23.9;;;;;;;;
20;П (Ц), НП (Ц);Bradley Donnelly;€1,800 в год;€0;;Неамбициозный;;;10;;;14.7;26.6;27.5;28.6;;;;;;;;
20;З (ЛЦ);Spencer Bugg;Н/Д;€0;;Реалист;;;5;;;16.7;25.0;25.8;26.9;;;;;;;;
20;В;Nathaniel Joyce;€5,750 в год;€0;;Сдержанный;;;6;;;38.7;49.2;51.0;51.3;;;;;;;;
20;З (ЛЦ), П (Л);Kirk McGuire;Н/Д;€0;;Достаточно профессионален;;;4;;;17.4;26.5;27.3;28.4;;;;;;;;
20;ОП, П (Ц);Leon Knowles;Н/Д;€0;;Неамбициозный;;;7;;;19.8;28.6;29.4;30.5;;;;;;;;
20;З (ПЛЦ);Kieran Edgley;Н/Д;€0;;Сдержанный;;;5;;;17.1;25.0;25.6;26.4;;;;;;;;
20;З (Ц), ОП, П (Ц);Pete Summers-Jones;Н/Д;€0;;Сдержанный;;;7;;;17.5;29.8;30.8;31.9;;;;;;;;
20;П (П), АП (ПЦ), НП (Ц);Joe Bickerton-Cole;Н/Д;€0;;Нерешительный;;;9;;;14.4;24.5;25.2;26.3;;;;;;;;
20;В;Lewis Mulholland;Н/Д;€0;;Сдержанный;;;1;;;36.9;43.2;44.4;45.2;;;;;;;;
20;З (ПЦ);Ollie Heffernan;€10,250 в год;€0;;Неамбициозный;;;8;;;19.9;30.6;31.4;32.1;;;;;;;;
20;З (Ц);Mack O'Reilly;€13,750 в год;€0;;Неамбициозный;;;8;;;18.1;30.2;31.1;32.6;;;;;;;;
20;П (Ц), АП (П), НП (Ц);Nicholas Hopkins;Н/Д;€0;;Темпераментный;;;6;;;13.4;22.2;23.2;23.5;;;;;;;;
20;В;Andy Cook;Н/Д;€0;;Неамбициозный;;;7;;;36.1;39.9;40.8;41.5;;;;;;;;
20;КЗ (Л), П (ЛЦ), АП (Л);James O'Donovan;Н/Д;€0;;Достаточно дисциплинированный;;;4;;;16.8;23.2;23.8;24.9;;;;;;;;
17;З/КЗ (П);Bradley Wilcox;Н/Д;€0;;Ненадежный;;;8;;;17.1;26.3;26.9;27.6;;;;;;;;
20;З (ЛЦ);Joe Clarkson-Beard;Н/Д;€0;;Неамбициозный;;;7;;;18.6;26.4;26.9;28.0;;;;;;;;
20;КЗ (П), П/АП (Ц), НП (Ц);Brandon Cirotto;€12,000 в год;€0;;Неамбициозный;;;8;;;17.4;26.6;27.3;28.0;;;;;;;;
20;ОП, П (Ц);Riccardo Foglia;€7,750 в год;€0;;Сдержанный;;;12;;;19.0;32.0;32.8;33.5;;;;;;;;
17;П/АП (Л);Andreas Dimopoulos;Н/Д;€0;;Достаточно настойчивый;;;4;;;11.5;19.3;20.0;21.1;;;;;;;;
20;ОП, П (Ц), АП (Л);Danny Maher;Н/Д;€0;;Неамбициозный;;;10;;;15.0;28.8;29.6;30.8;;;;;;;;
20;З (ЛЦ);Stephen Currie;€2,600 в год;€0;;Сдержанный;;;2;;;14.6;21.6;22.0;22.4;;;;;;;;
20;ОП, П (Ц), АП (Л);Steffan Mann;€11,500 в год;€0;;Неамбициозный;;;6;;;18.8;31.3;32.3;33.1;;;;;;;;
20;АП (П), НП (Ц);Gavin Thomas;€7,500 в год;€0;;Неамбициозный;;;12;;;11.9;21.2;21.9;22.6;;;;;;;;
20;З (ЛЦ);Ben Elliott;Н/Д;€0;;Тверд в решениях;;;5;;;18.8;29.0;29.6;30.4;;;;;;;;
17;В;Steve Haley;Н/Д;€0;;Легкомысленный;;;1;;;35.5;43.2;44.4;45.1;;;;;;;;
19;АП (Ц), НП (Ц);Luke Saunders;Н/Д;€0;;Достаточно лояльный;;;6;;;14.6;25.0;25.9;26.2;;;;;;;;
20;З (ПЦ);John Jones;Н/Д;€0;;Темпераментный;;;5;;;15.2;21.4;21.9;23.0;;;;;;;;
20;ОП, П/АП (Ц), НП (Ц);Mark Thorpe;Н/Д;€0;;Неамбициозный;;;10;;;13.9;27.5;28.4;29.6;;;;;;;;
20;АП (П), НП (Ц);Pat McCall;Н/Д;€0;;Сдержанный;;;5;;;15.8;23.9;24.8;26.0;;;;;;;;
19;З (ПЛЦ), КЗ (П);Bright Olufade;Н/Д;€0;;Профессионал;;;4;;;18.7;26.6;27.3;27.6;;;;;;;;
20;З (Ц), ОП, П (Ц);Kelvin Ondaan;€14,750 в год;€0;;Напористый;;;6;;;19.2;31.0;31.6;32.0;;;;;;;;
19;З/КЗ (Л);Bastian Drescher;€8,000 в год;€0;;Неамбициозный;;;5;;;16.2;24.5;25.0;25.4;;;;;;;;
20;З (ЛЦ), П (Ц), АП (П);Tim Tomlinson;€10,500 в год;€0;;Достаточно дисциплинированный;;;10;;;16.1;27.6;28.4;29.8;;;;;;;;
17;З (ПЛ);Ian Kerr;Н/Д;€0;;Ненадежный;;;6;;;16.8;25.3;25.9;26.6;;;;;;;;
17;ОП, П (ЛЦ), АП (Л);Samet Seker;Н/Д;€0;;Сдержанный;;;7;;;15.7;24.8;25.4;25.8;;;;;;;;
20;П (Л), АП (ЛЦ);Simon Fielding;Н/Д;€0;;Сдержанный;;;7;;;15.6;24.6;25.4;25.8;;;;;;;;
19;З/П (Ц);Keegan Curran;Н/Д;€0;;Достаточно профессионален;;;5;;;17.2;25.3;25.8;26.6;;;;;;;;
17;П/АП (Л);Lyndon Robinson;Н/Д;€0;;Неамбициозный;;;9;;;17.2;27.6;28.1;28.5;;;;;;;;
20;П (Ц), НП (Ц);Raldane Devine;Н/Д;€0;;Неамбициозный;;;11;;;15.2;27.4;28.4;28.7;;;;;;;;
20;АП (Ц), НП (Ц);Jamie Lang;Н/Д;€0;;Неамбициозный;;;11;;;12.4;22.0;22.9;23.6;;;;;;;;
19;В;Daniel Morgan;Н/Д;€0;;Сдержанный;;;1;;;31.0;36.5;38.1;38.8;;;;;;;;
20;ОП, П (ЛЦ);Shaun Havern;Н/Д;€0;;Неамбициозный;;;5;;;16.0;24.1;24.5;25.2;;;;;;;;
20;КЗ (П), П (ПЦ);Josh Brimacombe-Wiard;Н/Д;€0;;Сдержанный;;;6;;;11.1;17.8;18.1;18.5;;;;;;;;
20;З (ПЦ), КЗ (П);Lewis Davies;Н/Д;€0;;Достаточно амбициозный;;;5;;;16.3;25.8;26.4;26.8;;;;;;;;
20;В;Meilyr Phillips;€11,000 в год;€0;;Неамбициозный;;;3;;;40.9;48.0;49.4;53.2;;;;;;;;
20;П (Ц), АП (ЛЦ), НП (Ц);Rumarn Danylyk;Н/Д;€0;;Неамбициозный;;;5;;;12.0;17.4;17.8;18.9;;;;;;;;
20;КЗ (П), П (ПЦ), АП (Ц);Aron Lloyd;Н/Д;€0;;Достаточно амбициозный;;;8;;;17.8;27.1;27.9;29.0;;;;;;;;
20;НП (Ц);Josh Hill-Ajala;€6,250 в год;€0;;Низкая самооценка;;;8;;;16.6;25.7;26.3;27.4;;;;;;;;
20;З (Ц);Martin Ross;Н/Д;€0;;Сдержанный;;;11;;;17.7;26.8;27.6;28.8;;;;;;;;
20;КЗ (Л), П (ПЦ);Marc Kwitonda;€7,500 в год;€0;;Тверд в решениях;;;9;;;16.9;30.5;31.2;31.9;;;;;;;;
20;П/АП (Л), НП (Ц);Simon Bailey;€7,000 в год;€0;;Ненадежный;;;6;;;14.1;23.2;24.0;24.8;;;;;;;;
19;З (Ц);Philip Rolfe;Н/Д;€0;;Неамбициозный;;;8;;;15.5;22.4;23.1;24.2;;;;;;;;
19;П/АП (Ц), НП (Ц);Kevin Griffiths;Н/Д;€0;;Достаточно профессионален;;;4;;;12.8;24.6;25.8;26.2;;;;;;;;
20;З (ПЛЦ);Kelvin Moro;Н/Д;€0;;Неамбициозный;;;5;;;17.0;26.4;27.2;27.9;;;;;;;;
20;П/АП (П), НП (Ц);Dave Flores;Н/Д;€0;;Неамбициозный;;;8;;;15.2;23.5;24.2;25.3;;;;;;;;
17;В;Fraser McLelland;Н/Д;€0;;Сдержанный;;;5;;;46.6;53.6;54.6;57.2;;;;;;;;
19;З (Ц);Matt Anderson;€9,000 в год;€0;;Достаточно настойчивый;;;6;;;17.2;25.6;26.1;27.2;;;;;;;;
20;З (ПЛЦ);Guto Hogan;Н/Д;€0;;Сдержанный;;;5;;;15.3;26.4;27.2;28.3;;;;;;;;
20;В;Tudor Hughes;Н/Д;€0;;Темпераментный;;;4;;;36.1;39.6;40.5;40.9;;;;;;;;
19;П/АП (Ц), НП (Ц);Hermann Matondo;Н/Д;€0;;Неамбициозный;;;12;;;13.7;27.1;28.0;28.8;;;;;;;;
17;П/АП (Ц), НП (Ц);Edoardo Panarelli;Н/Д;€0;;Низкая самооценка;;;9;;;14.2;26.2;26.9;27.3;;;;;;;;
19;З (ЛЦ), П (Л);Jamie Vigar;Н/Д;€0;;Сдержанный;;;6;;;17.1;24.1;24.7;25.8;;;;;;;;
20;З (ЛЦ), ОП;Moussa Koné;Н/Д;€0;;Профессионал;;;7;;;17.0;23.6;24.1;24.9;;;;;;;;
20;П/АП (ПЦ);Baden Mazzone;Н/Д;€0;;Сдержанный;;;9;;;13.8;25.0;25.6;26.4;;;;;;;;
16;З (ЛЦ), П (Ц);Jake Longstaff;€300 в год;€0;;Нерешительный;;;4;;;15.1;24.8;25.8;26.1;;;;;;;;
19;АП (П), НП (Ц);Jack Cresswell;€4,900 в год;€0;;Сдержанный;;;11;;;13.7;23.7;24.3;24.7;;;;;;;;
17;В;Liam Stanton;Н/Д;€0;;Нерешительный;;;1;;;41.2;49.2;50.4;52.3;;;;;;;;
20;З (ПЦ), ОП;Chris Edmondson;Н/Д;€0;;Достаточно профессионален;;;6;;;15.2;22.8;23.4;23.8;;;;;;;;
20;В;Darren Treadwell;€10,250 в год;€0;;Неамбициозный;;;1;;;39.7;43.7;44.6;45.4;;;;;;;;
20;З (Ц), КЗ (П), ОП, П (Ц);Lewis Wyatt-Meechan;€10,500 в год;€0;;Неамбициозный;;;6;;;18.5;26.4;26.9;27.7;;;;;;;;
20;П (ПЦ), АП (ПЛЦ);John Richards;€12,750 в год;€0;;Достаточно дисциплинированный;;;8;;;15.4;26.8;27.6;28.0;;;;;;;;
19;З (ЛЦ);Marcus Herrin;€6,500 в год;€0;;Достаточно профессионален;;;3;;;15.3;22.4;22.8;23.6;;;;;;;;
20;П (ПЦ), АП (Ц);Brandon Lawless;Н/Д;€0;;Неамбициозный;;;10;;;14.2;27.8;28.6;29.0;;;;;;;;
17;П/АП (Ц);Matthew Daniel;Н/Д;€0;;Темпераментный;;;14;;;17.4;29.6;30.6;31.3;;;;;;;;
16;АП (ЛЦ), НП (Ц);Martin Gustafsson;€300 в год;€0;;Неамбициозный;;;10;;;17.1;28.8;29.4;29.8;;;;;;;;
20;З (Ц), ОП, П (Ц);Ben Vaughan;Н/Д;€0;;Нерешительный;;;7;;;21.3;28.0;28.7;29.4;;;;;;;;
20;П (П), АП (ПЦ), НП (Ц);Brian Kennedy;€5,250 в год;€0;;Неамбициозный;;;7;;;16.0;26.3;27.0;27.7;;;;;;;;
20;НП (Ц);Sheldon Duncliffe;Н/Д;€0;;Нерешительный;;;8;;;13.8;24.3;24.8;26.0;;;;;;;;
20;З (ЛЦ), П (Л);Cyril Randall;Н/Д;€0;;Достаточно профессионален;;;6;;;15.0;23.8;24.3;25.1;;;;;;;;
20;З (П);Miller Valentine;€1,600 в год;€0;;Сдержанный;;;3;;;16.1;22.9;23.6;24.4;;;;;;;;
16;З (ПЦ), ОП;Jim Deacon;€300 в год;€0;;Неамбициозный;;;6;;;15.0;23.8;24.5;25.2;;;;;;;;
19;П (Л), АП (ЛЦ);Tamauri Douglas;Н/Д;€0;;Неамбициозный;;;10;;;15.6;23.8;24.3;25.0;;;;;;;;
20;З (ЛЦ);Shaun Leigh;€7,000 в год;€0;;Достаточно профессионален;;;3;;;17.3;26.4;27.1;28.2;;;;;;;;
20;В;Ryan Bennett;Н/Д;€0;;Сдержанный;;;3;;;37.6;43.6;45.0;47.6;;;;;;;;
20;П (ПЛ);David Patterson;Н/Д;€0;;Достаточно профессионален;;;8;;;11.8;20.7;21.4;23.0;;;;;;;;
20;АП (П), НП (Ц);Steve Watson;€14,500 в год;€0;;Наемник;;;7;;;13.9;21.2;21.9;22.6;;;;;;;;
17;З (Л), П (ЛЦ), АП (П);Neil Doughty;Н/Д;€0;;Нерешительный;;;8;;;16.4;24.8;25.4;26.5;;;;;;;;
20;З/КЗ (П);Josh Stott;€7,750 в год;€0;;Амбициозный;;;6;;;14.2;24.5;25.4;26.5;;;;;;;;
20;З (ПЦ);Daniel Ball;€11,000 в год;€0;;Сдержанный;;;4;;;17.0;24.8;25.6;26.8;;;;;;;;
16;З (ПЦ), КЗ (П);Jon Crocker;€300 в год;€0;;Достаточно дисциплинированный;;;3;;;15.4;24.5;25.3;26.8;;;;;;;;
17;З/КЗ (П);Sam Jones;Н/Д;€0;;Сдержанный;;;10;;;17.3;26.7;27.4;28.2;;;;;;;;
17;З (Ц);Huw Pritchard;Н/Д;€0;;Нерешительный;;;6;;;16.1;26.8;27.7;28.8;;;;;;;;
17;П/АП (Ц), НП (Ц);Vincent Thompson;Н/Д;€0;;Неамбициозный;;;10;;;14.4;25.4;26.1;26.5;;;;;;;;
16;В;Graeme Nunn;€300 в год;€0;;Неамбициозный;;;2;;;31.7;37.3;38.4;38.8;;;;;;;;
20;АП (Л), НП (Ц);Luca Marchant;€9,750 в год;€0;;Общительный;;;9;;;16.4;27.3;27.8;28.6;;;;;;;;
20;П (ЛЦ), АП (Л);Gareth Booth;€7,250 в год;€0;;Достаточно амбициозный;;;10;;;15.2;25.8;26.5;27.2;;;;;;;;
17;З (ПЦ);Ben Cook;€300 в год;€0;;Напористый;;;6;;;14.9;22.9;23.5;23.9;;;;;;;;
17;АП (Ц), НП (Ц);David Loughran;Н/Д;€0;;Неамбициозный;;;10;;;16.6;29.0;29.8;30.9;;;;;;;;
17;З/КЗ (П);Stuart Barker;Н/Д;€0;;Неамбициозный;;;4;;;16.3;24.8;25.4;26.5;;;;;;;;
20;В;Michael Collins;€18,000 в год;€0;;Неамбициозный;;;3;;;34.8;43.1;45.0;45.8;;;;;;;;
17;П (ПЦ), АП (П), НП (Ц);Zechariah Deerr;Н/Д;€0;;Неамбициозный;;;7;;;14.8;25.3;26.0;26.7;;;;;;;;
20;З/КЗ/АП (П);Ryan Clamp;€12,250 в год;€0;;Амбициозный;;;9;;;15.8;26.7;27.5;28.3;;;;;;;;
20;П (ПЛ), АП (П);Sean Murphy;€18,000 в год;€0;;Неамбициозный;;;11;;;14.6;23.0;23.5;23.9;;;;;;;;
17;З/КЗ (Л);Jamoly Campbell;€300 в год;€0;;Низкая самооценка;;;7;;;14.4;23.2;23.7;24.1;;;;;;;;
20;З (Ц), ОП, П (Ц);Matt Church;€11,750 в год;€0;;Неамбициозный;;;10;;;17.7;27.0;27.6;28.0;;;;;;;;
20;П (Ц), АП (ПЦ), НП (Ц);Fisnik Rexhepi;Н/Д;€0;;Сдержанный;;;11;;;13.8;22.5;23.0;23.8;;;;;;;;
20;П (ЛЦ), АП (Л), НП (Ц);Andrew Graham;Н/Д;€0;;Легкомысленный;;;8;;;14.6;23.1;23.6;24.3;;;;;;;;
19;З/КЗ (П);Tommie Bates;Н/Д;€0;;Неамбициозный;;;7;;;19.9;28.2;28.8;29.9;;;;;;;;
20;В;Darrell Lees;Н/Д;€0;;Достаточно амбициозный;;;2;;;34.4;41.2;43.0;46.0;;;;;;;;
20;З/П (П);Stephen Robinson;€4,300 в год;€0;;Неамбициозный;;;4;;;18.4;25.8;26.5;26.9;;;;;;;;
20;АП (П), НП (Ц);Darren Flannery;€4,000 в год;€0;;Непостоянный;;;9;;;16.0;25.2;25.9;26.6;;;;;;;;
20;З/КЗ/П (Л);Jamie Couldridge;€3,600 в год;€0;;Сдержанный;;;6;;;15.0;24.0;24.5;24.9;;;;;;;;
17;П (Ц), АП (П);Lloyd Thompson;Н/Д;€0;;Достаточно профессионален;;;5;;;16.6;26.6;27.0;28.2;;;;;;;;
19;З (ЛЦ);Andrew Pitman;Н/Д;€0;;Достаточно дисциплинированный;;;7;;;16.4;22.8;23.3;24.1;;;;;;;;
19;З (ПЦ);Ed Rushton;Н/Д;€0;;Профессионал;;;6;;;17.2;24.0;24.6;25.0;;;;;;;;
20;П (Ц), АП (ПЦ);Tristan Howell;Н/Д;€0;;Неамбициозный;;;11;;;13.0;22.5;23.0;23.4;;;;;;;;
17;В;Ryan Pointon;Н/Д;€0;;Неамбициозный;;;1;;;40.9;44.1;45.3;46.1;;;;;;;;
19;В;Ritchie Bradley;Н/Д;€0;;Неамбициозный;;;1;;;43.3;49.7;50.9;57.3;;;;;;;;
17;З (Ц), ОП, П (Ц);Mickey Hancock;Н/Д;€0;;Достаточно профессионален;;;8;;;18.0;29.1;30.0;30.8;;;;;;;;
20;НП (Ц);Gareth Fallon;€7,250 в год;€0;;Сдержанный;;;11;;;13.8;27.0;27.9;29.0;;;;;;;;
19;В;Rhodri Davies;€1,900 в год;€0;;Неамбициозный;;;1;;;39.4;47.2;49.3;50.0;;;;;;;;
20;З (ПЦ);Andy Jones;€11,250 в год;€0;;Неамбициозный;;;5;;;18.7;28.8;29.5;30.6;;;;;;;;
17;НП (Ц);Bill Simmons;Н/Д;€0;;Достаточно дисциплинированный;;;7;;;14.4;25.0;26.2;26.6;;;;;;;;
20;П (ПЦ), АП (ПЛЦ), НП (Ц);Hugh Lukins;€11,000 в год;€0;;Неамбициозный;;;8;;;17.3;31.0;32.0;33.1;;;;;;;;
20;З (ЛЦ), КЗ (Л);Lewis McConnell;Н/Д;€0;;Достаточно лояльный;;;5;;;16.2;25.2;26.0;26.8;;;;;;;;
20;ОП, П/АП (ЛЦ);Josh Billington;€5,500 в год;€0;;Тверд в решениях;;;7;;;16.6;26.3;27.2;27.9;;;;;;;;
20;АП (П), НП (Ц);Jon Conway;€6,750 в год;€0;;Неамбициозный;;;9;;;13.5;22.9;23.9;25.0;;;;;;;;
20;В;Régis Mukendi;Н/Д;€0;;Достаточно настойчивый;;;3;;;37.5;43.3;44.4;47.4;;;;;;;;
20;З (Ц);Veron Burton;Н/Д;€0;;Низкая самооценка;;;4;;;14.8;22.5;23.2;24.0;;;;;;;;
19;З/КЗ (Л), АП (ПЛ);Jago Harper;Н/Д;€0;;Неамбициозный;;;9;;;13.0;21.7;22.3;23.5;;;;;;;;
20;АП (ПЛ), НП (Ц);Alan Kane;Н/Д;€0;;Неамбициозный;;;6;;;13.6;22.5;23.3;24.0;;;;;;;;
20;З (ЛЦ);Bakary Manneh;€12,000 в год;€0;;Достаточно настойчивый;;;9;;;16.8;25.9;26.8;28.3;;;;;;;;
20;З (ПЦ), ОП, П (Ц);Luis Lilley;Н/Д;€0;;Тверд в решениях;;;8;;;16.3;24.9;25.5;26.6;;;;;;;;
20;В;Alex Conway;Н/Д;€0;;Достаточно профессионален;;;1;;;39.1;43.7;44.8;45.2;;;;;;;;
20;П (Ц), АП (П), НП (Ц);Jackson Ellis;€2,900 в год;€0;;Достаточно профессионален;;;7;;;13.4;22.4;22.8;23.5;;;;;;;;
20;П (Л), АП (ЛЦ), НП (Ц);Elvis Onguene;€5,750 в год;€0;;Сдержанный;;;9;;;12.7;26.0;26.8;27.6;;;;;;;;
19;НП (Ц);Shaun Tavernier;Н/Д;€0;;Неамбициозный;;;11;;;11.6;20.5;21.3;21.7;;;;;;;;
20;З/П (Ц), НП (Ц);Joël Kawaya;Н/Д;€0;;Достаточно дисциплинированный;;;8;;;15.3;25.3;26.4;26.7;;;;;;;;
20;АП (П), НП (Ц);Peter Holloway;Н/Д;€0;;Достаточно профессионален;;;6;;;12.5;20.3;21.2;22.7;;;;;;;;
20;З (ЛЦ);Carl Richards;Н/Д;€0;;Достаточно профессионален;;;5;;;15.2;23.2;24.1;25.2;;;;;;;;
20;АП (П), НП (Ц);Evan Nash;Н/Д;€0;;Нерешительный;;;6;;;12.4;20.7;21.3;21.7;;;;;;;;
20;П (ПЛЦ), АП (П);Joe Phillips;Н/Д;€0;;Сдержанный;;;4;;;12.8;20.4;21.0;21.7;;;;;;;;
20;З (ПЦ), ОП;Klæmint Thomsen;Н/Д;€0;;Неамбициозный;;;7;;;17.2;26.8;27.6;28.7;;;;;;;;
20;АП (П), НП (Ц);Alexander Tonkinson;€8,750 в год;€0;;Легкомысленный;;;7;;;14.5;24.3;25.4;26.1;;;;;;;;
19;ОП, П (ЛЦ), АП (Ц);John Rowley;€5,000 в год;€0;;Достаточно профессионален;;;6;;;18.0;29.6;30.6;31.7;;;;;;;;
16;З (Ц), ОП;Kane Carlton;€300 в год;€0;;Неамбициозный;;;7;;;15.4;24.1;24.6;25.3;;;;;;;;
19;АП (П), НП (Ц);Martin Alderton;Н/Д;€0;;Достаточно настойчивый;;;9;;;12.3;20.3;21.0;22.1;;;;;;;;
20;П (Л), АП (ЛЦ);Vince Melbourne;Н/Д;€0;;Достаточно дисциплинированный;;;11;;;12.7;21.8;22.6;23.8;;;;;;;;
16;П/АП (Ц);Bradley Pattison;€300 в год;€0;;Достаточно профессионален;;;6;;;16.6;25.9;26.5;27.6;;;;;;;;
20;З/П (Ц);Matty Convery;Н/Д;€0;;Легкомысленный;;;4;;;18.3;25.1;25.5;26.6;;;;;;;;
19;КЗ (Л), П/АП (П);Luke Jones;Н/Д;€0;;Сдержанный;;;5;;;12.1;20.4;21.0;21.7;;;;;;;;
20;З (Ц), ОП, П (Ц);Rory Cahill;Н/Д;€0;;Энергичный;;;8;;;16.5;21.1;21.4;22.2;;;;;;;;
20;В;Ryan Forrest;€7,750 в год;€0;;Неамбициозный;;;2;;;35.7;41.0;42.4;45.4;;;;;;;;
19;З (ЛЦ);Lindon Mullan;€6,500 в год;€0;;Неамбициозный;;;8;;;17.4;29.2;30.2;30.6;;;;;;;;
20;З (ПЦ), ОП, НП (Ц);Emmanuel Baffour;Н/Д;€0;;Достаточно настойчивый;;;3;;;14.3;21.8;22.7;23.1;;;;;;;;
20;П/АП (Ц), НП (Ц);Gary Casey;€7,250 в год;€0;;Достаточно профессионален;;;11;;;15.8;28.1;28.6;29.0;;;;;;;;
20;З (ЛЦ), КЗ (Л);John O'Connor;Н/Д;€0;;Неамбициозный;;;6;;;13.2;19.4;19.7;20.8;;;;;;;;
17;АП (ЛЦ);Evan Fitzgerald;Н/Д;€0;;Достаточно настойчивый;;;10;;;17.1;29.7;30.2;30.9;;;;;;;;
16;З (Ц);Wesley Pride;€300 в год;€0;;Решительный;;;5;;;18.4;26.9;27.7;28.4;;;;;;;;
17;З (ПЦ), КЗ (П);Prince Ngiamba;Н/Д;€0;;Достаточно лояльный;;;5;;;15.9;24.4;25.1;25.5;;;;;;;;
20;З (ПЦ), ОП, П (Ц);Calvin Mwangi;€14,750 в год;€0;;Нерешительный;;;6;;;18.2;26.6;27.2;27.9;;;;;;;;
17;З (ПЛЦ);Bright Adah;Н/Д;€0;;Сдержанный;;;5;;;15.7;23.7;24.6;25.7;;;;;;;;
16;П/АП (Л);Leeroy Westlake;€300 в год;€0;;Сдержанный;;;9;;;13.8;22.5;23.2;24.6;;;;;;;;
20;П (ПЦ), АП (Ц);Connor Reynolds;€10,750 в год;€0;;Нерешительный;;;12;;;13.8;24.1;25.0;26.1;;;;;;;;
19;П (Ц);Paul Hearn;Н/Д;€0;;Неамбициозный;;;5;;;16.7;28.2;28.9;30.0;;;;;;;;
19;П (Ц), АП (П), НП (Ц);Cameron Adams;€11,500 в год;€0;;Сдержанный;;;7;;;12.2;21.5;22.0;22.8;;;;;;;;
20;В;Ben Betts;Н/Д;€0;;Сдержанный;;;2;;;35.4;38.1;39.0;39.4;;;;;;;;
17;АП (Л), НП (Ц);Lamar Arthur;Н/Д;€0;;Неамбициозный;;;6;;;14.9;22.5;22.8;23.2;;;;;;;;
20;П/АП (ЛЦ), НП (Ц);Connor Wilkinson;Н/Д;€0;;Сдержанный;;;9;;;14.2;21.3;21.8;22.6;;;;;;;;
20;П/АП (Ц);Owen Anderson;Н/Д;€0;;Неамбициозный;;;6;;;16.2;26.2;26.8;27.5;;;;;;;;
20;В;Ben Osborne;Н/Д;€0;;Сдержанный;;;1;;;36.8;43.0;44.9;45.6;;;;;;;;
17;П/АП (Ц);Dramane Koné;Н/Д;€0;;Достаточно профессионален;;;8;;;18.0;29.8;30.5;30.9;;;;;;;;
20;З (Ц);Greg Evans;€7,000 в год;€0;;Неамбициозный;;;8;;;17.2;25.3;26.1;26.4;;;;;;;;
20;П (Ц), НП (Ц);Stephen Gregory;Н/Д;€0;;Достаточно дисциплинированный;;;7;;;14.0;23.2;23.8;25.0;;;;;;;;
20;З (ЛЦ);Neal Williamson;Н/Д;€0;;Сдержанный;;;5;;;17.3;26.5;27.0;28.2;;;;;;;;
20;П (ЛЦ), АП (Ц);Des Clark;Н/Д;€0;;Неамбициозный;;;10;;;12.6;19.6;20.2;20.6;;;;;;;;
20;З (ЛЦ);Jon Balsom;Н/Д;€0;;Достаточно настойчивый;;;4;;;18.8;25.6;26.0;27.1;;;;;;;;
17;В;Miles Harker;€300 в год;€0;;Нерешительный;;;4;;;39.2;44.6;46.1;46.8;;;;;;;;
20;П (П), АП (ПЛ);Darren Johnson;Н/Д;€0;;Неамбициозный;;;13;;;14.8;25.2;26.0;27.2;;;;;;;;
20;П/АП (П), НП (Ц);Ashley Leonard;€7,250 в год;€0;;Сдержанный;;;11;;;13.6;23.5;24.5;25.2;;;;;;;;
19;В;Roy O'Brien;Н/Д;€0;;Сдержанный;;;1;;;41.1;50.8;52.4;55.8;;;;;;;;
20;В;Ali Winter;Н/Д;€0;;Достаточно дисциплинированный;;;2;;;36.5;42.0;43.4;44.1;;;;;;;;
16;АП (П), НП (Ц);Ollie York;€300 в год;€0;;Неамбициозный;;;6;;;12.1;23.3;23.8;24.2;;;;;;;;
19;П (Л), АП (ПЛ), НП (Ц);David Verdonck;Н/Д;€0;;Энергичный;;;6;;;13.8;22.8;23.3;24.0;;;;;;;;
20;В;Andy Kersh;Н/Д;€0;;Сдержанный;;;2;;;35.0;41.4;43.0;44.2;;;;;;;;
20;П/АП (Л), НП (Ц);Liam Warwick;€15,750 в год;€0;;Нерешительный;;;8;;;15.2;25.4;26.0;26.3;;;;;;;;
19;З (ПЛЦ);Jacob Empson;Н/Д;€0;;Непостоянный;;;6;;;19.6;26.8;27.4;27.7;;;;;;;;
17;НП (Ц);Ben Bye;€300 в год;€0;;Неамбициозный;;;6;;;14.3;24.5;25.2;26.7;;;;;;;;
17;П/АП (Ц);Víctor Sánchez;Н/Д;€0;;Сдержанный;;;10;;;16.3;28.8;29.8;30.1;;;;;;;;
20;З (ЛЦ), КЗ (Л);Ryan Hopkins;Н/Д;€0;;Неамбициозный;;;4;;;15.8;23.6;24.2;24.5;;;;;;;;
20;З (Ц), ОП, П (Ц);Steve Tavernier;€11,000 в год;€0;;Неамбициозный;;;6;;;16.2;31.3;32.3;32.7;;;;;;;;
20;П (Ц), АП (ПЦ);Devantay McGowan;€17,500 в год;€0;;Ненадежный;;;10;;;16.8;27.8;28.7;29.4;;;;;;;;
17;В;Taylor Paxton;Н/Д;€0;;Низкая самооценка;;;2;;;31.9;37.9;39.2;40.0;;;;;;;;
20;З/КЗ (П);Jamie Kidd;Н/Д;€0;;Темпераментный;;;7;;;17.0;25.4;26.0;26.4;;;;;;;;
20;П (ЛЦ), НП (Ц);Haluk Demircan;Н/Д;€0;;Сдержанный;;;7;;;13.1;23.1;23.7;24.0;;;;;;;;
20;З/П (Ц);Dylan Butler;Н/Д;€0;;Темпераментный;;;4;;;14.2;23.0;23.6;24.0;;;;;;;;
19;ОП, П (ПЦ);Chris Jameson;Н/Д;€0;;Ненадежный;;;8;;;18.5;33.0;34.3;35.0;;;;;;;;
20;В;Mohammed Silas;Н/Д;€0;;Неамбициозный;;;2;;;37.4;44.7;46.8;50.6;;;;;;;;
20;П/АП (Ц);Emmanuel Ugochukwu;Н/Д;€0;;Нерешительный;;;6;;;17.5;28.8;29.5;30.2;;;;;;;;
20;ОП, П (ЛЦ);Simon Preece;Н/Д;€0;;Нерешительный;;;10;;;17.5;29.0;29.6;30.3;;;;;;;;
20;АП (Л), НП (Ц);Filip Pazdan;Н/Д;€0;;Неамбициозный;;;6;;;13.9;25.9;27.0;28.1;;;;;;;;
20;З (ЛЦ);Lee Hanna;Н/Д;€0;;Неамбициозный;;;5;;;17.2;27.7;28.6;29.3;;;;;;;;
20;П/АП (Ц), НП (Ц);Josh Lee;Н/Д;€0;;Достаточно профессионален;;;10;;;13.4;21.4;21.9;23.0;;;;;;;;
20;З/КЗ (П);Peter Evans;Н/Д;€0;;Сдержанный;;;10;;;14.4;23.7;24.3;25.0;;;;;;;;
19;В;Richard Bamber;Н/Д;€0;;Сдержанный;;;1;;;38.4;41.9;42.9;44.1;;;;;;;;
20;П (Ц), АП (ПЛЦ);Michael Gilmore;Н/Д;€0;;Неамбициозный;;;8;;;12.4;21.6;22.0;23.2;;;;;;;;
20;НП (Ц);Eddy Bamford;Н/Д;€0;;Сдержанный;;;11;;;15.6;24.6;25.2;25.9;;;;;;;;
19;З (Л);Warren Jeffreys;Н/Д;€0;;Сдержанный;;;6;;;17.4;26.3;27.0;28.5;;;;;;;;
20;З (Ц);Marty McCrory;Н/Д;€0;;Неамбициозный;;;4;;;13.7;21.1;21.6;22.7;;;;;;;;
20;П/АП (ПЦ);Isaac Emeka;Н/Д;€0;;Непостоянный;;;10;;;16.7;27.8;28.6;30.1;;;;;;;;
20;В;Duane Jackson;Н/Д;€0;;Сдержанный;;;1;;;29.9;38.6;41.0;43.2;;;;;;;;
20;З (ПЦ), КЗ/П/АП (П);Abdul Shyllon;Н/Д;€0;;Неамбициозный;;;10;;;10.8;20.7;21.6;22.8;;;;;;;;
17;АП (Ц), НП (Ц);Christian Micallef;Н/Д;€0;;Сдержанный;;;9;;;14.4;24.7;25.5;26.7;;;;;;;;
20;З (ЛЦ), ОП;Alex Tomlinson;Н/Д;€0;;Неамбициозный;;;4;;;19.8;28.1;28.9;29.3;;;;;;;;
19;П (ПЦ), АП (П), НП (Ц);Jan Jones;Н/Д;€0;;Сдержанный;;;10;;;15.0;23.0;23.6;23.9;;;;;;;;
20;В;Neal Hicks;€2,700 в год;€0;;Достаточно лояльный;;;2;;;33.6;36.6;37.6;38.4;;;;;;;;
21;П/АП (Ц);Matthew Granger;€14,250 в год;€0;;Энергичный;;;11;;;14.5;23.2;23.7;24.4;;;;;;;;
20;П (ПЛ), АП (ПЛЦ);Hussein Wagstaff;Н/Д;€0;;Жизнерадостный;;;8;;;13.2;21.5;22.2;23.3;;;;;;;;
20;З/П (Ц);Michael Williams;€11,000 в год;€0;;Непостоянный;;;5;;;15.6;24.0;24.7;25.4;;;;;;;;
20;В;Youssef El Amrani;€14,500 в год;€0;;Неамбициозный;;;2;;;37.4;45.9;47.6;48.0;;;;;;;;
20;З/КЗ (П);Carl Roberts;Н/Д;€0;;Сдержанный;;;6;;;15.2;22.0;22.5;23.2;;;;;;;;
20;В;Kevin Leach;Н/Д;€0;;Неамбициозный;;;1;;;30.6;37.2;39.2;40.0;;;;;;;;
20;П/АП (ПЦ);Sion Wyn Jones;Н/Д;€0;;Неамбициозный;;;9;;;18.0;28.9;29.8;30.9;;;;;;;;
19;З (Ц);Ousman Sarr;Н/Д;€0;;Неамбициозный;;;6;;;13.9;20.1;20.5;21.3;;;;;;;;
20;В;Martin Ramos;€1,700 в год;€0;;Нерешительный;;;2;;;30.6;37.3;38.6;42.7;;;;;;;;
20;З (ЛЦ);Loric Mayulu-Kadima;€1,500 в год;€0;;Сдержанный;;;5;;;17.6;25.9;26.8;27.2;;;;;;;;
19;П/АП (ЛЦ);Ollie Roberts;Н/Д;€0;;Неамбициозный;;;8;;;14.8;27.7;28.2;29.0;;;;;;;;
19;В;Mike Sampson;Н/Д;€0;;Профессионал;;;4;;;39.9;46.0;47.5;49.7;;;;;;;;
20;П/АП (Л);Archie Walker;Н/Д;€0;;Неамбициозный;;;12;;;15.1;24.7;25.4;25.8;;;;;;;;
20;КЗ (П), П (ЛЦ);Logan Casey;Н/Д;€0;;Неамбициозный;;;11;;;14.8;22.0;22.3;23.4;;;;;;;;
17;АП (Л);Jamie Robinson;Н/Д;€0;;Нерешительный;;;9;;;16.0;25.9;26.8;27.2;;;;;;;;
20;П/АП (Ц);Callum Burgess;Н/Д;€0;;Достаточно настойчивый;;;7;;;16.4;29.3;30.4;31.1;;;;;;;;
19;АП (П), НП (Ц);Dean Bate;Н/Д;€0;;Напористый;;;9;;;12.2;23.2;24.2;24.6;;;;;;;;
20;П (П), НП (Ц);Mitchell Lynch;Н/Д;€0;;Сдержанный;;;6;;;14.8;21.3;21.8;22.2;;;;;;;;
20;В;Matt Andrew;€4,700 в год;€0;;Неамбициозный;;;2;;;38.5;44.2;45.6;46.0;;;;;;;;
20;З (Ц), ОП, П (Ц);David McHugh;Н/Д;€0;;Неамбициозный;;;8;;;17.8;26.9;27.4;28.5;;;;;;;;
20;З (ПЦ), КЗ (Л);Dan Turner;Н/Д;€0;;Наемник;;;6;;;15.9;25.5;26.4;26.7;;;;;;;;
20;З/КЗ (Л);Liam New;€15,000 в год;€0;;Тверд в решениях;;;5;;;13.0;22.5;23.3;23.6;;;;;;;;
20;П/АП (Ц);Dominic Keating;Н/Д;€0;;Тверд в решениях;;;8;;;15.9;27.3;27.8;29.4;;;;;;;;
20;В;Harry Green;Н/Д;€0;;Достаточно амбициозный;;;2;;;37.7;45.9;48.1;51.1;;;;;;;;
19;П/АП (Л);Harley Milton;Н/Д;€0;;Нерешительный;;;7;;;16.6;27.5;28.2;28.9;;;;;;;;
20;П/АП (П), НП (Ц);Dennis Douglas;Н/Д;€0;;Сдержанный;;;4;;;13.8;20.6;21.1;22.2;;;;;;;;
20;З (ПЦ);Jeremy Rowland;Н/Д;€0;;Неамбициозный;;;2;;;17.8;24.7;25.2;26.3;;;;;;;;
17;З/КЗ (П);Jacob Tinkler;Н/Д;€0;;Достаточно профессионален;;;6;;;17.4;26.4;27.2;27.6;;;;;;;;
19;З (ПЛЦ);Marc Henshaw;Н/Д;€0;;Сдержанный;;;7;;;16.8;24.0;24.6;25.3;;;;;;;;
17;З (ПЦ), П/АП (Ц);Joey Beech;€300 в год;€0;;Тверд в решениях;;;12;;;17.0;27.7;28.5;28.9;;;;;;;;
20;АП (П), НП (Ц);Caron Gruffydd;Н/Д;€0;;Достаточно амбициозный;;;4;;;14.7;22.6;23.0;24.2;;;;;;;;
20;В;Rory Richards;Н/Д;€0;;Неамбициозный;;;2;;;37.0;42.9;44.6;45.8;;;;;;;;
20;З (ПЦ);Luke Allen;Н/Д;€0;;Неамбициозный;;;5;;;13.2;20.5;21.0;21.7;;;;;;;;
20;В;David Siddall;Н/Д;€0;;Неамбициозный;;;4;;;31.4;39.1;40.6;42.1;;;;;;;;
20;НП (Ц);Andy Weaver;Н/Д;€0;;Сдержанный;;;7;;;13.7;22.1;23.0;23.7;;;;;;;;
20;З (Ц);Sam Hammond;Н/Д;€0;;Ненадежный;;;6;;;15.1;21.3;21.7;23.2;;;;;;;;
19;НП (Ц);Edward Bennett;Н/Д;€0;;Неамбициозный;;;8;;;13.1;21.0;21.4;22.5;;;;;;;;
19;П/АП (Ц);Kingsley Sulieman;Н/Д;€0;;Неамбициозный;;;13;;;16.2;28.9;29.6;30.4;;;;;;;;
20;В;Stuart Morrow;Н/Д;€0;;Достаточно амбициозный;;;4;;;34.4;38.8;39.8;43.5;;;;;;;;
20;З/П (Л);Tommy Pope;Н/Д;€0;;Легкомысленный;;;3;;;20.2;27.2;27.7;28.1;;;;;;;;
20;З (П);Jahmal Theodros;Н/Д;€0;;Неамбициозный;;;5;;;17.0;25.7;26.2;27.3;;;;;;;;
20;ОП, П/АП (Ц);Garry Gourlay;Н/Д;€0;;Достаточно профессионален;;;9;;;15.7;26.8;27.5;27.9;;;;;;;;
19;З (ПЦ);Max Reid;€4,300 в год;€0;;Неамбициозный;;;5;;;20.9;28.1;28.6;29.8;;;;;;;;
20;З (ЛЦ);Liam Blair-Burrows;Н/Д;€0;;Сдержанный;;;5;;;17.5;25.6;26.2;26.6;;;;;;;;
20;АП (ПЛЦ), НП (Ц);Simon Büsing;Н/Д;€0;;Профессионал;;;12;;;12.2;21.8;22.7;23.1;;;;;;;;
19;П/АП (Ц);Louie Jenner;Н/Д;€0;;Неамбициозный;;;7;;;13.4;24.9;25.9;27.0;;;;;;;;
20;З/КЗ (П);Charlie Delve;Н/Д;€0;;Неамбициозный;;;6;;;18.6;26.2;26.6;27.7;;;;;;;;
20;П/АП (Ц);Oscar Melbourne;Н/Д;€0;;Нерешительный;;;9;;;14.4;28.2;29.2;30.3;;;;;;;;
19;АП (ПЦ), НП (Ц);Tommy Fotheringham;€8,250 в год;€0;;Достаточно профессионален;;;10;;;13.0;23.6;24.2;24.5;;;;;;;;
20;В;Matty King;Н/Д;€0;;Неамбициозный;;;1;;;38.2;40.2;41.0;41.4;;;;;;;;
20;З/КЗ/П (П);Emmanuel Haynes;€6,250 в год;€0;;Сдержанный;;;9;;;15.5;23.6;24.2;25.4;;;;;;;;
19;З (Ц);Garry Murray;Н/Д;€0;;Достаточно дисциплинированный;;;3;;;15.7;22.9;23.7;24.4;;;;;;;;
20;АП (П), НП (Ц);Gareth McKeever;Н/Д;€0;;Неамбициозный;;;7;;;15.2;23.4;24.2;25.3;;;;;;;;
20;ОП, П (ЛЦ);Jimmy Lynch;Н/Д;€0;;Нерешительный;;;8;;;16.6;29.6;30.6;31.0;;;;;;;;
19;В;Ali Sarr;Н/Д;€0;;Нерешительный;;;3;;;40.3;46.8;48.0;50.2;;;;;;;;
20;НП (Ц);Craig Randall;Н/Д;€0;;Нерешительный;;;7;;;14.7;23.8;24.7;25.0;;;;;;;;
20;З/П (Ц);Quinton Richards;Н/Д;€0;;Реалист;;;4;;;13.4;21.6;22.2;22.9;;;;;;;;
19;З/КЗ (П);Conor Tolfrey;Н/Д;€0;;Достаточно лояльный;;;3;;;16.8;24.3;24.8;25.9;;;;;;;;
19;П (ПЛ), АП (Л);Ethan Jackson;Н/Д;€0;;Достаточно настойчивый;;;8;;;11.1;19.4;20.1;20.8;;;;;;;;
19;З (ЛЦ);Bryan Bryan;Н/Д;€0;;Нерешительный;;;6;;;16.0;24.4;24.9;26.0;;;;;;;;
16;ОП, П (Ц), АП (ПЦ);Dean Essuman;€300 в год;€0;;Неамбициозный;;;12;;;14.6;26.0;26.6;27.8;;;;;;;;
17;НП (Ц);Ross Hailes;€300 в год;€0;;Профессионал;;;8;;;12.8;21.5;22.0;22.8;;;;;;;;
17;П (Ц), АП (ЛЦ);Brais;€300 в год;€0;;Неамбициозный;;;9;;;12.6;23.8;24.8;25.9;;;;;;;;
17;З (Ц);Saidu Conteh;€300 в год;€0;;Сдержанный;;;5;;;15.0;21.8;22.5;22.9;;;;;;;;
17;З (ЛЦ), ОП, П (Ц);Robbie Riley-Stewart;€300 в год;€0;;Профессионал;;;7;;;18.2;26.4;27.4;28.1;;;;;;;;
17;П (Ц);Jay McIntosh;€300 в год;€0;;Сдержанный;;;6;;;16.7;26.0;26.6;27.3;;;;;;;;
17;З (Ц), ОП, П (Ц);Lucas Lloyd;Н/Д;€0;;Бесхарактерный;;;6;;;16.0;29.0;29.7;30.8;;;;;;;;
16;АП (Л), НП (Ц);Geoff Frith;€300 в год;€0;;Неамбициозный;;;6;;;11.9;20.6;21.2;22.4;;;;;;;;
17;З (П);Joe Rogers;€300 в год;€0;;Неамбициозный;;;6;;;16.1;24.0;24.6;25.7;;;;;;;;
17;З (ПЦ);Ritson Woodfine-Wandless;Н/Д;€0;;Достаточно настойчивый;;;3;;;16.3;26.7;27.7;28.1;;;;;;;;
17;ОП;Drew Fenton;€300 в год;€0;;Сдержанный;;;5;;;16.3;28.3;29.2;29.6;;;;;;;;
17;АП (ЛЦ);John Hicks;€300 в год;€0;;Достаточно лояльный;;;6;;;14.9;24.1;25.0;25.4;;;;;;;;
17;З (ПЦ), П (Ц);Jamie Leitch;€300 в год;€0;;Достаточно дисциплинированный;;;5;;;16.8;25.0;25.6;26.4;;;;;;;;
17;П (Ц), АП (ПЦ);James Baldwin;€300 в год;€0;;Сдержанный;;;13;;;14.0;23.2;23.8;24.5;;;;;;;;
17;З (ПЛЦ);Tony Brackenbury;Н/Д;€0;;Неамбициозный;;;5;;;17.7;27.7;28.3;29.4;;;;;;;;
17;П (Ц), АП (ПЦ);Shaquille Ross;Н/Д;€0;;Достаточно дисциплинированный;;;13;;;14.7;27.4;28.4;29.5;;;;;;;;
19;В;Ryan Williams;Н/Д;€0;;Реалист;;;1;;;44.4;54.4;56.6;59.2;;;;;;;;
18;В;Mamadou Samb;Н/Д;€0;;Темпераментный;;;5;;;40.4;46.9;48.5;48.8;;;;;;;;
17;АП (П), НП (Ц);Connor Whittington;Н/Д;€0;;Неамбициозный;;;8;;;15.1;25.3;26.0;26.4;;;;;;;;
17;З/П (Ц);Danny Mendum;Н/Д;€0;;Профессионал;;;6;;;16.5;25.5;26.2;27.0;;;;;;;;
17;З (Л);Evan Ryan;Н/Д;€0;;Достаточно дисциплинированный;;;4;;;16.6;25.6;26.4;27.2;;;;;;;;
17;В;Rhys Addison;Н/Д;€0;;Сдержанный;;;3;;;31.9;33.9;34.6;39.1;;;;;;;;
17;ОП, П/АП (Ц);Ollie Hellewell;Н/Д;€0;;Достаточно амбициозный;;;7;;;16.2;24.9;25.7;26.5;;;;;;;;
17;З (ПЦ);Chris Richardson-Barr;Н/Д;€0;;Сдержанный;;;4;;;17.2;24.1;24.6;25.4;;;;;;;;
17;З (Ц);David Kelly;Н/Д;€0;;Реалист;;;11;;;12.3;19.5;20.0;20.7;;;;;;;;
17;П (Ц), АП (ПЦ);Geoff Dix;Н/Д;€0;;Достаточно дисциплинированный;;;9;;;15.1;26.0;26.8;27.9;;;;;;;;
17;В;Warren Andrew;Н/Д;€0;;Легкомысленный;;;1;;;35.0;41.5;43.4;44.9;;;;;;;;
17;П (Ц), АП (ПЦ);Steve Simms;€300 в год;€0;;Неамбициозный;;;7;;;13.6;25.9;26.6;27.3;;;;;;;;
19;З (П), ОП, П (Ц);Jordan Morgan;€1,200 в год;€0;;Ненадежный;;;5;;;19.2;28.4;29.0;29.7;;;;;;;;
18;З (Л);Timothy McDowell;€1,200 в год;€0;;Сдержанный;;;4;;;20.4;28.7;29.2;30.0;;;;;;;;
19;З (ПЦ);George Touré;€1,200 в год;€0;;Сдержанный;;;4;;;19.4;29.1;29.9;30.7;;;;;;;;
19;З (Ц);Ben Sumner;€300 в год;€0;;Достаточно амбициозный;;;4;;;17.0;25.6;26.5;27.6;;;;;;;;
18;З (ПЛЦ);Neil Monk;Н/Д;€0;;Достаточно профессионален;;;5;;;18.9;27.2;27.8;28.6;;;;;;;;
19;З (П), ОП;Neil Halliwell;Н/Д;€0;;Напористый;;;9;;;17.3;27.1;27.9;28.6;;;;;;;;
19;З/КЗ (Л);Enoch Cruttwell;€8,250 в год;€0;;Сдержанный;;;7;;;18.4;27.7;28.3;29.1;;;;;;;;
16;З (ПЦ), КЗ (П);Jack Hunt;€300 в год;€0;;Неамбициозный;;;9;;;12.7;21.5;22.2;23.0;;;;;;;;
17;З (Ц);Jack Murray;€300 в год;€0;;Энергичный;;;2;;;14.8;19.8;20.2;20.6;;;;;;;;
17;П/АП (Л), НП (Ц);Samuel Dunn;Н/Д;€0;;Неамбициозный;;;9;;;14.7;22.2;22.8;23.2;;;;;;;;
17;П/АП (Л);Louie Potton;Н/Д;€0;;Достаточно настойчивый;;;5;;;12.7;20.8;21.4;21.8;;;;;;;;
16;В;Thomas Parrinello;€300 в год;€0;;Сдержанный;;;5;;;34.2;37.6;38.6;40.8;;;;;;;;
17;ОП, П (ЛЦ);Owen Pitman;€300 в год;€0;;Достаточно амбициозный;;;8;;;14.6;24.8;25.4;26.6;;;;;;;;
16;З (ПЦ), АП (П);Brett Hamblin;€300 в год;€0;;Неамбициозный;;;7;;;20.5;30.6;31.4;32.2;;;;;;;;
17;П (ПЛЦ), АП (П);Roy Haley;€300 в год;€0;;Сдержанный;;;10;;;19.1;32.9;34.0;34.8;;;;;;;;
17;З (Ц);Peter Bailey;€300 в год;€0;;Непостоянный;;;8;;;14.8;21.2;21.9;22.2;;;;;;;;
17;З (ЛЦ);James Murphy;€300 в год;€0;;Энергичный;;;5;;;16.9;25.7;26.6;27.3;;;;;;;;
16;З/КЗ (П);Jordan Kelly;€300 в год;€0;;Ненадежный;;;6;;;18.2;27.5;28.2;28.6;;;;;;;;
19;З (ЛЦ);Kamar Ventura;€13,500 в год;€0;;Неамбициозный;;;1;;;19.8;27.0;27.6;28.7;;;;;;;;
17;П/АП (Ц);John Bah;€300 в год;€0;;Темпераментный;;;6;;;17.2;30.0;30.7;31.4;;;;;;;;
17;НП (Ц);Tim Hodson;€300 в год;€0;;Легко разочаровывающийся;;;7;;;13.8;21.8;22.4;22.7;;;;;;;;
18;П (Ц), АП (П), НП (Ц);Louis Cumming;€10,000 в год;€0;;Достаточно профессионален;;;3;;;14.9;24.6;25.6;26.7;;;;;;;;
17;П (Л), АП (ЛЦ);John Alhassan;€300 в год;€0;;Сдержанный;;;11;;;11.4;20.3;20.9;21.7;;;;;;;;
17;В;Nicky Mackay;Н/Д;€0;;Неамбициозный;;;1;;;32.1;38.3;39.3;41.2;;;;;;;;
17;З (ПЛЦ);Kevin Shields;Н/Д;€0;;Сдержанный;;;4;;;16.8;24.3;24.8;26.0;;;;;;;;
17;З (Ц);Dean O'Neill;Н/Д;€0;;Неамбициозный;;;8;;;16.0;22.8;23.3;23.7;;;;;;;;
17;В;Jamie Lima;Н/Д;€0;;Неамбициозный;;;1;;;33.0;41.8;44.1;47.4;;;;;;;;
17;З/КЗ (Л);Niall Grace;Н/Д;€0;;Неамбициозный;;;6;;;16.0;23.8;24.2;24.6;;;;;;;;
17;З/П (Ц);Joel Crawford;Н/Д;€0;;Энергичный;;;8;;;16.5;29.5;30.5;31.6;;;;;;;;
17;З (Ц);Gary Delap;Н/Д;€0;;Неамбициозный;;;9;;;12.9;20.7;21.2;22.3;;;;;;;;
17;П (ПЦ), АП (П), НП (Ц);Barry Armstrong;Н/Д;€0;;Неамбициозный;;;8;;;13.3;20.8;21.6;22.0;;;;;;;;
17;В;Ed Holt;€300 в год;€0;;Достаточно профессионален;;;2;;;35.4;40.9;42.2;42.6;;;;;;;;
16;АП (Л), НП (Ц);Jordan Wood;€300 в год;€0;;Общительный;;;7;;;13.1;20.7;21.2;22.0;;;;;;;;
17;АП (Л), НП (Ц);Rio Green;Н/Д;€0;;Сдержанный;;;6;;;13.8;23.8;24.6;26.1;;;;;;;;
17;П (ЛЦ), АП (Ц);Fitzgerald Greaves;Н/Д;€0;;Неамбициозный;;;10;;;14.0;21.8;22.3;23.1;;;;;;;;
17;КЗ/П/АП (П);Darcy Brett;Н/Д;€0;;Достаточно профессионален;;;7;;;16.3;25.8;26.4;26.8;;;;;;;;
17;В;Paul Griffiths;Н/Д;€0;;Нерешительный;;;4;;;33.8;39.2;40.3;41.0;;;;;;;;
16;З (ЛЦ), КЗ (Л);Mike Caulfield;€300 в год;€0;;Сдержанный;;;7;;;16.0;25.1;25.6;26.3;;;;;;;;
17;В;Jordan York;Н/Д;€0;;Достаточно настойчивый;;;1;;;36.6;41.5;43.0;43.7;;;;;;;;
17;П (ЛЦ), АП (Ц);John Addison;Н/Д;€0;;Энергичный;;;6;;;16.0;24.2;25.0;25.7;;;;;;;;
17;З (ПЦ);John Smith;Н/Д;€0;;Неамбициозный;;;5;;;15.6;24.9;25.5;26.2;;;;;;;;
19;В;Hakkı Arık;Н/Д;€0;;Сдержанный;;;2;;;39.2;47.7;49.7;51.2;;;;;;;;
17;В;Daniel Robson;Н/Д;€0;;Сдержанный;;;1;;;36.2;43.6;45.2;45.6;;;;;;;;
19;З (П);Michael Field;€8,750 в год;€0;;Сдержанный;;;7;;;15.7;24.7;25.5;26.3;;;;;;;;
17;З/КЗ/АП (П);Kiran Akhazzan;Н/Д;€0;;Нерешительный;;;5;;;12.3;20.2;20.6;21.8;;;;;;;;
17;ОП, П (Ц);Peter Lane;€300 в год;€0;;Сдержанный;;;5;;;17.8;25.4;25.9;27.0;;;;;;;;
17;В;Andreas Kyriakou;Н/Д;€0;;Легкомысленный;;;2;;;34.2;41.5;43.2;46.6;;;;;;;;
17;П/АП (Ц);Furkan Vatansever;Н/Д;€0;;Нерешительный;;;8;;;14.4;26.4;27.1;27.8;;;;;;;;
17;П (ЛЦ);Ceyhun Quliyev;Н/Д;€0;;Ненадежный;;;8;;;16.4;27.0;27.7;28.1;;;;;;;;
17;З/КЗ (П);Nigel Campbell;Н/Д;€0;;Легкомысленный;;;6;;;16.5;22.2;22.8;23.5;;;;;;;;
19;П/АП (ПЦ);James Fulton;Н/Д;€0;;Достаточно профессионален;;;6;;;12.8;25.8;26.6;27.7;;;;;;;;
17;В;Eddie Waters;€300 в год;€0;;Сдержанный;;;3;;;32.2;36.8;37.9;38.3;;;;;;;;
17;П/АП (П), НП (Ц);Bruce Grace-Bareck;€300 в год;€0;;Наемник;;;7;;;12.5;19.2;19.6;20.3;;;;;;;;
17;З (Ц), ОП;Iker Quero;€300 в год;€0;;Сдержанный;;;6;;;14.7;21.1;21.6;22.7;;;;;;;;
17;З (ПЦ);Lewis Eagle;€300 в год;€0;;Неамбициозный;;;4;;;17.5;25.1;25.9;27.0;;;;;;;;
19;З (Ц);Bryan Curnyn;€13,750 в год;€0;;Сдержанный;;;6;;;18.0;27.6;28.4;28.8;;;;;;;;
17;З/П (Ц);Callum Thompson;€300 в год;€0;;Сдержанный;;;4;;;16.4;24.5;25.0;25.4;;;;;;;;
17;П (ПЦ), АП (Ц);Gary Devine;€300 в год;€0;;Неамбициозный;;;10;;;13.7;23.0;23.7;24.0;;;;;;;;
18;В;Darragh Keogh;Н/Д;€0;;Сдержанный;;;1;;;39.2;45.1;46.3;46.7;;;;;;;;
17;В;John Page;€300 в год;€0;;Нерешительный;;;1;;;36.3;43.8;46.0;46.8;;;;;;;;
17;З (ЛЦ);Ashley Lee;€300 в год;€0;;Неамбициозный;;;4;;;15.4;23.8;24.5;25.3;;;;;;;;
17;З/КЗ (Л);Ollie Leaney;€300 в год;€0;;Лояльный;;;10;;;15.6;23.0;23.8;24.9;;;;;;;;
17;П/АП (П);Alex Adams;€300 в год;€0;;Нерешительный;;;11;;;13.0;20.9;21.5;21.8;;;;;;;;
17;З (П);Dan Davies;€300 в год;€0;;Сдержанный;;;4;;;15.3;24.7;25.5;25.8;;;;;;;;
16;НП (Ц);Alexander Webb;€300 в год;€0;;Ненадежный;;;10;;;13.2;22.0;22.9;23.3;;;;;;;;
17;П (Л), АП (ПЛ), НП (Ц);Darryl Starkey;Н/Д;€0;;Сдержанный;;;7;;;10.3;18.1;18.8;19.2;;;;;;;;
17;З (ПЦ), ОП, П (Ц);Lawson Drake;Н/Д;€0;;Неамбициозный;;;10;;;15.4;27.2;27.8;28.6;;;;;;;;
18;В;Bradley Grundy;Н/Д;€0;;Непостоянный;;;1;;;31.4;38.5;40.6;41.3;;;;;;;;
18;З (Ц);Stephen Omoregie;Н/Д;€0;;Сдержанный;;;4;;;15.5;23.5;24.0;24.4;;;;;;;;
17;П (Ц);Sean Murray;Н/Д;€0;;Неамбициозный;;;8;;;15.7;27.5;28.2;28.9;;;;;;;;
18;В;Jon Fahiya;€4,100 в год;€0;;Неамбициозный;;;7;;;40.7;48.2;49.4;50.9;;;;;;;;
16;З/П (Ц);William Stanley;€1,200 в год;€0;;Сдержанный;;;9;;;19.2;29.0;29.6;30.7;;;;;;;;
16;НП (Ц);Chris Hagerty;€300 в год;€0;;Энергичный;;;10;;;13.6;27.7;28.9;30.0;;;;;;;;
15;П (Ц);Marcus Cook;€300 в год;€0;;Спортивный;;;10;;;16.3;30.6;31.5;31.8;;;;;;;;
15;В;Andy Jones;€300 в год;€0;;Неамбициозный;;;7;;;37.1;43.8;45.2;46.0;;;;;;;;
19;П (Ц), АП (П), НП (Ц);Ethan Balogun;€8,250 в год;€0;;Нерешительный;;;7;;;15.5;25.6;26.3;27.1;;;;;;;;
16;ОП;Joseph Sale;€300 в год;€0;;Неамбициозный;;;7;;;15.8;23.3;24.0;24.8;;;;;;;;
15;В;Ernie McDaid;€300 в год;€0;;Неамбициозный;;;1;;;38.6;47.7;50.0;50.8;;;;;;;;
16;ОП, П (ЛЦ);Callum Clarke;€300 в год;€0;;Сдержанный;;;10;;;16.8;25.8;26.6;27.7;;;;;;;;
19;НП (Ц);Declan Hayton;€13,000 в год;€0;;Достаточно амбициозный;;;8;;;16.2;28.4;29.6;30.7;;;;;;;;
16;КЗ (Л);Mykal Dickenson;€300 в год;€0;;Сдержанный;;;5;;;14.1;23.2;23.9;24.6;;;;;;;;
19;П (Ц), АП (ПЛЦ), НП (Ц);Elliott Marshall;Н/Д;€0;;Энергичный;;;7;;;15.6;23.9;24.5;24.9;;;;;;;;
16;П (Ц), НП (Ц);Regan Swindell;€300 в год;€0;;Нерешительный;;;7;;;14.5;23.9;24.5;24.8;;;;;;;;
16;З (Ц), ОП;Ricky Elliot;€300 в год;€0;;Неамбициозный;;;4;;;18.0;26.4;27.2;28.3;;;;;;;;
16;П/АП (Л);David Cathcart;€300 в год;€0;;Ненадежный;;;7;;;15.0;25.8;26.6;27.0;;;;;;;;
16;З (Ц);David Darkin;€300 в год;€0;;Неамбициозный;;;4;;;11.9;18.7;19.3;19.7;;;;;;;;
16;КЗ (Л);Michael Lashley;€300 в год;€0;;Сдержанный;;;5;;;14.9;24.0;24.5;24.9;;;;;;;;
16;З (Л);Martyn Flitcroft;€300 в год;€0;;Энергичный;;;5;;;18.3;29.1;30.3;31.8;;;;;;;;
19;В;Jonathan Chisholm;€2,200 в год;€0;;Неамбициозный;;;1;;;33.8;39.9;41.2;47.2;;;;;;;;
16;З (Ц);Markus Heier;€300 в год;€0;;Непостоянный;;;9;;;16.5;25.6;26.8;27.9;;;;;;;;
19;З (Ц);Danny Jones;€2,400 в год;€0;;Сдержанный;;;7;;;14.3;21.6;22.1;23.2;;;;;;;;
16;НП (Ц);Lars Vesterbæk;€300 в год;€0;;Достаточно профессионален;;;6;;;12.9;20.9;21.6;22.4;;;;;;;;
19;З (ПЛЦ), КЗ (П);Oliver Bechtel;€21,000 в год;€0;;Достаточно настойчивый;;;7;;;19.4;27.8;28.4;29.2;;;;;;;;
19;В;Tom Schouten;Н/Д;€0;;Сдержанный;;;8;;;40.2;49.7;51.5;52.3;;;;;;;;
19;П/АП (Л);Zac Warne;€41,000 в год;€0;;Тверд в решениях;;;9;;;16.2;29.0;29.9;30.6;;;;;;;;
19;П (ПЦ), АП (П), НП (Ц);Dale Chesters;€7,500 в год;€0;;Нерешительный;;;9;;;16.3;28.0;28.7;29.8;;;;;;;;
15;З (Ц);Ray Cann;€300 в год;€0;;Энергичный;;;8;;;16.2;25.3;25.9;27.4;;;;;;;;
16;З (Ц), КЗ (Л), ОП;Mark Gallagher;€300 в год;€0;;Достаточно амбициозный;;;5;;;17.0;25.2;26.0;27.1;;;;;;;;
19;З (ПЦ);Japhet Apisa;€11,250 в год;€0;;Темпераментный;;;2;;;18.3;27.4;28.0;28.7;;;;;;;;
16;ОП, П (Ц);Emeka Godswill;€300 в год;€0;;Сдержанный;;;8;;;16.6;27.1;27.7;28.8;;;;;;;;
16;З (Ц);Ian Smyth;€300 в год;€0;;Достаточно настойчивый;;;7;;;14.8;20.5;21.0;22.1;;;;;;;;
16;В;Aaron Claxton;€300 в год;€0;;Нерешительный;;;6;;;32.5;37.8;39.1;39.5;;;;;;;;
19;ОП, П (ЛЦ), АП (Ц);Andy Doolan;€10,000 в год;€0;;Достаточно амбициозный;;;10;;;13.7;29.5;30.7;31.8;;;;;;;;
16;П/АП (Ц);Benjamin Howse;€300 в год;€0;;Неамбициозный;;;11;;;15.6;28.1;28.6;29.0;;;;;;;;
16;НП (Ц);João Guimarães;€300 в год;€0;;Ненадежный;;;7;;;14.2;27.2;28.2;28.9;;;;;;;;
16;П/АП (Ц);Phil McGoldrick;€8,750 в год;€0;;Профессионал;;;5;;;15.2;28.1;29.1;29.8;;;;;;;;
17;НП (Ц);Kevin Harris;Н/Д;€0;;Сдержанный;;;7;;;14.6;23.0;23.8;24.9;;;;;;;;
19;АП (П), НП (Ц);Rory Pennock;€26,500 в год;€0;;Сдержанный;;;8;;;14.6;23.5;24.2;24.6;;;;;;;;
16;З/П (Ц);Haroldas Bogdanavicius;€300 в год;€0;;Достаточно амбициозный;;;7;;;15.8;24.8;25.4;25.7;;;;;;;;
19;З (Ц), ОП, П (Ц);Ian Rodon;€6,750 в год;€0;;Сдержанный;;;2;;;16.1;23.2;23.9;24.2;;;;;;;;
16;В;Sean Doyle;€300 в год;€0;;Реалист;;;1;;;37.0;44.7;46.2;47.3;;;;;;;;
16;В;Eddie Pearce;€300 в год;€0;;Неамбициозный;;;9;;;30.6;37.6;39.1;42.1;;;;;;;;
18;З/КЗ (Л);Shane O'Brien;€4,100 в год;€0;;Неамбициозный;;;6;;;19.8;28.8;29.4;30.5;;;;;;;;
15;З (Ц);Kristian Irwin;€300 в год;€0;;Ненадежный;;;3;;;14.8;22.0;22.6;23.0;;;;;;;;
16;З (ПЦ);Dan Clayton;€300 в год;€0;;Неамбициозный;;;11;;;14.4;23.3;23.8;25.0;;;;;;;;
16;З (П);Wayne Verdon;€300 в год;€0;;Достаточно лояльный;;;3;;;14.2;22.0;22.8;23.5;;;;;;;;
19;З/КЗ (Л);Khamali Thwaites;Н/Д;€0;;Напористый;;;11;;;16.6;24.2;24.8;25.2;;;;;;;;
16;НП (Ц);Thomas Devlin;€300 в год;€0;;Сдержанный;;;6;;;13.2;22.2;23.0;23.8;;;;;;;;
16;ОП;Rashid Lyanga;€300 в год;€0;;Неамбициозный;;;9;;;15.6;22.6;23.2;23.5;;;;;;;;
16;В;Matthew Whitehouse;€300 в год;€0;;Неамбициозный;;;1;;;34.0;41.0;43.0;44.1;;;;;;;;
16;КЗ (П);Mark Mustapha;€300 в год;€0;;Профессионал;;;7;;;17.0;27.4;28.2;29.0;;;;;;;;
16;П (Ц);Danny Ince;€300 в год;€0;;Неамбициозный;;;6;;;15.0;23.3;23.8;24.6;;;;;;;;
16;НП (Ц);Vlatko Istatov;€300 в год;€0;;Сдержанный;;;12;;;14.2;24.7;25.6;26.4;;;;;;;;
16;З (Ц);Lasse Johansen;€300 в год;€0;;Темпераментный;;;8;;;17.7;27.2;28.0;29.1;;;;;;;;
15;АП (Л);Joel Edgson;€300 в год;€0;;Достаточно лояльный;;;6;;;14.1;24.2;24.8;25.6;;;;;;;;
18;П (ПЦ), АП (П), НП (Ц);Sam Kendall;Н/Д;€0;;Профессионал;;;10;;;16.4;27.5;28.1;28.9;;;;;;;;
18;В;Gaz Bishop;Н/Д;€0;;Достаточно профессионален;;;2;;;40.3;48.2;49.1;49.4;;;;;;;;
18;З (Ц);Simon Tipple;€7,500 в год;€0;;Сдержанный;;;5;;;14.6;21.4;22.1;23.2;;;;;;;;
15;П/АП (Ц);Jacob Reynolds;€300 в год;€0;;Сдержанный;;;9;;;16.9;27.4;28.1;28.5;;;;;;;;
16;З (П), П (ЛЦ);Kai Evans;€300 в год;€0;;Нерешительный;;;6;;;12.7;21.0;21.8;22.9;;;;;;;;
19;З (Ц), П (ЛЦ);Kurt Moxey;€12,500 в год;€0;;Неамбициозный;;;8;;;16.8;28.6;29.5;29.9;;;;;;;;
19;П (ЛЦ), АП (Ц);Kenny Catton;€31,500 в год;€0;;Неамбициозный;;;13;;;16.4;31.3;32.5;32.8;;;;;;;;
16;В;Leigh Omolabi;€300 в год;€0;;Неамбициозный;;;2;;;31.4;35.2;36.1;36.8;;;;;;;;
16;НП (Ц);Abdulkadir Kayode;€300 в год;€0;;Неамбициозный;;;8;;;13.3;21.8;22.6;23.7;;;;;;;;
16;З (ПЦ);Daniel Kashindi;€300 в год;€0;;Сдержанный;;;6;;;17.5;25.6;26.2;27.0;;;;;;;;
16;З/КЗ (Л);Chigozie Ogwuche;€300 в год;€0;;Неамбициозный;;;3;;;14.1;22.0;22.7;24.2;;;;;;;;
16;П (Ц), АП (Л), НП (Ц);Tommy Christie;€300 в год;€0;;Нерешительный;;;7;;;17.6;26.1;26.8;27.9;;;;;;;;
16;КЗ (П);Max Edser;€300 в год;€0;;Сдержанный;;;6;;;15.2;24.5;25.2;26.4;;;;;;;;
16;П (Ц), АП (ПЦ);Emmanuel Mohammed;€300 в год;€0;;Нерешительный;;;6;;;13.0;22.9;23.7;24.5;;;;;;;;
16;З/П (Ц);Christian Winter;€300 в год;€0;;Сдержанный;;;12;;;17.4;28.5;29.5;29.8;;;;;;;;
19;З (ЛЦ);Prince Ilunga;€8,750 в год;€0;;Достаточно настойчивый;;;6;;;17.1;24.4;25.2;26.3;;;;;;;;
15;З (Ц);Ross Hussey;€300 в год;€0;;Неамбициозный;;;11;;;15.3;23.0;23.8;24.5;;;;;;;;
18;П (Ц), АП (ПЦ), НП (Ц);William McClean;€15,750 в год;€0;;Энергичный;;;14;;;15.4;28.3;29.2;29.6;;;;;;;;
19;З/П/АП (Ц);Emmanuel Chidi;Н/Д;€0;;Сдержанный;;;11;;;15.9;28.4;29.5;30.2;;;;;;;;
19;П (Ц), АП (ПЛЦ);Stuart Griffiths;Н/Д;€0;;Напористый;;;11;;;14.5;23.7;24.3;24.7;;;;;;;;
19;ОП, П (Ц), АП (ПЦ);Anthony James;€27,000 в год;€0;;Непостоянный;;;7;;;14.2;25.1;25.8;26.6;;;;;;;;
19;З (П), ОП, П (Ц);Will Simpson;€35,500 в год;€0;;Достаточно дисциплинированный;;;7;;;17.7;28.2;28.8;29.2;;;;;;;;
16;В;Peter Saviour;€300 в год;€0;;Неамбициозный;;;3;;;34.8;44.0;45.6;48.3;;;;;;;;
16;В;Dan Quaeck-Bell;€300 в год;€0;;Напористый;;;2;;;40.0;50.7;52.4;55.8;;;;;;;;
16;НП (Ц);Stephen McGee;€300 в год;€0;;Сдержанный;;;7;;;12.5;21.7;22.5;23.6;;;;;;;;
16;В;Steve Green;€300 в год;€0;;Сдержанный;;;3;;;32.7;44.9;47.1;49.7;;;;;;;;
16;З (Ц), ОП;John Etherington;€300 в год;€0;;Нерешительный;;;4;;;16.8;27.4;28.2;28.6;;;;;;;;
16;П (ЛЦ);Geoff Pring;€300 в год;€0;;Неамбициозный;;;10;;;17.4;27.1;27.6;28.7;;;;;;;;
16;З (Ц), ОП;Allen Price;€300 в год;€0;;Неамбициозный;;;5;;;18.2;26.5;27.2;28.3;;;;;;;;
18;П (П), АП (ПЦ), НП (Ц);Alex Steele;€11,500 в год;€0;;Непостоянный;;;14;;;12.5;22.2;22.5;22.8;;;;;;;;
19;З (Ц), ОП, П (Ц);Conor Bray;€7,750 в год;€0;;Наемник;;;5;;;17.0;25.6;26.2;27.0;;;;;;;;
16;П/АП (Л);Jamie Jenkins;€300 в год;€0;;Неамбициозный;;;11;;;15.2;25.0;25.6;26.7;;;;;;;;
15;З (Ц);Kye Perry;€300 в год;€0;;Неамбициозный;;;5;;;16.4;25.7;26.4;27.9;;;;;;;;
17;З (Ц);Rafail Vissaris;Н/Д;€0;;Непостоянный;;;5;;;16.2;25.3;26.2;26.5;;;;;;;;
16;З (Ц);Chris Tait;€300 в год;€0;;Сдержанный;;;5;;;13.1;22.6;23.5;24.6;;;;;;;;
16;З (Ц);Nyasha Mutero;€300 в год;€0;;Сдержанный;;;4;;;15.2;23.2;24.2;25.3;;;;;;;;
16;П (Ц), НП (Ц);Ronnie Hibbs;€300 в год;€0;;Низкая самооценка;;;14;;;13.4;26.3;27.3;27.7;;;;;;;;
16;П/АП (Ц);Amobi Akakem;€300 в год;€0;;Неамбициозный;;;12;;;16.8;28.3;29.0;29.7;;;;;;;;
18;П (Ц), АП (П), НП (Ц);Richard Hassan;€13,750 в год;€0;;Неамбициозный;;;12;;;14.0;23.4;24.1;25.6;;;;;;;;
19;З/П/АП (Ц);Atiba Chumney;€675 в год;€0;;Достаточно профессионален;;;8;;;17.0;29.5;30.4;31.6;;;;;;;;
19;АП (ПЛ), НП (Ц);Steve Crichton;€11,250 в год;€0;;Достаточно лояльный;;;6;;;16.4;29.8;30.7;31.0;;;;;;;;
18;ОП, П/АП (Ц);Alan Simpson;€9,000 в год;€0;;Достаточно профессионален;;;11;;;17.9;30.4;31.2;31.6;;;;;;;;
16;КЗ/П/АП (П);Julius Bassey;€300 в год;€0;;Сдержанный;;;6;;;13.2;19.8;20.2;21.8;;;;;;;;
16;З (ПЛЦ);Michael Unsworth;€300 в год;€0;;Достаточно настойчивый;;;3;;;17.2;24.6;25.1;26.2;;;;;;;;
16;З (Ц);Dion Bradford;€300 в год;€0;;Легко разочаровывающийся;;;8;;;17.5;29.7;30.8;31.2;;;;;;;;
19;АП (ПЦ), НП (Ц);Heiðar Jónsson;€27,000 в год;€0;;Сдержанный;;;9;;;20.0;29.9;30.4;31.2;;;;;;;;
16;АП (ЛЦ), НП (Ц);Danny Robinson;€300 в год;€0;;Достаточно профессионален;;;7;;;13.8;20.6;21.3;22.0;;;;;;;;
16;З (П);Bill Odunston;€300 в год;€0;;Ненадежный;;;11;;;20.2;29.4;30.4;31.1;;;;;;;;
16;З (Ц), ОП;Christopher Hulme;€300 в год;€0;;Неамбициозный;;;6;;;17.7;27.2;28.2;28.9;;;;;;;;
19;З (ПЦ);Jacob Livingstone;€2,900 в год;€0;;Неамбициозный;;;6;;;15.6;24.3;25.1;25.8;;;;;;;;
16;В;Shaun Edwards;€300 в год;€0;;Неамбициозный;;;7;;;35.0;42.4;44.2;47.2;;;;;;;;
16;З (Ц);Augusto Boavida;€300 в год;€0;;Неамбициозный;;;5;;;13.9;20.3;21.0;22.1;;;;;;;;
18;П (ЛЦ), АП (Л);Dara Barnes;€20,500 в год;€0;;Низкая самооценка;;;10;;;18.6;33.6;34.4;34.8;;;;;;;;
19;ОП, П (ПЦ), АП (Ц);Ian Bates;€2,600 в год;€0;;Сдержанный;;;9;;;15.9;27.8;28.6;29.3;;;;;;;;
19;АП (ПЛ), НП (Ц);Jay Moss;€8,000 в год;€0;;Нерешительный;;;9;;;14.0;20.6;21.2;22.0;;;;;;;;
16;З (Л);Billy Allen;€300 в год;€0;;Нерешительный;;;5;;;14.2;24.2;24.9;25.7;;;;;;;;
16;П (ЛЦ);Darragh Flynn;€300 в год;€0;;Сдержанный;;;10;;;17.6;28.8;29.9;30.2;;;;;;;;
16;В;Jared McKee;€300 в год;€0;;Неамбициозный;;;4;;;39.2;49.2;50.9;53.2;;;;;;;;
19;З (ПЦ);James Williams;€13,500 в год;€0;;Сдержанный;;;3;;;15.0;24.6;25.6;26.7;;;;;;;;
16;З/КЗ (П);Martyn Conway;€300 в год;€0;;Сдержанный;;;6;;;15.2;22.3;22.7;23.5;;;;;;;;
16;З/П (Ц);Kevin Smith;€300 в год;€0;;Неамбициозный;;;12;;;17.1;24.9;25.5;26.6;;;;;;;;
16;З (Л);Julian Hicks;€300 в год;€0;;Неамбициозный;;;3;;;13.8;22.0;22.5;22.8;;;;;;;;
15;П (П), АП (ПЦ);Guy Keeton;€300 в год;€0;;Неамбициозный;;;6;;;14.0;22.4;23.0;24.1;;;;;;;;
16;В;Brendan Hunter;€300 в год;€0;;Неамбициозный;;;2;;;35.0;39.4;40.3;40.7;;;;;;;;
16;П (ПЦ), НП (Ц);Steve Fiebig;€300 в год;€0;;Достаточно лояльный;;;7;;;18.1;27.8;28.6;29.4;;;;;;;;
19;З (Ц);Paul Hillcoat;€7,250 в год;€0;;Нерешительный;;;6;;;16.0;24.6;25.2;26.3;;;;;;;;
16;П (Ц), АП (ПЦ);Keith Best;€300 в год;€0;;Неамбициозный;;;4;;;13.8;23.8;24.5;24.9;;;;;;;;
19;П/АП (Ц), НП (Ц);Dave Hemsley;Н/Д;€0;;Неамбициозный;;;8;;;16.7;27.5;28.2;28.6;;;;;;;;
16;АП (ПЦ), НП (Ц);Brad Paterson;€300 в год;€0;;Неамбициозный;;;7;;;12.9;24.8;25.9;26.7;;;;;;;;
16;З (П);Jordan Barton-Walters;€300 в год;€0;;Достаточно дисциплинированный;;;7;;;18.8;29.0;29.9;31.1;;;;;;;;
16;З/КЗ (П);Michael Morrow;€300 в год;€0;;Сдержанный;;;7;;;17.9;27.0;27.6;28.8;;;;;;;;
16;П (Ц);Lorenzo Scaramelli;€300 в год;€0;;Достаточно профессионален;;;5;;;17.5;29.0;29.6;30.0;;;;;;;;
19;В;Max Jordan;€13,750 в год;€0;;Сдержанный;;;7;;;41.5;51.1;52.3;52.7;;;;;;;;
19;В;Ezekiel Jimenez;€11,000 в год;€0;;Достаточно профессионален;;;4;;;39.3;44.7;46.1;46.8;;;;;;;;
19;З (П);Spencer Stokes;€5,750 в год;€0;;Неамбициозный;;;5;;;18.0;26.4;26.9;28.0;;;;;;;;
19;П/АП (Ц);Emmanuel Still;€19,250 в год;€0;;Неамбициозный;;;14;;;17.0;33.4;34.4;35.2;;;;;;;;
19;П (ПЦ), АП (П);Stefano Andriani;€27,000 в год;€0;;Неамбициозный;;;12;;;12.5;24.9;25.8;26.9;;;;;;;;
16;П (ПЦ);Phil Johnson;€300 в год;€0;;Сдержанный;;;5;;;13.8;22.4;22.8;24.0;;;;;;;;
19;В;Vassel Plummer;€10,000 в год;€0;;Достаточно амбициозный;;;1;;;42.8;49.6;50.8;51.2;;;;;;;;
19;З (ПЦ);Mark Haynes;Н/Д;€0;;Непостоянный;;;7;;;16.5;25.3;25.8;26.2;;;;;;;;
16;НП (Ц);Callum Tierney;€300 в год;€0;;Легкомысленный;;;7;;;15.1;26.4;27.2;28.0;;;;;;;;
19;П (ПЦ), АП (Ц), НП (Ц);Josh Green;€9,500 в год;€0;;Сдержанный;;;9;;;17.0;29.2;29.8;30.2;;;;;;;;
16;З (ПЦ);Fraser Kearney;€300 в год;€0;;Нерешительный;;;6;;;14.0;25.0;25.9;26.3;;;;;;;;
19;П/АП (Ц), НП (Ц);Kieran O'Malley;€5,750 в год;€0;;Ненадежный;;;9;;;16.9;25.4;26.0;27.2;;;;;;;;
19;З (ЛЦ);Ryan McCracken;€2,000 в год;€0;;Сдержанный;;;5;;;19.6;29.2;29.9;31.0;;;;;;;;
16;З (Ц), ОП, П (Ц);Harvey Dalton;€300 в год;€0;;Неамбициозный;;;7;;;17.0;26.1;26.8;27.9;;;;;;;;
15;П/АП (П);Curtis Cairns;€300 в год;€0;;Неамбициозный;;;11;;;13.7;22.5;23.1;24.2;;;;;;;;
15;В;Roman Forster;€300 в год;€0;;Легкомысленный;;;1;;;37.3;42.7;44.0;44.4;;;;;;;;
16;З (П);Martyn Lonsdale;€300 в год;€0;;Сдержанный;;;9;;;15.2;22.2;22.8;23.2;;;;;;;;
16;З (Ц);Tyrone Cockerill;€300 в год;€0;;Сдержанный;;;6;;;17.4;27.2;28.1;28.8;;;;;;;;
19;ОП, П/АП (Ц), НП (Ц);Owain Harvey;Н/Д;€0;;Неамбициозный;;;8;;;13.4;25.2;26.0;27.1;;;;;;;;
16;НП (Ц);Mickaël Boucaud;€300 в год;€0;;Энергичный;;;8;;;12.0;20.7;21.2;21.9;;;;;;;;
19;НП (Ц);Richie Jones;€6,000 в год;€0;;Легкомысленный;;;6;;;16.1;26.9;28.0;29.1;;;;;;;;
19;НП (Ц);Stuart Godfrey;€13,000 в год;€0;;Тверд в решениях;;;7;;;15.6;27.5;28.3;28.6;;;;;;;;
19;АП (ПЛ), НП (Ц);Herbie Funnell;€2,700 в год;€0;;Ненадежный;;;5;;;14.6;24.4;25.2;26.0;;;;;;;;
19;П/АП (Ц);Sean Thomson;€3,500 в год;€0;;Сдержанный;;;8;;;14.9;25.3;26.0;26.7;;;;;;;;
19;П (Л), АП (ПЛ);Jack Hogg;€6,500 в год;€0;;Неамбициозный;;;7;;;12.8;22.7;23.5;24.6;;;;;;;;
19;В;Henry Reid;€16,250 в год;€0;;Нерешительный;;;7;;;41.3;50.5;51.9;53.8;;;;;;;;
19;З (ЛЦ);Mick Hitchen;€4,800 в год;€0;;Ненадежный;;;5;;;16.2;22.0;22.5;22.9;;;;;;;;
19;АП (Ц), НП (Ц);Toby Stephens;€8,250 в год;€0;;Достаточно профессионален;;;11;;;14.8;25.0;25.8;26.5;;;;;;;;
19;П (Л), АП (ЛЦ);Glyn Arrowsmith;€20,500 в год;€0;;Ненадежный;;;14;;;12.6;23.8;24.5;25.3;;;;;;;;
19;З (ПЦ), П (Ц);Joe Ryder;Н/Д;€0;;Неамбициозный;;;3;;;14.6;21.8;22.6;23.0;;;;;;;;
16;В;Ross O'Toole;€300 в год;€0;;Неамбициозный;;;1;;;32.7;40.4;42.3;47.6;;;;;;;;
16;НП (Ц);Liam Ritch;€300 в год;€0;;Легкомысленный;;;13;;;13.6;22.5;23.1;24.2;;;;;;;;
16;НП (Ц);David McGuire;€300 в год;€0;;Сдержанный;;;6;;;15.3;24.2;25.1;26.2;;;;;;;;
19;З (ЛЦ);Leigh Hubbard;€3,000 в год;€0;;Достаточно профессионален;;;3;;;15.4;24.1;24.7;25.1;;;;;;;;
16;З/П (Ц);Nicky Fenney-Darby;€300 в год;€0;;Энергичный;;;5;;;16.4;25.0;25.8;27.0;;;;;;;;
19;В;William Sloboh;€7,500 в год;€0;;Достаточно профессионален;;;1;;;37.2;40.8;41.9;42.7;;;;;;;;
15;ОП, П (Ц);Tom Goodwin;€300 в год;€0;;Достаточно лояльный;;;10;;;14.4;24.2;25.0;25.4;;;;;;;;
19;П (Ц), АП (П), НП (Ц);Dominic Shaw-Coulson;€4,900 в год;€0;;Неамбициозный;;;6;;;13.4;22.6;23.5;25.0;;;;;;;;
19;АП (ПЛ), НП (Ц);Tyreece Gibson;€13,750 в год;€0;;Сдержанный;;;11;;;16.6;27.8;28.4;28.7;;;;;;;;
19;З (Ц);Lewis Douglas;€1,800 в год;€0;;Достаточно настойчивый;;;9;;;14.9;24.6;25.7;26.0;;;;;;;;
16;З (Ц);Eric Gyamfi;€300 в год;€0;;Неамбициозный;;;6;;;17.7;24.2;24.8;25.2;;;;;;;;
16;В;Nathan Rose;€300 в год;€0;;Сдержанный;;;2;;;40.9;51.3;53.4;58.3;;;;;;;;
16;З (ЛЦ);Shane Brayley;€300 в год;€0;;Неамбициозный;;;6;;;16.8;25.1;25.6;26.4;;;;;;;;
19;З (Ц), ОП, П (Ц);Tom Dixon;Н/Д;€0;;Неамбициозный;;;5;;;15.8;25.7;26.5;27.2;;;;;;;;
15;З (Ц);Kelvin Jenner;€300 в год;€0;;Сдержанный;;;3;;;14.6;22.8;23.4;24.5;;;;;;;;
19;В;Zac Allinson;Н/Д;€0;;Неамбициозный;;;4;;;41.0;49.5;51.8;52.5;;;;;;;;
16;З (Л);Asa Bristow;€300 в год;€0;;Тверд в решениях;;;5;;;16.7;25.6;26.3;27.1;;;;;;;;
19;З (ЛЦ);Olusegun Rabiu;€9,000 в год;€0;;Достаточно дисциплинированный;;;8;;;15.0;25.0;25.8;27.0;;;;;;;;
19;АП (Ц), НП (Ц);Charles McSkelly;€10,750 в год;€0;;Неамбициозный;;;7;;;18.0;29.9;30.6;31.4;;;;;;;;
16;З (Ц), ОП, П (Ц);Tom Marchant;€300 в год;€0;;Сдержанный;;;7;;;15.2;24.5;25.4;25.8;;;;;;;;
19;З (П);Dean Thompson;€3,900 в год;€0;;Достаточно профессионален;;;6;;;16.0;25.3;26.0;27.1;;;;;;;;
15;НП (Ц);Chris Johnson;€300 в год;€0;;Неамбициозный;;;7;;;14.6;23.7;24.7;25.1;;;;;;;;
19;АП (Ц), НП (Ц);Alex O'Brien;€7,250 в год;€0;;Достаточно профессионален;;;5;;;14.0;24.5;25.3;26.4;;;;;;;;
16;З (П);Javian Mackay;€300 в год;€0;;Сдержанный;;;7;;;19.5;29.3;30.0;30.4;;;;;;;;
19;В;Cal Kenny;€1,300 в год;€0;;Сдержанный;;;3;;;38.4;43.3;44.7;48.5;;;;;;;;
19;В;Kingsley Sunday;Н/Д;€0;;Неамбициозный;;;5;;;41.8;46.4;46.8;48.3;;;;;;;;
18;П/АП (ПЦ), НП (Ц);Ivan Ousmanou;€9,500 в год;€0;;Сдержанный;;;9;;;13.5;22.0;22.5;23.6;;;;;;;;
19;З (Ц);Aaron Connor;€4,700 в год;€0;;Достаточно амбициозный;;;4;;;19.3;28.8;29.5;29.8;;;;;;;;
18;ОП, П (ЛЦ);Dion Hanbury;Н/Д;€0;;Профессионал;;;9;;;18.0;29.0;29.9;30.6;;;;;;;;
19;З (ПЛЦ), П (Л);Graeme Hatton;€5,750 в год;€0;;Энергичный;;;8;;;18.7;29.6;30.4;31.1;;;;;;;;
19;З (ЛЦ), П (Ц);Thomas Rawlings;€7,000 в год;€0;;Нерешительный;;;8;;;22.3;32.1;33.0;33.7;;;;;;;;
19;П/АП (Л);Matt Piper;€14,500 в год;€0;;Неамбициозный;;;7;;;14.2;22.0;22.5;23.7;;;;;;;;
19;З (ПЦ), ОП;Arinze Francis;€5,500 в год;€0;;Достаточно дисциплинированный;;;4;;;19.8;28.9;29.6;30.0;;;;;;;;
19;П (Ц), АП (ПЦ), НП (Ц);Marinos Christodoulou;€22,500 в год;€0;;Решительный;;;5;;;16.0;27.0;27.9;29.0;;;;;;;;
18;З/П (Ц);David Wright;€2,900 в год;€0;;Амбициозный;;;7;;;15.5;23.4;24.1;24.8;;;;;;;;
16;НП (Ц);Karnell Johnston;€300 в год;€0;;Неамбициозный;;;9;;;14.2;25.0;25.6;26.8;;;;;;;;
19;З (ПЛ), КЗ (Л);Jody Curley;€5,000 в год;€0;;Сдержанный;;;6;;;18.2;28.6;29.4;30.2;;;;;;;;
19;АП (П), НП (Ц);Toivo Ranta;€19,500 в год;€0;;Достаточно амбициозный;;;3;;;12.7;22.8;23.6;24.3;;;;;;;;
15;НП (Ц);Harvey Robinson;€300 в год;€0;;Ненадежный;;;4;;;11.0;19.8;20.5;21.3;;;;;;;;
19;З (Ц), ОП, П (ПЦ), АП (П);Ethan Graham;€6,750 в год;€0;;Нерешительный;;;11;;;16.3;27.0;27.8;29.0;;;;;;;;
19;ОП, П (ЛЦ);Liam McNally;Н/Д;€0;;Легкомысленный;;;10;;;17.6;30.8;31.6;32.7;;;;;;;;
19;ОП, П/АП (Ц), НП (Ц);Thomas Hogan;Н/Д;€0;;Неамбициозный;;;12;;;15.2;24.8;25.5;26.6;;;;;;;;
18;П (П), АП (ПЦ);Adam Sparrow;€6,750 в год;€0;;Низкая самооценка;;;12;;;13.4;24.2;24.9;26.0;;;;;;;;
19;П/АП (Ц);Scott Rees;Н/Д;€0;;Наемник;;;6;;;16.9;31.5;32.4;33.2;;;;;;;;
19;АП (П), НП (Ц);Adam Murphy;Н/Д;€0;;Нерешительный;;;5;;;15.9;26.0;26.8;27.1;;;;;;;;
19;П/АП (ПЦ);Karl Dublin;Н/Д;€0;;Достаточно профессионален;;;9;;;13.6;24.7;25.4;26.6;;;;;;;;
19;З (ЛЦ);Kian Clapham;Н/Д;€0;;Ненадежный;;;6;;;15.6;23.4;24.0;24.4;;;;;;;;
19;В;Fils Mbom;€11,000 в год;€0;;Неамбициозный;;;2;;;37.2;47.6;49.6;51.9;;;;;;;;
19;В;Jonah Elliot;€7,500 в год;€0;;Сдержанный;;;3;;;39.4;47.9;50.2;50.6;;;;;;;;
16;З (Ц), ОП, П (Ц);Brentton Watkins;€300 в год;€0;;Легкомысленный;;;7;;;17.8;26.6;27.3;28.0;;;;;;;;
16;З (Л);Fergus Mitchell;€300 в год;€0;;Темпераментный;;;5;;;18.4;26.6;27.2;27.9;;;;;;;;
19;З (ЛЦ), КЗ (Л), ОП, П (Ц);Reece Smith;€7,000 в год;€0;;Сдержанный;;;3;;;17.6;25.8;26.5;27.6;;;;;;;;
16;АП (Л), НП (Ц);Dominic Madden;€300 в год;€0;;Сдержанный;;;8;;;15.0;23.4;24.0;24.4;;;;;;;;
19;АП (Л), НП (Ц);Callum Inglis;€4,400 в год;€0;;Неамбициозный;;;4;;;9.4;17.8;18.7;19.4;;;;;;;;
16;П (Л), АП (ПЛЦ);Alan Ansell;€300 в год;€0;;Неамбициозный;;;7;;;15.5;25.2;25.8;26.2;;;;;;;;
19;З (ЛЦ), ОП;Gethin Facey;Н/Д;€0;;Нерешительный;;;4;;;17.4;25.2;25.7;26.4;;;;;;;;
19;З (Ц), ОП, П (Ц);Ian Armstrong;Н/Д;€0;;Непостоянный;;;7;;;16.5;24.5;25.1;25.4;;;;;;;;
16;З/КЗ (Л);Cavan Verburg;€300 в год;€0;;Неамбициозный;;;6;;;14.9;23.2;23.8;24.2;;;;;;;;
18;П/АП (Ц), НП (Ц);Solomon Evans;€2,300 в год;€0;;Низкая самооценка;;;8;;;17.5;29.8;30.6;31.8;;;;;;;;
19;П (ЛЦ), НП (Ц);Bevon Brown;€17,250 в год;€0;;Неамбициозный;;;6;;;16.6;24.7;25.3;26.4;;;;;;;;
19;П/АП (Л);Christian Leth;Н/Д;€0;;Сдержанный;;;11;;;13.1;20.2;20.8;21.2;;;;;;;;
19;П/АП (П), НП (Ц);Dave Collins;Н/Д;€0;;Непостоянный;;;8;;;13.7;24.4;25.0;25.8;;;;;;;;
19;В;Anthony Sweeney;€15,250 в год;€0;;Неамбициозный;;;2;;;43.4;49.1;50.2;54.6;;;;;;;;
18;НП (Ц);Tom Tait;€4,700 в год;€0;;Сдержанный;;;6;;;13.9;25.2;26.1;27.2;;;;;;;;
19;З (ПЛ), КЗ (П), П (ПЦ);Jamie O'Connor;€1,700 в год;€0;;Сдержанный;;;5;;;13.4;21.7;22.2;22.6;;;;;;;;
15;В;Simon Wilton;€300 в год;€0;;Непостоянный;;;1;;;29.1;33.6;34.2;34.6;;;;;;;;
16;АП (ЛЦ);James Beckham;€300 в год;€0;;Ненадежный;;;8;;;13.0;20.7;21.2;21.6;;;;;;;;
16;П/АП (П);Jonathan Bond;€300 в год;€0;;Непостоянный;;;3;;;12.3;21.5;22.0;22.7;;;;;;;;
16;З (П), ОП, П (Ц);Stephen Ndugwa;€300 в год;€0;;Неамбициозный;;;5;;;19.1;29.4;30.0;31.2;;;;;;;;
15;П/АП (Л);Remy Gibbs;€300 в год;€0;;Достаточно амбициозный;;;5;;;12.4;20.4;21.0;22.1;;;;;;;;
15;В;Jason Evans;€300 в год;€0;;Легкомысленный;;;3;;;31.3;33.5;34.5;36.4;;;;;;;;
16;П/АП (Ц);Roman Loft;€300 в год;€0;;Неамбициозный;;;14;;;14.6;25.7;26.7;27.4;;;;;;;;
18;П (Л), АП (ПЛЦ), НП (Ц);Jacob Kenworthy;€6,500 в год;€0;;Энергичный;;;12;;;15.4;23.6;24.2;24.6;;;;;;;;
19;КЗ/П/АП (Л);Adam Morrice;€7,250 в год;€0;;Сдержанный;;;6;;;17.6;26.8;27.4;28.5;;;;;;;;
15;П (Ц), АП (ПЦ);Ben Kane;€300 в год;€0;;Сдержанный;;;8;;;17.4;30.4;31.0;31.8;;;;;;;;
15;НП (Ц);Zak Arnott;€300 в год;€0;;Сдержанный;;;5;;;13.8;23.4;24.4;25.2;;;;;;;;
15;З (Ц);Dave Stewart;€300 в год;€0;;Решительный;;;5;;;14.6;23.1;23.8;24.1;;;;;;;;
19;ОП, П/АП (ПЦ);Joseph Owusu;€4,400 в год;€0;;Достаточно настойчивый;;;6;;;16.8;25.8;26.4;26.8;;;;;;;;
19;НП (Ц);Chris Adams;Н/Д;€0;;Достаточно профессионален;;;6;;;13.8;23.7;24.5;24.9;;;;;;;;
16;З (Ц);Screve Ngiamba;€300 в год;€0;;Неамбициозный;;;7;;;14.8;21.9;22.7;23.5;;;;;;;;
17;АП (П);Elliot Griffiths;€300 в год;€0;;Идеалист;;;9;;;14.4;23.5;24.3;25.5;;;;;;;;
19;ОП, П (Ц);Benjamin Martin;€6,500 в год;€0;;Неамбициозный;;;9;;;20.7;28.7;29.4;30.2;;;;;;;;
15;В;Sonny Harris;€300 в год;€0;;Достаточно настойчивый;;;3;;;40.2;46.2;47.9;48.7;;;;;;;;
16;П (ЛЦ);Neil Eastwood;€300 в год;€0;;Неамбициозный;;;11;;;18.1;28.5;29.2;29.9;;;;;;;;
16;АП (Л), НП (Ц);Marc Lloyd;€300 в год;€0;;Неамбициозный;;;6;;;15.8;28.1;29.0;30.2;;;;;;;;
19;П/АП (ПЦ);Sam Bond;€6,500 в год;€0;;Неамбициозный;;;7;;;15.8;24.4;24.8;25.2;;;;;;;;
19;В;Richard Fitton;Н/Д;€0;;Наемник;;;1;;;29.9;34.0;35.0;38.4;;;;;;;;
18;З (ЛЦ);Konner Askins;€6,000 в год;€0;;Сдержанный;;;3;;;11.5;18.3;19.0;19.4;;;;;;;;
16;КЗ (Л);Reece Davies;€300 в год;€0;;Амбициозный;;;6;;;13.2;21.9;22.4;23.6;;;;;;;;
19;П (ПЦ), АП (Ц);Damien Hunt;€7,250 в год;€0;;Неамбициозный;;;14;;;16.4;30.0;31.1;31.4;;;;;;;;
19;В;Tom Lewis;€8,000 в год;€0;;Достаточно лояльный;;;9;;;37.7;47.9;49.6;50.0;;;;;;;;
18;З (Ц), КЗ (П), ОП, П (ЛЦ);Sam Davis;€6,750 в год;€0;;Достаточно профессионален;;;7;;;15.0;24.6;25.4;25.8;;;;;;;;
19;З (ЛЦ), ОП, П (Ц);Tom Humphreys;€3,600 в год;€0;;Неамбициозный;;;5;;;16.3;24.8;25.3;26.4;;;;;;;;
15;П (ЛЦ);Andrew O'Connell;€300 в год;€0;;Амбициозный;;;5;;;11.2;19.7;20.5;21.7;;;;;;;;
18;П/АП (Ц);Alun Driscoll;Н/Д;€0;;Сдержанный;;;10;;;15.6;28.3;29.1;29.8;;;;;;;;
18;З (ПЛЦ);Antony Williams;Н/Д;€0;;Сдержанный;;;7;;;17.8;26.4;26.8;28.0;;;;;;;;
18;В;Morgan Marshall;Н/Д;€0;;Достаточно лояльный;;;3;;;39.1;45.9;47.6;49.8;;;;;;;;
18;АП (П), НП (Ц);Matt Scott;€4,700 в год;€0;;Ненадежный;;;5;;;15.7;24.8;25.6;26.0;;;;;;;;
19;З (ЛЦ), П (Л);Gus Blake;€4,500 в год;€0;;Сдержанный;;;9;;;19.4;28.5;29.2;29.5;;;;;;;;
16;З (ПЦ);Lochlan Soper;€300 в год;€0;;Ненадежный;;;10;;;12.8;19.4;20.0;21.1;;;;;;;;
19;З/КЗ (П);Aaron Hyland;€3,100 в год;€0;;Неамбициозный;;;10;;;16.0;27.6;28.2;28.6;;;;;;;;
19;АП (П), НП (Ц);Ross Collins;€11,250 в год;€0;;Сдержанный;;;11;;;12.3;23.3;24.4;25.5;;;;;;;;
19;З (Ц);Rob Brooke;€4,100 в год;€0;;Сдержанный;;;6;;;15.9;26.0;26.8;27.5;;;;;;;;
19;З (Л);Jim Crane;€6,750 в год;€0;;Решительный;;;6;;;17.3;26.9;27.5;28.6;;;;;;;;
16;АП (Ц), НП (Ц);Emmanuel Aliyu;€300 в год;€0;;Неамбициозный;;;10;;;16.1;29.6;30.4;31.2;;;;;;;;
16;НП (Ц);Dean Smith;€300 в год;€0;;Профессионал;;;11;;;12.1;20.5;21.2;22.4;;;;;;;;
19;НП (Ц);Terence Holligan;€4,500 в год;€0;;Сдержанный;;;8;;;14.6;24.5;25.4;25.8;;;;;;;;
19;З (ЛЦ);Colin Sawyers;€2,400 в год;€0;;Сдержанный;;;3;;;16.0;23.4;24.0;24.4;;;;;;;;
19;З (Ц), ОП, П (Ц);Kurt Matthews;€3,900 в год;€0;;Сдержанный;;;9;;;15.8;27.6;28.4;28.8;;;;;;;;
19;ОП, П (Ц), НП (Ц);Eddie Kinsella;Н/Д;€0;;Нерешительный;;;10;;;19.6;28.2;28.9;29.6;;;;;;;;
16;КЗ (Л);Craig Logue;€300 в год;€0;;Нерешительный;;;5;;;17.3;26.2;26.8;27.9;;;;;;;;
19;В;Matt Iwelumo;Н/Д;€0;;Достаточно профессионален;;;2;;;38.1;41.9;42.9;43.7;;;;;;;;
16;АП (ПЦ);Hassan Bower;€300 в год;€0;;Темпераментный;;;8;;;18.0;31.8;32.5;33.6;;;;;;;;
19;В;Azur Gasal;€4,900 в год;€0;;Неамбициозный;;;1;;;35.5;38.4;39.7;41.2;;;;;;;;
19;В;Duncan Morgan;€3,700 в год;€0;;Достаточно профессионален;;;2;;;40.3;44.5;45.6;47.5;;;;;;;;
19;ОП, П (ЛЦ), АП (Ц);Mark Manning;€21,500 в год;€0;;Сдержанный;;;6;;;17.7;27.5;28.0;29.2;;;;;;;;
19;АП (П), НП (Ц);Miles Carta;€13,500 в год;€0;;Неамбициозный;;;10;;;14.7;25.8;26.6;27.7;;;;;;;;
19;З (ПЦ);Stuart Duffy;€3,900 в год;€0;;Сдержанный;;;3;;;17.6;27.0;27.7;28.5;;;;;;;;
19;З (ПЦ);Wayne Toomey;Н/Д;€0;;Достаточно профессионален;;;7;;;18.6;28.2;28.8;30.0;;;;;;;;
19;В;Ivan Wasswa;Н/Д;€0;;Сдержанный;;;2;;;32.2;42.4;44.7;45.5;;;;;;;;
19;В;Jim Wyke;Н/Д;€0;;Сдержанный;;;1;;;38.9;47.4;49.3;52.7;;;;;;;;
18;ОП, П (ПЛЦ), АП (П);Giliano Nandpersad;€11,250 в год;€0;;Неамбициозный;;;8;;;17.4;30.4;31.3;32.4;;;;;;;;
16;З/П (Ц), НП (Ц);Wayne Deady;€300 в год;€0;;Неамбициозный;;;8;;;15.3;26.1;26.9;28.0;;;;;;;;
19;З/КЗ (П);Brad Wright;€3,200 в год;€0;;Достаточно настойчивый;;;10;;;16.9;24.8;25.4;25.8;;;;;;;;
19;НП (Ц);Kevin Gumbs;€2,400 в год;€0;;Достаточно лояльный;;;6;;;13.0;18.8;19.2;19.9;;;;;;;;
19;В;Joseph Biggs;€3,200 в год;€0;;Энергичный;;;1;;;37.9;43.9;45.1;49.6;;;;;;;;
19;З (Ц), ОП, П/АП (Ц);Kian Douglas;Н/Д;€0;;Неамбициозный;;;10;;;15.2;25.6;26.4;27.2;;;;;;;;
16;З (Ц), КЗ (П);Paul Hassan;€300 в год;€0;;Сдержанный;;;11;;;16.2;25.8;26.8;27.5;;;;;;;;
19;П/АП (ПЦ), НП (Ц);Adam Sweet;Н/Д;€0;;Достаточно амбициозный;;;7;;;13.6;21.4;21.8;22.6;;;;;;;;
16;АП (ПЛ), НП (Ц);Kelvin Jimoh;€300 в год;€0;;Легкомысленный;;;8;;;13.9;22.8;23.4;24.9;;;;;;;;
19;З (ПЦ);Michael Stafford;€4,700 в год;€0;;Неамбициозный;;;5;;;18.1;27.3;28.0;28.4;;;;;;;;
18;В;Tom Perry;€2,200 в год;€0;;Неамбициозный;;;5;;;38.3;43.8;45.4;45.8;;;;;;;;
16;НП (Ц);Yeboah Blackburn;€300 в год;€0;;Сдержанный;;;5;;;13.7;23.2;23.8;24.2;;;;;;;;
19;З (ЛЦ);Louis Corbett;Н/Д;€0;;Нерешительный;;;5;;;19.0;29.0;29.8;31.0;;;;;;;;
19;З (ПЛ);Danny Woods;Н/Д;€0;;Достаточно настойчивый;;;4;;;16.4;24.2;24.8;25.9;;;;;;;;
16;КЗ (П);Jeremiah Collier;€300 в год;€0;;Неамбициозный;;;6;;;13.9;21.7;22.5;23.2;;;;;;;;
19;ОП, П/АП (Ц);Izaac Lawrence;€13,250 в год;€0;;Реалист;;;7;;;15.4;27.4;28.1;28.8;;;;;;;;
19;П (ПЦ), АП (Ц);Osian Aldridge;Н/Д;€0;;Наемник;;;11;;;13.3;24.2;24.8;26.3;;;;;;;;
19;В;Sam Chadwick;Н/Д;€0;;Ненадежный;;;1;;;35.9;45.0;47.3;48.0;;;;;;;;
18;П (ПЦ), АП (Ц);Brian Huxley;Н/Д;€0;;Темпераментный;;;6;;;12.4;22.6;23.4;24.6;;;;;;;;
19;З (ПЦ);Job Norville;Н/Д;€0;;Темпераментный;;;3;;;16.5;25.7;26.4;27.1;;;;;;;;
16;П (П);George King;€300 в год;€0;;Достаточно профессионален;;;9;;;13.0;23.4;24.2;25.3;;;;;;;;
19;В;Nigel Cornwall;Н/Д;€0;;Неамбициозный;;;4;;;38.6;44.4;45.3;49.1;;;;;;;;
16;В;Ronson Johnson;€300 в год;€0;;Темпераментный;;;1;;;34.1;36.4;36.9;38.8;;;;;;;;
19;П (Л), АП (П), НП (Ц);Artūrs Zariņš;Н/Д;€0;;Наемник;;;12;;;12.4;20.2;20.6;21.8;;;;;;;;
19;З (Ц);Daniel Derbyshire;Н/Д;€0;;Неамбициозный;;;6;;;16.0;24.7;25.4;26.5;;;;;;;;
19;В;Ray Martin;€2,600 в год;€0;;Сдержанный;;;1;;;42.4;48.1;49.6;50.3;;;;;;;;
19;П (Ц), АП (ЛЦ);Chris Slawson;€11,000 в год;€0;;Неамбициозный;;;11;;;17.2;31.5;32.3;33.0;;;;;;;;
19;З (Ц);Shane Boundford;Н/Д;€0;;Неамбициозный;;;7;;;12.6;20.2;21.0;21.4;;;;;;;;
16;З (Ц), ОП, П (Ц);Dan Hamblin;€300 в год;€0;;Неамбициозный;;;5;;;13.9;22.1;22.6;23.8;;;;;;;;
16;П/АП (Ц);Jacob Moran;€300 в год;€0;;Достаточно профессионален;;;14;;;16.2;27.6;28.3;29.1;;;;;;;;
19;З (ПЦ), КЗ (П);Mike Sloane;€5,250 в год;€0;;Неамбициозный;;;9;;;17.9;25.1;25.6;26.0;;;;;;;;
19;З (Л);Ash Stringfellow;€2,900 в год;€0;;Сдержанный;;;3;;;17.2;23.2;23.6;24.4;;;;;;;;
16;З (Л);Max Brennan;€300 в год;€0;;Достаточно дисциплинированный;;;4;;;18.6;27.5;28.1;29.2;;;;;;;;
16;З (Ц);Thomas Balmer;€300 в год;€0;;Достаточно дисциплинированный;;;7;;;14.6;20.8;21.4;22.2;;;;;;;;
19;П/АП (Л), НП (Ц);Frode Martinsen;€22,000 в год;€0;;Достаточно профессионален;;;5;;;11.4;23.1;24.2;24.5;;;;;;;;
19;В;Sean Doyle;€3,700 в год;€0;;Достаточно амбициозный;;;1;;;39.7;43.9;45.2;49.6;;;;;;;;
19;П (Ц);Emanuel Kangamba;€11,500 в год;€0;;Неамбициозный;;;13;;;17.0;29.6;30.3;31.1;;;;;;;;
17;В;Neil O'Connor;€300 в год;€0;;Сдержанный;;;2;;;35.1;45.0;46.9;52.9;;;;;;;;
18;В;Courtney Pearse;Н/Д;€0;;Неамбициозный;;;5;;;39.6;44.7;45.8;48.0;;;;;;;;
19;АП (ПЛ), НП (Ц);Colin Lee;€13,500 в год;€0;;Достаточно профессионален;;;8;;;14.4;26.0;26.9;27.6;;;;;;;;
19;З (Ц), ОП, П (Ц);Martin Yakubu;€12,750 в год;€0;;Достаточно профессионален;;;9;;;19.0;34.9;35.8;36.6;;;;;;;;
19;В;Joden Thompson;€13,250 в год;€0;;Неамбициозный;;;3;;;40.4;49.2;51.4;53.7;;;;;;;;
19;АП (Ц), НП (Ц);Paul Owen;Н/Д;€0;;Неамбициозный;;;13;;;15.7;25.0;25.6;26.0;;;;;;;;
18;В;Gareth Swattridge;Н/Д;€0;;Сдержанный;;;1;;;39.7;45.4;46.7;47.5;;;;;;;;
19;П (ЛЦ), АП (Л);Demar Williams;Н/Д;€0;;Нерешительный;;;10;;;11.9;21.4;22.3;23.0;;;;;;;;
19;З/П (Ц);Ellis Piper;Н/Д;€0;;Сдержанный;;;12;;;12.9;20.8;21.5;22.2;;;;;;;;
18;В;Jack James;Н/Д;€0;;Достаточно профессионален;;;4;;;38.7;43.2;44.6;45.3;;;;;;;;
19;З (П), ОП;Nick Davies;€4,300 в год;€0;;Неамбициозный;;;10;;;17.9;27.8;28.4;29.5;;;;;;;;
19;НП (Ц);Jonathan Gamble;Н/Д;€0;;Ненадежный;;;6;;;16.6;27.4;28.2;28.6;;;;;;;;
19;З (ПЛЦ);Sean McGuinness;€3,600 в год;€0;;Сдержанный;;;4;;;15.2;25.1;26.0;26.3;;;;;;;;
19;П (Ц), АП (ПЛЦ);Taylor Hagan;Н/Д;€0;;Сдержанный;;;10;;;15.8;29.7;30.7;31.8;;;;;;;;
19;З (Ц);Tom Wood;Н/Д;€0;;Неамбициозный;;;8;;;15.6;23.5;24.0;25.2;;;;;;;;
19;З (Ц);Joe Edwards;Н/Д;€0;;Нерешительный;;;4;;;16.2;22.9;23.4;24.2;;;;;;;;
19;З (ПЛЦ), КЗ (П);Elliott Green;Н/Д;€0;;Неамбициозный;;;3;;;14.8;21.8;22.7;23.8;;;;;;;;
19;З (ЛЦ), КЗ (Л);Simon Hall;Н/Д;€0;;Неамбициозный;;;6;;;15.0;21.0;21.3;22.0;;;;;;;;
19;З (Л);Charlie Foubister;€5,250 в год;€0;;Достаточно настойчивый;;;6;;;19.2;28.9;29.6;30.4;;;;;;;;
19;АП (П), НП (Ц);Aaron Hughes;€7,000 в год;€0;;Нерешительный;;;8;;;12.1;21.2;22.0;23.1;;;;;;;;
19;ОП, П/АП (Ц), НП (Ц);Andy Greene;Н/Д;€0;;Неамбициозный;;;10;;;16.4;26.3;27.4;27.8;;;;;;;;
19;П/АП (Ц), НП (Ц);William Morgan;Н/Д;€0;;Сдержанный;;;12;;;15.5;27.0;27.8;28.6;;;;;;;;
19;З (ПЦ);Michalis Varvagiannis;Н/Д;€0;;Неспортивный;;;5;;;16.7;24.2;24.8;25.2;;;;;;;;
19;ОП, П (Ц);Dan Fernandez;Н/Д;€0;;Достаточно дисциплинированный;;;5;;;15.4;25.2;26.0;27.2;;;;;;;;
19;П (Ц);Rudolf Ismaili;Н/Д;€0;;Неамбициозный;;;13;;;18.0;30.2;30.8;31.6;;;;;;;;
18;В;Gianni Giombelli;Н/Д;€0;;Сдержанный;;;1;;;31.7;40.9;43.2;44.0;;;;;;;;
19;П/АП (П);Carl Norman;Н/Д;€0;;Достаточно профессионален;;;6;;;13.8;19.7;20.2;21.3;;;;;;;;
19;КЗ/П/АП (Л);Alex Norman;Н/Д;€0;;Неамбициозный;;;10;;;13.6;21.0;21.6;22.0;;;;;;;;
19;З (Ц);Russell Morgan;Н/Д;€0;;Неамбициозный;;;6;;;15.0;24.2;25.0;25.4;;;;;;;;
19;КЗ (П), П/АП (Ц), НП (Ц);Petr Plíšek;Н/Д;€0;;Неамбициозный;;;6;;;16.2;24.6;25.4;26.5;;;;;;;;
19;АП (Л), НП (Ц);Christopher Willis;€8,500 в год;€0;;Сдержанный;;;5;;;12.6;21.0;21.6;22.4;;;;;;;;
16;З (Ц);Kelvin Kilker;€300 в год;€0;;Сдержанный;;;4;;;15.4;24.2;25.2;26.4;;;;;;;;
19;В;Tommy Hazell;€9,750 в год;€0;;Неамбициозный;;;6;;;39.5;45.7;47.3;51.4;;;;;;;;
19;З (Ц), ОП, П/АП (Ц);Josh Herron;€20,000 в год;€0;;Достаточно профессионален;;;13;;;14.6;23.6;24.4;25.1;;;;;;;;
16;АП (П), НП (Ц);Antons Petrovs;€300 в год;€0;;Неамбициозный;;;6;;;11.2;18.5;19.1;19.8;;;;;;;;
18;З (П), ОП, П (Ц);Joe Smith;€10,000 в год;€0;;Сдержанный;;;8;;;19.1;30.2;30.9;31.6;;;;;;;;
19;П (Ц), АП (ПЦ), НП (Ц);Joe Birch;€10,250 в год;€0;;Достаточно профессионален;;;7;;;16.6;26.1;26.7;27.8;;;;;;;;
16;З/П (Ц);Ilir Peposhi;€300 в год;€0;;Сдержанный;;;11;;;15.7;24.8;25.6;26.3;;;;;;;;
19;НП (Ц);Ben Wilson;€10,500 в год;€0;;Напористый;;;7;;;13.9;23.2;23.9;24.6;;;;;;;;
19;З/КЗ/П (П);Konstantinos Kyriakidis;€19,250 в год;€0;;Неамбициозный;;;7;;;16.1;25.8;26.7;27.1;;;;;;;;
19;З (Ц);Jacob Fielding;€5,500 в год;€0;;Неамбициозный;;;8;;;15.6;24.2;25.0;25.4;;;;;;;;
19;КЗ (П), ОП, П (Ц);Mpho Vries;Н/Д;€0;;Наемник;;;11;;;17.0;24.6;25.2;26.4;;;;;;;;
19;АП (П), НП (Ц);Andy Morris;€9,000 в год;€0;;Неамбициозный;;;6;;;14.8;23.3;24.0;24.3;;;;;;;;
18;ОП, П (Ц);Graham Archer;€3,100 в год;€0;;Жизнерадостный;;;7;;;15.9;24.3;25.0;25.4;;;;;;;;
19;В;Batuhan Çelik;€3,000 в год;€0;;Неамбициозный;;;1;;;36.5;38.6;39.8;40.2;;;;;;;;
16;В;John Watkins;€300 в год;€0;;Достаточно профессионален;;;5;;;34.9;39.3;40.2;41.0;;;;;;;;
19;З (ПЦ), ОП, П (ПЦ);Seamus Capel;€3,800 в год;€0;;Неамбициозный;;;5;;;19.7;28.8;29.4;30.6;;;;;;;;
16;З (Ц);Joe Daniels;€300 в год;€0;;Энергичный;;;6;;;18.1;27.0;27.8;29.0;;;;;;;;
16;НП (Ц);Ryan Foulkes;€300 в год;€0;;Сдержанный;;;7;;;13.8;21.7;22.5;23.7;;;;;;;;
19;З (Ц);Taylor Courtney;€4,400 в год;€0;;Достаточно настойчивый;;;4;;;14.4;24.1;24.8;25.2;;;;;;;;
18;П/АП (П);Alain Granger;€1,000 в год;€0;;Неамбициозный;;;10;;;13.0;21.4;22.2;23.3;;;;;;;;
18;П (ЛЦ), АП (П);David Jamieson;€1,800 в год;€0;;Достаточно настойчивый;;;6;;;11.6;20.8;21.4;22.1;;;;;;;;
19;З (Ц);Jim McWilliams;€2,300 в год;€0;;Неамбициозный;;;6;;;17.5;26.4;27.2;28.3;;;;;;;;
19;КЗ (Л), П (ПЛЦ), АП (Ц);Gavin Thompson;€4,700 в год;€0;;Сдержанный;;;7;;;15.3;27.2;28.1;28.4;;;;;;;;
19;П (Ц), АП (П), НП (Ц);Keane Atkinson;€2,200 в год;€0;;Достаточно дисциплинированный;;;10;;;15.0;24.6;25.5;26.6;;;;;;;;
19;З (Ц);Anthony Bailey;€17,500 в год;€0;;Тверд в решениях;;;5;;;15.8;23.2;23.8;24.9;;;;;;;;
16;В;David Daly;€300 в год;€0;;Ненадежный;;;3;;;36.9;41.6;42.8;45.0;;;;;;;;
19;П (Ц), АП (ПЦ), НП (Ц);James Lynch;€9,000 в год;€0;;Профессионал;;;7;;;16.6;28.0;28.6;29.8;;;;;;;;
16;АП (Л);George Pearse;€300 в год;€0;;Наемник;;;10;;;13.3;20.4;20.8;21.5;;;;;;;;
16;НП (Ц);Thierry Chase;€300 в год;€0;;Нерешительный;;;7;;;15.8;25.8;26.6;27.7;;;;;;;;
16;З (П);Kemar Boxhill;€300 в год;€0;;Легкомысленный;;;7;;;17.8;26.9;27.7;28.5;;;;;;;;
18;П (П), АП (ПЦ), НП (Ц);Aleksi Sillanpää;Н/Д;€0;;Неамбициозный;;;7;;;13.6;26.2;27.1;28.2;;;;;;;;
15;З (Ц);Ben Heath;€300 в год;€0;;Неамбициозный;;;6;;;15.0;23.6;24.3;25.8;;;;;;;;
16;В;Tom Spooner;€300 в год;€0;;Легкомысленный;;;1;;;30.9;38.1;39.6;42.6;;;;;;;;
19;В;Richard Acheampong;Н/Д;€0;;Неамбициозный;;;4;;;33.2;42.9;45.4;45.7;;;;;;;;
15;ОП, П (ЛЦ);Aston Bye;€300 в год;€0;;Неамбициозный;;;6;;;15.2;23.5;24.2;24.6;;;;;;;;
19;КЗ (П), П (ПЦ), АП (П);John Egan;€6,250 в год;€0;;Нерешительный;;;7;;;15.2;24.3;25.0;25.4;;;;;;;;
16;З (П);William Lecky;€300 в год;€0;;Неамбициозный;;;6;;;17.4;26.8;27.6;27.9;;;;;;;;
19;АП (ЛЦ), НП (Ц);Adrien Huet;Н/Д;€0;;Неамбициозный;;;6;;;11.8;19.6;20.4;21.1;;;;;;;;
19;З (ПЦ);Martin Thomson;Н/Д;€0;;Нерешительный;;;4;;;17.6;26.1;26.7;27.5;;;;;;;;
19;В;Ricardo Crichlow;Н/Д;€0;;Неамбициозный;;;3;;;38.0;44.7;46.1;47.6;;;;;;;;
18;П (Л), АП (ПЛ), НП (Ц);Nicolaj Højbjerg;Н/Д;€0;;Сдержанный;;;8;;;15.6;26.3;26.9;28.0;;;;;;;;
18;З (ПЦ);Philip Okeke;Н/Д;€0;;Неамбициозный;;;3;;;15.6;22.2;22.7;23.8;;;;;;;;
19;З (Ц), ОП, П (Ц);Albi Kasemi;Н/Д;€0;;Сдержанный;;;7;;;15.2;24.0;24.6;25.7;;;;;;;;
19;П (ПЛЦ), АП (ПЛ);Khano Brangman;€14,000 в год;€0;;Достаточно настойчивый;;;8;;;13.0;23.6;24.6;24.9;;;;;;;;
19;АП (П), НП (Ц);Marlon Ditta;€7,250 в год;€0;;Неамбициозный;;;5;;;13.6;23.8;24.4;25.9;;;;;;;;
19;В;Dave Richards;€11,750 в год;€0;;Достаточно профессионален;;;8;;;39.5;48.4;49.8;52.0;;;;;;;;
19;З (ЛЦ), КЗ (Л);James Rivers;€9,500 в год;€0;;Достаточно профессионален;;;4;;;16.5;26.6;27.5;28.6;;;;;;;;
19;ОП, П (ПЦ), АП (П);Joshua Montgomery;Н/Д;€0;;Неамбициозный;;;6;;;16.3;24.0;24.8;25.2;;;;;;;;
19;П/АП (Ц), НП (Ц);Sam Murray;€2,600 в год;€0;;Амбициозный;;;10;;;14.0;25.5;26.6;27.0;;;;;;;;
19;П (Ц), НП (Ц);Gary McHugh;Н/Д;€0;;Неамбициозный;;;6;;;15.0;22.8;23.4;24.2;;;;;;;;
19;З (ПЦ), КЗ (П);Modou Njie;€12,750 в год;€0;;Непостоянный;;;4;;;18.8;26.0;26.8;27.9;;;;;;;;
19;В;Harvey Derbyshire;Н/Д;€0;;Сдержанный;;;2;;;33.5;42.5;44.9;45.6;;;;;;;;
19;З/П (Ц);Chris Eaton;Н/Д;€0;;Неамбициозный;;;10;;;15.4;22.7;23.4;24.1;;;;;;;;
19;АП (П), НП (Ц);Ronnie Milligan;€2,100 в год;€0;;Ненадежный;;;7;;;15.7;24.1;24.9;25.7;;;;;;;;
19;КЗ (П), АП (ПЦ);Jake Bailey;€4,900 в год;€0;;Неамбициозный;;;10;;;16.9;27.4;28.1;28.9;;;;;;;;
19;В;Kelvin Stenner;Н/Д;€0;;Сдержанный;;;4;;;40.6;50.3;52.8;53.2;;;;;;;;
19;З (ПЛЦ);Arwel Breeze;€9,750 в год;€0;;Ненадежный;;;4;;;16.9;24.1;24.8;25.5;;;;;;;;
19;З (ПЦ), КЗ (П);Preston Joachim;Н/Д;€0;;Неамбициозный;;;5;;;17.0;25.0;25.6;26.7;;;;;;;;
18;П/АП (Л), НП (Ц);Martin Atkinson;Н/Д;€0;;Сдержанный;;;4;;;11.9;20.8;21.5;22.3;;;;;;;;
18;З (ПЦ), П (Ц);Adam Thomas;Н/Д;€0;;Темпераментный;;;5;;;15.2;26.3;27.1;28.2;;;;;;;;
19;З (ЛЦ);Ty Stratton;Н/Д;€0;;Нерешительный;;;7;;;12.7;21.6;22.5;24.0;;;;;;;;
19;ОП, П/АП (Ц);John Gallagher;Н/Д;€0;;Тверд в решениях;;;4;;;16.0;24.2;24.7;25.1;;;;;;;;
19;З (ПЦ), П (П);Matthew Currie;€4,800 в год;€0;;Неамбициозный;;;7;;;16.7;27.8;28.7;29.9;;;;;;;;
19;З/КЗ/П/АП (Л);Barry Murphy;Н/Д;€0;;Профессионал;;;6;;;15.6;23.4;24.1;24.5;;;;;;;;
19;З (Ц);Phil Jeffrey;Н/Д;€0;;Неамбициозный;;;6;;;14.8;23.0;23.8;24.9;;;;;;;;
19;З (ПЦ);Tom Quinn;Н/Д;€0;;Сдержанный;;;9;;;14.5;21.9;22.5;22.8;;;;;;;;
19;В;Brais Ramírez;Н/Д;€0;;Наемник;;;1;;;32.5;38.9;40.3;41.8;;;;;;;;
18;ОП, П (Ц), АП (ПЦ);James Geddes;Н/Д;€0;;Неамбициозный;;;6;;;15.9;26.2;27.0;27.8;;;;;;;;
19;АП (Ц), НП (Ц);Norman Gibbs-White;Н/Д;€0;;Неамбициозный;;;9;;;16.8;30.4;31.3;31.6;;;;;;;;
19;З (Ц), ОП;Sean Carr;€3,200 в год;€0;;Неамбициозный;;;7;;;16.0;24.0;24.4;24.8;;;;;;;;
19;ОП, П (Ц), АП (ПЦ);Aaron Fisher;€17,250 в год;€0;;Неамбициозный;;;11;;;18.6;32.9;33.8;34.6;;;;;;;;
19;З (ЛЦ);Jacob Edwards;€6,250 в год;€0;;Неамбициозный;;;6;;;18.8;28.4;28.9;30.0;;;;;;;;
19;В;Ola Harris-Sterling;€10,000 в год;€0;;Сдержанный;;;1;;;42.6;52.2;54.0;56.6;;;;;;;;
19;В;Ant Fardell;€4,000 в год;€0;;Достаточно профессионален;;;1;;;38.3;47.2;48.7;50.2;;;;;;;;
16;З (Ц);Daniel Quinn;€300 в год;€0;;Неамбициозный;;;11;;;19.5;29.2;29.9;31.4;;;;;;;;
19;АП (Л), НП (Ц);Ellis Head;€2,300 в год;€0;;Неамбициозный;;;8;;;16.1;25.3;26.2;27.3;;;;;;;;
19;АП (П), НП (Ц);Ricardo Turner;Н/Д;€0;;Неамбициозный;;;12;;;12.8;20.3;20.8;21.6;;;;;;;;
19;П/АП (ПЛ);Josh Stevenson;€1,500 в год;€0;;Неамбициозный;;;6;;;15.3;25.0;25.4;26.6;;;;;;;;
19;ОП, П (Ц);Andy Elliott;€2,400 в год;€0;;Нерешительный;;;10;;;12.8;25.9;26.8;27.5;;;;;;;;
19;З (Ц);Chinonso Udeh;€3,400 в год;€0;;Нерешительный;;;7;;;16.9;26.6;27.4;28.6;;;;;;;;
15;В;Nicholas Stevens-Baker;€300 в год;€0;;Амбициозный;;;3;;;30.9;38.8;40.7;41.1;;;;;;;;
19;З/КЗ (П);James Haywood;€2,900 в год;€0;;Достаточно профессионален;;;3;;;16.2;24.0;24.5;25.2;;;;;;;;
16;З (Л);Mark Jeggo;€300 в год;€0;;Неамбициозный;;;4;;;16.8;24.0;24.6;25.8;;;;;;;;
18;З/КЗ/АП (Л);Carl Vines;Н/Д;€0;;Сдержанный;;;4;;;16.2;23.3;23.8;25.0;;;;;;;;
15;П (Ц), НП (Ц);Özgür Gündoğan;€300 в год;€0;;Достаточно профессионален;;;7;;;13.2;23.2;24.0;25.2;;;;;;;;
19;З (ПЛЦ);André Danilo;Н/Д;€0;;Сдержанный;;;4;;;18.2;26.8;27.5;28.2;;;;;;;;
18;П (ПЦ), АП (П), НП (Ц);Steve Humphries;€6,000 в год;€0;;Достаточно профессионален;;;4;;;11.3;18.6;19.0;19.4;;;;;;;;
18;З/КЗ (П), ОП, П (Ц);Wasiu Chinedu;Н/Д;€0;;Сдержанный;;;8;;;15.4;25.4;25.9;26.3;;;;;;;;
19;З (ПЦ);Luke Garner;€3,200 в год;€0;;Неамбициозный;;;6;;;16.8;26.8;27.7;28.8;;;;;;;;
19;З (Л);Scott Clegg;€8,500 в год;€0;;Сдержанный;;;5;;;18.2;26.8;27.2;28.4;;;;;;;;
16;З (ПЦ), ОП;Ricky Cumming;€300 в год;€0;;Решительный;;;5;;;16.7;24.5;25.1;26.2;;;;;;;;
19;З (Ц), ОП, П/АП (Ц);James Keast;€7,750 в год;€0;;Неамбициозный;;;12;;;14.6;22.6;23.2;23.5;;;;;;;;
19;П (Ц), АП (ПЦ);Alan Goddard;Н/Д;€0;;Достаточно амбициозный;;;8;;;15.4;25.2;25.8;26.2;;;;;;;;
16;З (Ц);Amir Alipour;€300 в год;€0;;Неамбициозный;;;3;;;14.8;22.0;22.6;23.0;;;;;;;;
19;П/АП (Ц), НП (Ц);Rait Tõugjas;Н/Д;€0;;Сдержанный;;;10;;;16.8;28.4;29.3;30.0;;;;;;;;
18;З (Ц), КЗ (П);Curtis Dutton;Н/Д;€0;;Реалист;;;4;;;16.5;25.7;26.2;26.6;;;;;;;;
19;В;Gareth Evans;Н/Д;€0;;Непостоянный;;;1;;;32.6;38.2;39.8;41.3;;;;;;;;
18;З (ЛЦ);Jordy Fish;Н/Д;€0;;Сдержанный;;;3;;;14.4;21.7;22.2;23.4;;;;;;;;
18;В;Mohamed Amine Hichri;Н/Д;€0;;Нерешительный;;;3;;;36.8;42.0;43.6;43.9;;;;;;;;
19;З (ПЛЦ);Jordan Dickson;€2,100 в год;€0;;Сдержанный;;;10;;;15.5;24.5;25.0;25.8;;;;;;;;
19;В;Robert Campbell;Н/Д;€0;;Неамбициозный;;;3;;;36.4;43.6;45.6;48.6;;;;;;;;
18;З (Ц);Chris Nicholls;Н/Д;€0;;Легкомысленный;;;7;;;15.4;23.4;23.9;24.3;;;;;;;;
18;П/АП (ПЦ);Moez Manai;Н/Д;€0;;Достаточно амбициозный;;;11;;;14.1;23.8;24.6;24.9;;;;;;;;
18;АП (Л), НП (Ц);Jacob Whitehead;Н/Д;€0;;Неамбициозный;;;10;;;13.2;23.1;24.1;24.9;;;;;;;;
19;В;Jon Raybould;Н/Д;€0;;Непостоянный;;;3;;;32.6;40.2;41.8;46.0;;;;;;;;
19;З (ПЦ);Alan Duggan;Н/Д;€0;;Достаточно профессионален;;;4;;;16.0;22.9;23.2;24.4;;;;;;;;
18;З (ПЦ);Geoff Keene;Н/Д;€0;;Неамбициозный;;;4;;;15.0;21.9;22.5;23.2;;;;;;;;
19;З (Ц);Andrew Hulbert;Н/Д;€0;;Неамбициозный;;;7;;;13.4;21.7;22.4;22.8;;;;;;;;
19;ОП, П (Ц);Mani Davis;Н/Д;€0;;Спортивный;;;4;;;14.4;21.4;22.0;23.1;;;;;;;;
18;З (ПЛЦ);Kyle Wilcock;Н/Д;€0;;Достаточно профессионален;;;6;;;14.5;21.1;21.5;21.9;;;;;;;;
18;НП (Ц);Steve Taylor;Н/Д;€0;;Неамбициозный;;;7;;;15.8;25.2;25.9;26.7;;;;;;;;
19;П/АП (ПЦ);Ian Dempsey;Н/Д;€0;;Сдержанный;;;8;;;13.5;24.8;25.8;26.9;;;;;;;;
19;З (Ц), ОП;Miles Ridout;Н/Д;€0;;Неамбициозный;;;8;;;17.7;29.4;30.2;31.0;;;;;;;;
19;КЗ (П), ОП, П (ЛЦ);Ibrahima Sanogo;Н/Д;€0;;Сдержанный;;;7;;;16.1;25.9;26.6;27.4;;;;;;;;
19;З (ПЦ);Mark Ferry;Н/Д;€0;;Тверд в решениях;;;5;;;17.6;25.1;26.0;26.8;;;;;;;;
19;З (ПЛ);James Ndlovu;Н/Д;€0;;Сдержанный;;;7;;;17.7;26.0;26.5;26.9;;;;;;;;
18;З (ЛЦ), КЗ (Л);Terry Coulson;Н/Д;€0;;Неамбициозный;;;4;;;16.4;23.9;24.3;25.0;;;;;;;;
19;З (ПЛЦ);Noah Hughes;Н/Д;€0;;Достаточно дисциплинированный;;;3;;;17.4;22.8;23.2;24.3;;;;;;;;
18;З (ПЦ);Martin Beale;Н/Д;€0;;Неамбициозный;;;6;;;18.6;26.6;27.4;28.2;;;;;;;;
19;П/АП (Ц);Isaac Shields;Н/Д;€0;;Нерешительный;;;10;;;14.4;24.1;24.9;25.2;;;;;;;;
19;З (ПЛ), П (П);Chris MacAllister;Н/Д;€0;;Неамбициозный;;;10;;;15.5;25.5;26.2;27.7;;;;;;;;
18;З (Л);Przemyslaw Butenko;€6,750 в год;€0;;Нерешительный;;;4;;;18.4;28.0;28.8;29.2;;;;;;;;
19;З/П/АП (П), НП (Ц);Lee Jenkins;€4,700 в год;€0;;Неамбициозный;;;6;;;14.8;23.1;23.5;24.7;;;;;;;;
19;КЗ/П (Л);Juddy Bola;€3,300 в год;€0;;Энергичный;;;9;;;16.8;24.3;24.8;26.3;;;;;;;;
19;В;Sean Doherty;€2,300 в год;€0;;Сдержанный;;;1;;;38.6;43.5;44.4;45.2;;;;;;;;
19;ОП, П/АП (Ц);William Zimba;Н/Д;€0;;Нерешительный;;;7;;;15.5;25.1;25.6;26.7;;;;;;;;
19;П (П), АП (ПЦ);Kane Lennon;Н/Д;€0;;Сдержанный;;;6;;;13.2;24.4;25.1;26.2;;;;;;;;
19;З (ПЦ);Ali Wallace;€1,500 в год;€0;;Легкомысленный;;;4;;;16.6;24.4;25.0;26.2;;;;;;;;
18;З (ПЛЦ);Ryan Plant;€2,100 в год;€0;;Достаточно настойчивый;;;6;;;14.6;21.2;21.6;22.0;;;;;;;;
19;В;Noah Herrod;€2,300 в год;€0;;Неамбициозный;;;3;;;37.8;45.2;46.9;51.8;;;;;;;;
19;П/АП (Ц);James Myers;€2,900 в год;€0;;Сдержанный;;;8;;;15.7;27.8;28.4;29.6;;;;;;;;
19;З (ПЦ);Jack Brook;Н/Д;€0;;Ненадежный;;;2;;;16.3;23.6;24.1;25.2;;;;;;;;
18;З/П/АП (Ц), НП (Ц);Kye Hapgood;€3,000 в год;€0;;Неамбициозный;;;10;;;13.8;21.8;22.3;22.7;;;;;;;;
18;АП (Ц), НП (Ц);John Bridge;€1,700 в год;€0;;Достаточно настойчивый;;;10;;;12.2;23.1;24.1;25.2;;;;;;;;
19;В;Gary Grimshaw;Н/Д;€0;;Неамбициозный;;;1;;;37.2;45.4;47.1;47.8;;;;;;;;
19;З (Ц), ОП, П (Ц);David Barron;Н/Д;€0;;Ненадежный;;;7;;;19.1;27.1;27.8;28.9;;;;;;;;
19;З (ПЦ), КЗ (П);Aaron Richards;Н/Д;€0;;Сдержанный;;;6;;;15.3;23.4;24.1;25.2;;;;;;;;
19;П (Ц), АП (Л), НП (Ц);Arran Maddocks;Н/Д;€0;;Нерешительный;;;5;;;12.2;22.5;23.3;23.7;;;;;;;;
19;З/П (Ц);Jack Armstrong;Н/Д;€0;;Сдержанный;;;9;;;16.7;24.0;24.8;25.9;;;;;;;;
19;П/АП (Ц);Luciano Malone;Н/Д;€0;;Неамбициозный;;;14;;;15.1;27.9;28.8;29.9;;;;;;;;
19;В;Patrick Umar;Н/Д;€0;;Непостоянный;;;2;;;42.2;49.4;50.6;53.2;;;;;;;;
19;АП (ПЦ), НП (Ц);Ruairi O'Leary;Н/Д;€0;;Неамбициозный;;;5;;;14.0;21.6;22.5;22.8;;;;;;;;
19;З (Ц), ОП, П/АП (Ц);Nigel Doughty;Н/Д;€0;;Нерешительный;;;13;;;16.6;27.4;28.3;29.0;;;;;;;;
18;П/АП (ПЦ);Samuel Frimpong;Н/Д;€0;;Сдержанный;;;10;;;15.9;29.3;30.2;31.0;;;;;;;;
19;З (П);Marc McKenzie;€3,200 в год;€0;;Достаточно настойчивый;;;6;;;15.3;22.6;23.0;24.5;;;;;;;;
19;З (Л), П (Ц), АП (ЛЦ);Aime Hakizimana;Н/Д;€0;;Легкомысленный;;;9;;;15.3;25.8;26.5;26.9;;;;;;;;
19;В;Stephen O'Shea;Н/Д;€0;;Неамбициозный;;;1;;;31.9;40.0;41.7;43.6;;;;;;;;
18;З (ЛЦ);Louis Harrop;Н/Д;€0;;Достаточно профессионален;;;8;;;14.4;23.5;24.2;24.9;;;;;;;;
19;П/АП (Л);Nat Melbourne;Н/Д;€0;;Нерешительный;;;8;;;14.2;22.5;23.3;24.4;;;;;;;;
19;АП (П), НП (Ц);Mário Henriques;Н/Д;€0;;Сдержанный;;;10;;;11.3;18.2;18.8;20.0;;;;;;;;
19;З/П (Ц);Malik Asante;Н/Д;€0;;Неамбициозный;;;6;;;17.5;25.9;26.4;27.5;;;;;;;;
19;В;James Williams;Н/Д;€0;;Напористый;;;1;;;32.7;40.2;42.4;42.8;;;;;;;;
19;ОП, П (Ц);Kevin Friel;Н/Д;€0;;Реалист;;;5;;;15.2;23.9;24.7;25.8;;;;;;;;
18;В;Oliver North;Н/Д;€0;;Ненадежный;;;1;;;41.1;44.2;45.3;46.4;;;;;;;;
19;З/КЗ (Л);Jermaine Blanchard;Н/Д;€0;;Неамбициозный;;;13;;;14.8;24.8;25.3;25.7;;;;;;;;
19;З (Л);Samuel Beverland;Н/Д;€0;;Сдержанный;;;5;;;15.8;24.0;24.6;25.0;;;;;;;;
19;З (Ц);Francis Neal;Н/Д;€0;;Достаточно профессионален;;;5;;;15.8;21.9;22.4;23.5;;;;;;;;
19;П/АП (Л), НП (Ц);Zak Knill;Н/Д;€0;;Неамбициозный;;;5;;;15.2;25.0;25.8;26.1;;;;;;;;
19;З (ПЛЦ);Fotis Voulgaris;Н/Д;€0;;Ненадежный;;;4;;;18.6;24.6;25.2;26.0;;;;;;;;
16;АП (П), НП (Ц);Sam Kavanagh;€300 в год;€0 - €1тыс.;;Неамбициозный;;;8;;;13.2;23.9;24.6;25.0;;;;;;;;
20;З (Л), П/АП (П);Laron Daley;€97,500 в год;€0 - €1.5тыс.;;Достаточно амбициозный;;;11;;;19.3;34.8;35.9;37.0;;;;;;;;
19;З (ЛЦ);Stephen Neill;€31,000 в год;€0 - €1.5тыс.;;Достаточно настойчивый;;;8;;;17.8;27.4;28.2;29.4;;;;;;;;
18;З (ПЦ), КЗ (Л);Vic Chambers;€8,750 в год;€0 - €1.5тыс.;;Достаточно дисциплинированный;;;3;;;17.8;24.5;25.3;26.4;;;;;;;;
16;НП (Ц);Charlie Cain;€8,750 в год;€0 - €1.5тыс.;;Сдержанный;;;6;;;14.4;22.5;22.8;24.0;;;;;;;;
17;В;Cliff Gillett;€8,750 в год;€0 - €1.5тыс.;;Сдержанный;;;3;;;34.0;39.8;41.5;46.4;;;;;;;;
20;П (ЛЦ), АП (ПЦ), НП (Ц);Mungo Fowler;€12,750 в год;€0 - €1.5тыс.;;Неамбициозный;;;7;;;11.6;21.1;21.6;22.3;;;;;;;;
16;З (ЛЦ);Declan McNamara;€8,750 в год;€0 - €1.5тыс.;;Наемник;;;7;;;15.6;23.9;24.4;24.8;;;;;;;;
20;КЗ (П), П (Ц), НП (Ц);Vincent Morrison;€4,700 в год;€0 - €1.5тыс.;;Неамбициозный;;;11;;;16.7;27.4;28.2;29.0;;;;;;;;
17;АП (П), НП (Ц);Paul Rowland;€300 в год;€0 - €1.5тыс.;;Сдержанный;;;7;;;16.0;24.4;25.3;25.7;;;;;;;;
16;В;Walter Aniello;€8,750 в год;€0 - €2тыс.;;Темпераментный;;;3;;;36.2;39.8;40.9;44.7;;;;;;;;
16;З (Ц);Antone Boxhill;€300 в год;€0 - €2тыс.;;Нерешительный;;;6;;;19.2;29.0;29.6;31.1;;;;;;;;
17;З (Л);Álex Lagoa;€8,750 в год;€0 - €2тыс.;;Сдержанный;;;6;;;17.8;30.6;31.4;32.5;;;;;;;;
18;П (ЛЦ), АП (Л);Ishmael Darko;€19,500 в год;€0 - €2тыс.;;Достаточно амбициозный;;;8;;;15.2;25.8;26.6;27.7;;;;;;;;
17;АП (Л);Naldo Nelom;€8,750 в год;€0 - €2тыс.;;Неамбициозный;;;6;;;13.7;23.1;23.6;24.4;;;;;;;;
16;ОП, П/АП (Ц);Andrew McKinley;€8,750 в год;€0 - €2тыс.;;Неамбициозный;;;9;;;14.1;25.4;26.0;27.5;;;;;;;;
19;З/П (Ц);Alan Fee;€4,900 в год;€0 - €2тыс.;;Сдержанный;;;13;;;17.1;26.0;26.4;27.5;;;;;;;;
17;П (Ц);Gavin Duffy;€8,750 в год;€0 - €2тыс.;;Достаточно профессионален;;;8;;;15.1;28.4;29.0;29.4;;;;;;;;
17;КЗ (Л);Kurt Sopowski;€8,750 в год;€0 - €2тыс.;;Достаточно профессионален;;;12;;;13.2;22.1;22.7;23.8;;;;;;;;
16;ОП;Carl Williams;€300 в год;€0 - €2тыс.;;Достаточно дисциплинированный;;;7;;;14.8;24.6;25.2;26.0;;;;;;;;
16;КЗ (Л);Ben Beach;€300 в год;€0 - €2тыс.;;Неамбициозный;;;9;;;17.0;27.8;28.5;29.2;;;;;;;;
16;В;Dennis O'Sullivan;€300 в год;€0 - €2тыс.;;Достаточно дисциплинированный;;;1;;;44.8;53.4;54.5;56.0;;;;;;;;
16;З (Ц);Alistair Starkey;€300 в год;€0 - €2тыс.;;Энергичный;;;8;;;16.2;25.8;26.4;27.6;;;;;;;;
17;НП (Ц);Charlie Lewis;€8,750 в год;€0 - €2тыс.;;Сдержанный;;;8;;;15.0;24.0;24.7;25.4;;;;;;;;
16;АП (Л);Alan Delaney;€8,750 в год;€0 - €2тыс.;;Неамбициозный;;;5;;;12.5;21.4;21.9;22.6;;;;;;;;
16;З (Ц);Hany Taha;€8,750 в год;€0 - €2.5тыс.;;Нерешительный;;;6;;;16.4;23.9;24.5;24.9;;;;;;;;
16;НП (Ц);Jamie Butterworth;€8,750 в год;€0 - €2.5тыс.;;Сдержанный;;;5;;;13.1;22.2;23.2;23.9;;;;;;;;
16;З (Ц);Kane George;€8,750 в год;€0 - €2.5тыс.;;Тверд в решениях;;;8;;;13.8;24.1;25.0;25.8;;;;;;;;
17;НП (Ц);Cristiano Bastos;€8,750 в год;€0 - €2.5тыс.;;Сдержанный;;;3;;;14.3;24.0;24.7;25.1;;;;;;;;
18;ОП, П/АП (Ц);Jamie Beaton;€8,750 в год;€0 - €2.5тыс.;;Нерешительный;;;12;;;17.9;30.8;31.6;32.4;;;;;;;;
16;З (Ц), ОП, П (Ц);Ally McMurdo;€8,750 в год;€0 - €2.5тыс.;;Сдержанный;;;8;;;17.1;28.6;29.2;30.0;;;;;;;;
17;В;Jimmy Lyons;€8,750 в год;€0 - €2.5тыс.;;Сдержанный;;;1;;;27.8;36.0;37.6;39.9;;;;;;;;
16;НП (Ц);Darragh Buckley;€8,750 в год;€0 - €2.5тыс.;;Сдержанный;;;8;;;14.8;25.2;26.2;27.0;;;;;;;;
16;З (ПЦ);Will Heath;€8,750 в год;€0 - €2.5тыс.;;Нерешительный;;;4;;;16.2;24.8;25.6;26.7;;;;;;;;
17;З/П (Ц);Jordan Collins;€8,750 в год;€0 - €2.5тыс.;;Сдержанный;;;4;;;15.1;23.1;23.7;24.0;;;;;;;;
17;П/АП (Л);Marc Morris;€8,750 в год;€0 - €2.5тыс.;;Сдержанный;;;5;;;13.5;23.5;23.9;24.3;;;;;;;;
17;З (Ц);Reece McCormack;€8,750 в год;€0 - €2.5тыс.;;Неамбициозный;;;5;;;16.9;25.4;26.0;27.5;;;;;;;;
16;П/АП (Ц), НП (Ц);Eddie Owen;€8,750 в год;€0 - €2.5тыс.;;Неамбициозный;;;11;;;15.3;25.8;26.3;26.7;;;;;;;;
17;З (П);Mason Hartlebury;€8,750 в год;€0 - €2.5тыс.;;Достаточно профессионален;;;10;;;13.8;22.9;23.5;24.6;;;;;;;;
16;П (ЛЦ), НП (Ц);Nikos Vasileiou;€8,750 в год;€0 - €2.5тыс.;;Сдержанный;;;6;;;14.6;23.9;24.8;25.5;;;;;;;;
17;З (ЛЦ);Steve Holmes;€8,750 в год;€0 - €2.5тыс.;;Достаточно настойчивый;;;6;;;19.1;28.5;29.2;29.9;;;;;;;;
17;АП (ПЦ), НП (Ц);Josh Watts;€8,750 в год;€0 - €2.5тыс.;;Достаточно профессионален;;;5;;;14.6;24.5;25.3;26.4;;;;;;;;
19;П (ПЛ), АП (ПЛЦ);Adam Jones;€9,000 в год;€0 - €2.5тыс.;;Достаточно амбициозный;;;9;;;13.9;27.5;28.4;29.6;;;;;;;;
19;З (ПЦ);Gareth Hughes;€6,750 в год;€0 - €2.5тыс.;;Достаточно настойчивый;;;9;;;16.6;24.0;24.6;26.2;;;;;;;;
17;В;Billy Payne;€8,750 в год;€0 - €2.5тыс.;;Темпераментный;;;1;;;38.6;44.2;45.9;49.3;;;;;;;;
21;КЗ/П (П), АП (ПЦ);Stefan Shelton;€13,500 в год;€0 - €2.5тыс.;;Неамбициозный;;;15;;;14.0;25.6;26.4;27.6;;;;;;;;
19;П (ПЛ), АП (ПЦ), НП (Ц);Lincoln Ball;€6,500 в год;€0 - €2.5тыс.;;Достаточно настойчивый;;;8;;;14.2;22.1;22.6;23.7;;;;;;;;
16;З (ЛЦ), КЗ (Л);Bob Snaith;€8,750 в год;€0 - €2.5тыс.;;Ненадежный;;;4;;;15.3;23.6;24.2;25.3;;;;;;;;
16;З (Ц);Gerard Hollywood;€8,750 в год;€0 - €2.5тыс.;;Ненадежный;;;5;;;15.0;23.4;24.1;25.2;;;;;;;;
18;З (ЛЦ);Chris Clancy;€8,750 в год;€0 - €2.5тыс.;;Сдержанный;;;6;;;17.0;25.1;26.0;27.1;;;;;;;;
18;П (Ц), АП (Л), НП (Ц);Jasper Knight;€300 в год;€0 - €3тыс.;;Неамбициозный;;;5;;;14.6;24.0;24.7;25.8;;;;;;;;
16;З (Ц);David French;€300 в год;€0 - €3тыс.;;Неамбициозный;;;5;;;18.6;28.7;29.5;30.2;;;;;;;;
15;НП (Ц);Matthew Dacres-Cogley;€300 в год;€0 - €3.5тыс.;;Неамбициозный;;;5;;;12.6;23.8;24.8;25.1;;;;;;;;
17;З (Ц);Alec McKenna;€8,750 в год;€0 - €3.5тыс.;;Ненадежный;;;2;;;17.1;25.6;26.3;26.7;;;;;;;;
17;З (ПЛ);Ben Niblett;€8,750 в год;€0 - €3.5тыс.;;Непостоянный;;;6;;;17.7;24.2;24.8;25.2;;;;;;;;
16;П (ПЦ);Ryan Nurse;€300 в год;€0 - €3.5тыс.;;Неамбициозный;;;7;;;14.8;26.8;27.6;28.7;;;;;;;;
16;З (П);David Whelan;€300 в год;€0 - €4тыс.;;Сдержанный;;;6;;;18.9;26.8;27.3;28.4;;;;;;;;
21;П/АП (Ц);Kenny Fee;€2,800 в год;€0 - €4тыс.;;Темпераментный;;;11;;;16.6;29.3;30.0;31.5;;;;;;;;
16;НП (Ц);Terell Koenraat;€300 в год;€0 - €4тыс.;;Сдержанный;;;4;;;15.8;27.0;28.0;28.8;;;;;;;;
20;В;Travis Lomas;€8,250 в год;€0 - €4тыс.;;Ленивый;;;3;;;40.5;48.2;49.6;54.8;;;;;;;;
20;З (Ц);Nihad Dzidic;€6,750 в год;€0 - €4тыс.;;Сдержанный;;;6;;;21.0;30.1;30.6;31.0;;;;;;;;
16;З/П (Ц), НП (Ц);Gideon Obilor;€8,750 в год;€0 - €4тыс.;;Сдержанный;;;7;;;17.6;28.0;28.6;29.7;;;;;;;;
19;З (ПЦ), ОП;Zak Gardiner;€2,700 в год;€0 - €4тыс.;;Тверд в решениях;;;8;;;18.2;28.6;29.2;30.4;;;;;;;;
16;З (Ц);Julle Kamango;€300 в год;€0 - €4тыс.;;Сдержанный;;;13;;;14.7;23.2;23.9;24.2;;;;;;;;
16;НП (Ц);Richard Jackson;€300 в год;€0 - €4тыс.;;Неамбициозный;;;9;;;15.2;25.6;26.5;28.0;;;;;;;;
16;В;Gordon Dolby;€300 в год;€0 - €4.5тыс.;;Достаточно лояльный;;;3;;;38.3;46.3;48.1;48.8;;;;;;;;
21;В;Joshua Arnott;€6,750 в год;€0 - €4.5тыс.;;Неамбициозный;;;4;;;34.8;41.7;43.5;43.9;;;;;;;;
17;П/АП (Ц), НП (Ц);Denis Gould;€8,750 в год;€0 - €4.5тыс.;;Нерешительный;;;7;;;14.8;27.7;28.8;29.2;;;;;;;;
17;З (Ц);Sam Morgan;€8,750 в год;€0 - €4.5тыс.;;Темпераментный;;;6;;;17.5;26.3;27.0;27.4;;;;;;;;
17;П (Ц), АП (П), НП (Ц);Alan McGuinness;€300 в год;€0 - €4.5тыс.;;Сдержанный;;;4;;;14.8;21.8;22.2;23.0;;;;;;;;
16;П/АП (Л), НП (Ц);William Stephens;€300 в год;€0 - €4.5тыс.;;Ненадежный;;;9;;;13.5;22.0;22.8;24.2;;;;;;;;
16;В;Kevin McLaughlin;€8,750 в год;€0 - €4.5тыс.;;Неамбициозный;;;3;;;32.3;39.8;40.9;41.3;;;;;;;;
17;З (ПЦ);Kostas Michail;€300 в год;€0 - €4.5тыс.;;Неамбициозный;;;5;;;17.2;27.2;28.4;28.7;;;;;;;;
16;ОП, П/АП (П);Michael Taylor;€300 в год;€0 - €4.5тыс.;;Неамбициозный;;;13;;;13.2;24.5;25.4;26.2;;;;;;;;
17;П/АП (Ц);Nathaniel Frazier;€8,750 в год;€0 - €5тыс.;;Сдержанный;;;8;;;16.0;28.8;29.5;30.2;;;;;;;;
17;ОП, П (Ц), АП (П);Carl Vaughan;€8,750 в год;€0 - €5тыс.;;Нерешительный;;;10;;;15.2;22.0;22.5;23.2;;;;;;;;
17;В;Warren Waldron;€1,800 в год;€0 - €5тыс.;;Легкомысленный;;;1;;;38.6;46.6;47.9;48.2;;;;;;;;
17;З (ЛЦ), КЗ (Л);Kenny Wiltshire;€8,750 в год;€0 - €5тыс.;;Достаточно лояльный;;;5;;;17.7;25.0;25.6;26.4;;;;;;;;
21;П/АП (ПЦ);Martin Brooks;€4,900 в год;€0 - €5тыс.;;Непостоянный;;;10;;;14.0;29.5;30.4;31.5;;;;;;;;
21;В;Chris Smith;€13,250 в год;€0 - €5тыс.;;Достаточно профессионален;;;3;;;44.8;51.7;52.9;57.0;;;;;;;;
16;В;Eli Boon;€8,750 в год;€0 - €5тыс.;;Неамбициозный;;;1;;;33.5;38.8;40.1;40.5;;;;;;;;
17;АП (ЛЦ), НП (Ц);Russell Kirkwood;€8,750 в год;€0 - €5тыс.;;Достаточно профессионален;;;12;;;13.4;20.4;20.8;21.6;;;;;;;;
17;З (Ц);Chris Horn;€8,750 в год;€0 - €5тыс.;;Ненадежный;;;8;;;17.1;27.2;28.2;28.5;;;;;;;;
16;З/КЗ (П);Ryan Best;€300 в год;€0 - €5тыс.;;Неамбициозный;;;9;;;15.6;25.0;25.5;26.6;;;;;;;;
21;З (ЛЦ);Nic Brewer;€13,000 в год;€0 - €5тыс.;;Неамбициозный;;;10;;;17.7;26.2;26.6;27.8;;;;;;;;
20;З (ПЦ), П (П);Ollie Fry;€11,250 в год;€0 - €6тыс.;;Нерешительный;;;4;;;16.2;25.6;26.3;27.8;;;;;;;;
21;З (П);Owen Morris;€7,500 в год;€0 - €6тыс.;;Сдержанный;;;7;;;16.2;26.9;27.6;27.9;;;;;;;;
17;З (Ц), ОП, П (Ц);Patrick Kaunda;€8,750 в год;€0 - €6тыс.;;Достаточно настойчивый;;;7;;;16.8;23.2;23.6;24.7;;;;;;;;
16;НП (Ц);Thomas Duffus;€8,750 в год;€0 - €6тыс.;;Сдержанный;;;6;;;17.0;26.0;26.7;27.8;;;;;;;;
16;З (Л);Lee Bent;€8,750 в год;€0 - €6тыс.;;Достаточно профессионален;;;3;;;17.0;25.0;25.6;26.7;;;;;;;;
16;З (Ц);Mubarak Moses;€8,750 в год;€0 - €6тыс.;;Неамбициозный;;;6;;;16.0;24.7;25.5;25.9;;;;;;;;
17;П (Ц), АП (ПЦ);James Sanderson;€8,750 в год;€0 - €6тыс.;;Сдержанный;;;7;;;17.8;29.7;30.3;31.8;;;;;;;;
18;З (ПЛЦ);Andy Glover;€6,250 в год;€0 - €6тыс.;;Неамбициозный;;;7;;;14.2;22.2;22.8;23.6;;;;;;;;
17;ОП, П (ЛЦ), АП (П);Rahis Birch;€8,750 в год;€0 - €6тыс.;;Сдержанный;;;7;;;16.0;24.9;25.5;26.6;;;;;;;;
17;ОП, П (ЛЦ);Garry Finney;€8,750 в год;€0 - €6тыс.;;Сдержанный;;;8;;;14.2;22.4;23.1;23.8;;;;;;;;
17;П/АП (П), НП (Ц);Charles Ike;€8,750 в год;€0 - €6тыс.;;Низкая самооценка;;;9;;;12.0;21.4;21.8;22.6;;;;;;;;
19;В;Pete Crittenden;€6,500 в год;€0 - €6тыс.;;Сдержанный;;;1;;;41.2;46.2;48.0;50.3;;;;;;;;
16;З (ПЛЦ);Kyle Jamerson;€8,750 в год;€0 - €6тыс.;;Неамбициозный;;;3;;;17.9;25.9;26.5;27.3;;;;;;;;
16;З (П);Dale Kite;€8,750 в год;€0 - €6тыс.;;Профессионал;;;4;;;14.4;20.5;20.8;21.2;;;;;;;;
17;З (ПЦ);Ashley Tranter;€8,750 в год;€0 - €6тыс.;;Ненадежный;;;6;;;19.1;28.0;28.9;29.6;;;;;;;;
17;АП (Ц), НП (Ц);Leon Corbett;€8,750 в год;€0 - €6тыс.;;Нерешительный;;;10;;;17.2;29.3;29.9;30.6;;;;;;;;
17;ОП, П/АП (Ц);Ole Kristian Jakobsen;€8,750 в год;€0 - €6тыс.;;Сдержанный;;;15;;;14.8;26.2;27.1;27.8;;;;;;;;
17;В;Ackeem Radcliffe;€8,750 в год;€0 - €6тыс.;;Неамбициозный;;;3;;;37.0;44.8;46.7;47.4;;;;;;;;
16;З/П (Ц);Oliver Morris;€8,750 в год;€0 - €6тыс.;;Легкомысленный;;;6;;;14.4;25.4;26.4;26.8;;;;;;;;
20;З (ЛЦ);Steve Mackay;€12,750 в год;€0 - €6тыс.;;Достаточно профессионален;;;8;;;17.5;27.2;27.8;28.9;;;;;;;;
16;П/АП (Л);Hakan Ataç;€300 в год;€0 - €6тыс.;;Сдержанный;;;13;;;16.1;27.2;28.2;28.6;;;;;;;;
17;АП (Л), НП (Ц);Kyle Plant;€8,750 в год;€0 - €6тыс.;;Достаточно лояльный;;;5;;;13.2;20.3;20.7;21.8;;;;;;;;
16;П (Ц);Alan Driscoll;€8,750 в год;€0 - €6тыс.;;Неамбициозный;;;7;;;17.0;29.2;30.0;31.1;;;;;;;;
21;З (ПЦ);Marvin Eastwood;€15,250 в год;€0 - €6тыс.;;Сдержанный;;;6;;;20.9;31.6;32.3;33.8;;;;;;;;
17;З (Ц);Taylor Simpson;€8,750 в год;€0 - €6тыс.;;Неамбициозный;;;5;;;16.8;25.0;25.5;26.2;;;;;;;;
17;АП (Л), НП (Ц);Rolly Lomboto;€8,750 в год;€0 - €6тыс.;;Тверд в решениях;;;5;;;15.3;25.9;26.9;27.7;;;;;;;;
17;НП (Ц);Alistair Austin;€8,750 в год;€0 - €6тыс.;;Сдержанный;;;6;;;17.3;28.6;29.3;30.0;;;;;;;;
17;В;Phil Cunningham;€8,750 в год;€0 - €6тыс.;;Неамбициозный;;;2;;;37.6;44.7;46.4;47.6;;;;;;;;
16;З (Ц);Adamu Osho;€8,750 в год;€0 - €6тыс.;;Нерешительный;;;5;;;16.5;25.2;26.2;27.4;;;;;;;;
16;АП (П), НП (Ц);Eliot Darby;€8,750 в год;€0 - €6тыс.;;Достаточно амбициозный;;;10;;;15.0;23.0;23.6;25.0;;;;;;;;
16;НП (Ц);Steve Hawkins;€8,750 в год;€0 - €6тыс.;;Неамбициозный;;;7;;;14.2;23.0;23.7;24.8;;;;;;;;
15;АП (Л), НП (Ц);Lionel Wellington;€1,200 в год;€0 - €6тыс.;;Неспортивный;;;7;;;12.9;23.5;24.0;24.4;;;;;;;;
16;П/АП (Ц);Barry Walsh;€8,750 в год;€0 - €6тыс.;;Сдержанный;;;9;;;16.6;28.0;28.6;29.8;;;;;;;;
17;З (ПЦ);Regan Webster;€8,750 в год;€0 - €6тыс.;;Сдержанный;;;5;;;15.3;25.4;26.4;27.5;;;;;;;;
16;КЗ (П);Gareth Whitehead;€8,750 в год;€0 - €6тыс.;;Нерешительный;;;5;;;13.2;22.3;23.0;23.4;;;;;;;;
17;П (Ц), АП (ПЦ);Ashley Chalmers;€8,750 в год;€0 - €6тыс.;;Нерешительный;;;10;;;16.9;29.4;30.3;31.4;;;;;;;;
20;В;Jamie Mann;€9,500 в год;€0 - €6тыс.;;Достаточно профессионален;;;3;;;45.0;53.1;54.4;57.4;;;;;;;;
16;НП (Ц);Mike Costa;€8,750 в год;€0 - €6тыс.;;Неамбициозный;;;10;;;15.6;25.0;26.0;27.4;;;;;;;;
15;АП (Ц);Kenny Morford;€8,750 в год;€0 - €6тыс.;;Неамбициозный;;;7;;;14.8;24.4;25.2;25.9;;;;;;;;
16;В;Robert Flinders;€8,750 в год;€0 - €6тыс.;;Энергичный;;;3;;;41.0;47.2;48.6;49.3;;;;;;;;
18;З (Л), П (Ц), АП (ЛЦ);Aden Milner;€9,250 в год;€0 - €6тыс.;;Темпераментный;;;10;;;18.8;28.5;29.4;30.2;;;;;;;;
19;З/П (Ц);Allan Olaoye-Nightingale;€6,250 в год;€0 - €6тыс.;;Тверд в решениях;;;2;;;17.2;24.2;24.5;24.9;;;;;;;;
18;П/АП (Ц);Donald Gallacher;€8,750 в год;€0 - €6тыс.;;Сдержанный;;;8;;;19.2;30.8;31.4;31.8;;;;;;;;
20;П/АП (Ц);Tom Richardson;€12,750 в год;€0 - €6тыс.;;Сдержанный;;;11;;;17.4;29.0;29.9;30.3;;;;;;;;
16;ОП, П/АП (Ц);Jack Owen;€8,750 в год;€0 - €6тыс.;;Достаточно настойчивый;;;10;;;12.4;21.2;21.9;22.7;;;;;;;;
15;НП (Ц);Geoff Chamberlain;€8,750 в год;€0 - €6тыс.;;Сдержанный;;;8;;;17.4;29.1;30.2;31.6;;;;;;;;
18;З (Ц);Josh Davis;€8,750 в год;€0 - €6тыс.;;Неамбициозный;;;10;;;17.2;24.3;25.0;25.3;;;;;;;;
17;П/АП (Л);Benn McCarthy;€8,750 в год;€0 - €6тыс.;;Достаточно профессионален;;;8;;;11.5;19.2;19.6;20.7;;;;;;;;
16;З (Ц), ОП;Rhys Black;€8,750 в год;€0 - €6тыс.;;Достаточно лояльный;;;5;;;18.1;29.9;30.8;31.6;;;;;;;;
16;ОП, П (ЛЦ);Craig O'Reilly;€300 в год;€0 - €6тыс.;;Сдержанный;;;7;;;17.2;29.3;30.2;30.9;;;;;;;;
21;З/КЗ/П (П), АП (ПЦ);Dale Lincoln;€6,250 в год;€0 - €6тыс.;;Неамбициозный;;;8;;;16.1;28.2;29.3;29.6;;;;;;;;
21;З/КЗ (Л), АП (Ц);Chris Davies;€11,500 в год;€0 - €6тыс.;;Нерешительный;;;12;;;15.5;25.9;26.7;27.8;;;;;;;;
17;АП (ЛЦ), НП (Ц);Dane Roberts;€8,750 в год;€0 - €6тыс.;;Ненадежный;;;13;;;12.6;24.6;25.7;27.2;;;;;;;;
17;П (Ц);Markus Saar;€8,750 в год;€0 - €6тыс.;;Неамбициозный;;;10;;;15.0;30.5;31.5;32.2;;;;;;;;
16;З (Ц), ОП;Emmanuel Gyimah;€8,750 в год;€0 - €6тыс.;;Неамбициозный;;;4;;;16.0;24.5;25.2;26.0;;;;;;;;
17;П (Л), АП (ПЛ);Shaun Taylor;€8,750 в год;€0 - €6тыс.;;Неамбициозный;;;11;;;12.4;21.1;21.8;22.9;;;;;;;;
17;В;Issaka Baidoo;€8,750 в год;€0 - €6тыс.;;Достаточно амбициозный;;;2;;;37.9;43.4;44.9;49.1;;;;;;;;
16;В;Xavier Gibb;€8,750 в год;€0 - €6тыс.;;Неамбициозный;;;2;;;33.8;37.4;38.6;40.9;;;;;;;;
17;В;Zak Ulph;€8,750 в год;€0 - €6тыс.;;Низкая самооценка;;;3;;;43.0;48.6;49.7;50.1;;;;;;;;
17;ОП, П (Ц), АП (ПЦ);Jack Gilbert;€8,750 в год;€0 - €6тыс.;;Сдержанный;;;7;;;13.4;26.5;27.4;28.6;;;;;;;;
19;З (Л);Joseph Roberts;€17,750 в год;€0 - €6тыс.;;Сдержанный;;;9;;;16.7;24.3;24.8;25.9;;;;;;;;
17;З (Ц), ОП, П (Ц);Kyle Reid;€8,750 в год;€0 - €7тыс.;;Неамбициозный;;;8;;;17.4;28.0;28.9;29.7;;;;;;;;
20;П (Ц), НП (Ц);Joel Stevens;€13,000 в год;€0 - €7тыс.;;Сдержанный;;;9;;;15.4;29.4;30.4;30.8;;;;;;;;
17;АП (П), НП (Ц);Jason Mutongerwa;€8,750 в год;€0 - €7тыс.;;Неамбициозный;;;11;;;15.3;24.5;25.3;26.1;;;;;;;;
18;П (ПЦ), АП (П);Brentton Thomas;€6,750 в год;€0 - €7тыс.;;Неамбициозный;;;10;;;16.0;26.1;26.8;27.9;;;;;;;;
16;З (Ц);Joe Lamb;€300 в год;€0 - €7тыс.;;Достаточно профессионален;;;6;;;19.2;28.9;29.7;30.1;;;;;;;;
19;АП (П), НП (Ц);Bobby Hennem;€7,500 в год;€0 - €7тыс.;;Неамбициозный;;;11;;;14.8;25.8;26.8;28.3;;;;;;;;
17;В;Jake Hailes;€8,750 в год;€0 - €7тыс.;;Сдержанный;;;5;;;41.0;47.7;48.8;52.5;;;;;;;;
21;В;Tom Walton;€10,250 в год;€0 - €7тыс.;;Неамбициозный;;;2;;;37.4;44.1;45.8;46.2;;;;;;;;
18;З (ЛЦ);Silvan Mallet;€8,750 в год;€0 - €7тыс.;;Достаточно дисциплинированный;;;6;;;18.9;28.8;29.6;29.9;;;;;;;;
16;П (Ц), НП (Ц);Ibrahim Adukor;€8,750 в год;€0 - €7тыс.;;Энергичный;;;7;;;13.6;23.5;24.6;25.7;;;;;;;;
16;З (Л);Jørgen Frafjord;€8,750 в год;€0 - €7тыс.;;Нерешительный;;;9;;;17.0;25.8;26.5;27.6;;;;;;;;
17;З (ПЦ);Sunday Williams;€8,750 в год;€0 - €7тыс.;;Неамбициозный;;;5;;;14.4;21.9;22.6;23.8;;;;;;;;
16;П (П), АП (ПЦ);Joel Doyle;€8,750 в год;€0 - €7тыс.;;Сдержанный;;;7;;;15.8;25.0;25.4;26.6;;;;;;;;
17;В;Matthew Astley;€8,750 в год;€0 - €7тыс.;;Ненадежный;;;2;;;36.1;39.9;40.7;41.1;;;;;;;;
16;П (П), АП (ПЦ);Asquith Stewart;€8,750 в год;€0 - €7тыс.;;Неамбициозный;;;10;;;15.8;24.3;24.7;25.4;;;;;;;;
15;З (П);Ian Hoare;€8,750 в год;€0 - €7тыс.;;Неамбициозный;;;3;;;14.7;21.0;21.5;22.2;;;;;;;;
21;П/АП (Ц);Ciaran Sloane;€13,750 в год;€0 - €7тыс.;;Сдержанный;;;12;;;17.7;29.8;30.7;31.4;;;;;;;;
18;П/АП (П), НП (Ц);Neil Nurse;€6,750 в год;€0 - €7тыс.;;Сдержанный;;;7;;;14.2;26.2;27.1;27.4;;;;;;;;
16;П (Ц);Joshua Gittens;€8,750 в год;€0 - €7тыс.;;Сдержанный;;;10;;;12.9;24.4;25.0;25.8;;;;;;;;
16;ОП, П (Ц);Armin Ackemann;€8,750 в год;€0 - €7тыс.;;Неамбициозный;;;9;;;21.8;31.8;32.7;33.4;;;;;;;;
17;З (Ц);Glenn Campbell;€8,750 в год;€0 - €7тыс.;;Сдержанный;;;2;;;14.5;22.8;23.4;23.7;;;;;;;;
16;З/КЗ (П);Sean Ratcliffe;€8,750 в год;€0 - €7тыс.;;Неамбициозный;;;8;;;18.2;29.9;30.9;32.0;;;;;;;;
18;П/АП (Ц);Andrew Muganga;€9,000 в год;€0 - €7тыс.;;Нерешительный;;;12;;;17.1;30.6;31.4;32.2;;;;;;;;
16;В;Joel Doyle;€8,750 в год;€0 - €7тыс.;;Сдержанный;;;2;;;40.5;46.1;47.7;48.0;;;;;;;;
17;З (ЛЦ);Marley Thompson;€8,750 в год;€0 - €7тыс.;;Неамбициозный;;;5;;;13.3;22.7;23.6;24.4;;;;;;;;
15;З (Ц);Dwayne Morgan;€8,750 в год;€0 - €7тыс.;;Наемник;;;6;;;15.0;22.6;23.2;23.6;;;;;;;;
17;В;Kieron Allen;€8,750 в год;€0 - €7тыс.;;Энергичный;;;2;;;37.8;47.1;49.4;51.7;;;;;;;;
17;З (Ц);Kieron Sargent;€8,750 в год;€0 - €7тыс.;;Неамбициозный;;;7;;;16.6;27.5;28.5;29.6;;;;;;;;
16;АП (ПЦ), НП (Ц);Alan Aguirre;€8,750 в год;€0 - €7тыс.;;Темпераментный;;;7;;;18.4;28.3;29.2;30.0;;;;;;;;
16;АП (ЛЦ), НП (Ц);Paul Curtis;€8,750 в год;€0 - €7тыс.;;Сдержанный;;;10;;;12.5;25.4;26.1;26.8;;;;;;;;
15;В;Alexander Fontaine;€8,750 в год;€0 - €7тыс.;;Неамбициозный;;;2;;;40.2;48.3;50.4;50.8;;;;;;;;
16;З/КЗ/АП (П);Rui Tuppen;€8,750 в год;€0 - €7тыс.;;Неамбициозный;;;7;;;15.9;25.0;25.6;26.0;;;;;;;;
17;В;Alex Davies;€8,750 в год;€0 - €7тыс.;;Профессионал;;;1;;;35.6;39.8;40.5;41.2;;;;;;;;
21;ОП, П (Ц), АП (ПЦ);Dan White;€15,250 в год;€0 - €7тыс.;;Сдержанный;;;9;;;13.2;27.6;28.3;28.6;;;;;;;;
17;П (Ц), АП (ПЦ);Andy Roche;€8,750 в год;€0 - €7тыс.;;Нерешительный;;;8;;;13.2;21.8;22.5;23.6;;;;;;;;
17;АП (П), НП (Ц);Craig Winn;€8,750 в год;€0 - €7тыс.;;Достаточно амбициозный;;;2;;;13.0;20.2;20.7;21.5;;;;;;;;
17;ОП, П/АП (Ц);Clarke Rennie;€8,750 в год;€0 - €7тыс.;;Неамбициозный;;;6;;;17.6;30.0;30.8;31.2;;;;;;;;
18;П/АП (ПЛ), НП (Ц);Anthony Rankin;€7,250 в год;€0 - €7тыс.;;Неамбициозный;;;10;;;15.3;24.2;24.8;25.9;;;;;;;;
17;В;Chimezie Alhassan;€8,750 в год;€0 - €7тыс.;;Сдержанный;;;5;;;39.1;43.2;43.8;50.6;;;;;;;;
17;З (Л);Shay Hinchliffe;€8,750 в год;€0 - €7тыс.;;Неамбициозный;;;7;;;15.0;25.0;25.7;26.1;;;;;;;;
16;З (Ц), ОП;Lee Maxwell;€8,750 в год;€0 - €7тыс.;;Неамбициозный;;;6;;;16.6;25.8;26.4;26.7;;;;;;;;
16;ОП, П (ПЦ);Jamie Page;€8,750 в год;€0 - €7тыс.;;Достаточно профессионален;;;9;;;15.2;28.2;29.4;30.1;;;;;;;;
16;З (Ц);Aidan Burgess;€8,750 в год;€0 - €7тыс.;;Сдержанный;;;6;;;15.4;24.4;25.0;25.4;;;;;;;;
21;З (Ц), ОП;Philip Vincent-Day;€10,500 в год;€0 - €7тыс.;;Неамбициозный;;;7;;;16.9;26.7;27.6;28.0;;;;;;;;
16;НП (Ц);Jason Collins;€8,750 в год;€0 - €7тыс.;;Низкая самооценка;;;9;;;15.8;25.1;25.9;26.6;;;;;;;;
21;П (Л), АП (ПЛ), НП (Ц);Colin Howard;€6,750 в год;€0 - €7тыс.;;Достаточно дисциплинированный;;;7;;;15.6;24.3;25.0;25.4;;;;;;;;
20;З (ПЦ);Shakkimba Tongue;€10,250 в год;€0 - €7тыс.;;Неамбициозный;;;7;;;18.9;30.0;30.8;31.9;;;;;;;;
17;З (ПЛЦ);Adam Broom;€8,750 в год;€0 - €7тыс.;;Сдержанный;;;6;;;18.6;29.8;30.6;31.0;;;;;;;;
17;З (Ц), ОП;Eli Molyneux;€8,750 в год;€0 - €7тыс.;;Достаточно амбициозный;;;7;;;16.8;24.7;25.4;26.5;;;;;;;;
17;ОП, П (ПЦ), АП (Ц);Devante Wilson;€8,750 в год;€0 - €7тыс.;;Ненадежный;;;5;;;13.5;23.5;24.3;25.1;;;;;;;;
17;З (Ц);Owain Roberts;€8,750 в год;€0 - €7тыс.;;Неамбициозный;;;4;;;18.3;27.7;28.4;29.6;;;;;;;;
17;НП (Ц);Marc Todd;€8,750 в год;€0 - €7тыс.;;Нерешительный;;;7;;;17.0;26.9;27.5;28.6;;;;;;;;
16;З (Ц);Dave Jones;€8,750 в год;€0 - €7тыс.;;Сдержанный;;;5;;;16.6;25.7;26.7;27.4;;;;;;;;
16;АП (ПЛ), НП (Ц);Matthew Jenkins;€8,750 в год;€0 - €7тыс.;;Неамбициозный;;;9;;;13.1;24.0;24.9;25.6;;;;;;;;
18;АП (ПЦ), НП (Ц);Joshua Yates;€6,750 в год;€0 - €7тыс.;;Достаточно профессионален;;;8;;;15.0;23.9;24.4;25.1;;;;;;;;
16;З (Ц);Arkadiusz Sobkowski;€8,750 в год;€0 - €7тыс.;;Неамбициозный;;;6;;;15.0;22.7;23.3;24.0;;;;;;;;
15;З (Ц);Brian Fitzpatrick;€8,750 в год;€0 - €7тыс.;;Сдержанный;;;5;;;18.9;28.3;29.0;30.1;;;;;;;;
21;КЗ/П (П), АП (ПЦ);Peter Craddock;€14,750 в год;€0 - €7тыс.;;Энергичный;;;8;;;14.4;24.1;24.7;25.5;;;;;;;;
16;П/АП (Ц);Dylan Stannard;€8,750 в год;€0 - €7тыс.;;Достаточно амбициозный;;;9;;;15.3;27.2;28.0;29.1;;;;;;;;
17;З (ЛЦ);Reis Howes;€8,750 в год;€0 - €7тыс.;;Сдержанный;;;5;;;16.8;26.3;27.2;28.4;;;;;;;;
17;П (ЛЦ), АП (Л);Kamogelo Somtsewu;€8,750 в год;€0 - €7тыс.;;Неамбициозный;;;9;;;13.0;24.2;25.1;26.2;;;;;;;;
16;З (Ц);Tom Turner;€8,750 в год;€0 - €7тыс.;;Сдержанный;;;8;;;16.8;24.4;25.0;25.4;;;;;;;;
16;З (П);Kevin Gordon;€8,750 в год;€0 - €7тыс.;;Сдержанный;;;4;;;16.1;24.7;25.2;26.3;;;;;;;;
15;З (П);Luke Young;€8,750 в год;€0 - €7тыс.;;Достаточно амбициозный;;;7;;;16.5;24.6;25.1;25.9;;;;;;;;
16;З (Ц);Darren Langfield;€8,750 в год;€0 - €7тыс.;;Неамбициозный;;;5;;;17.3;26.7;27.7;28.5;;;;;;;;
16;З (ПЦ), ОП, П (Ц);Ashraf Tarabiyah;€8,750 в год;€0 - €7тыс.;;Сдержанный;;;2;;;14.8;22.6;23.3;24.4;;;;;;;;
17;З (ПЛЦ);Eddie Tremarco;€8,750 в год;€0 - €7тыс.;;Достаточно профессионален;;;9;;;16.4;23.6;24.2;24.6;;;;;;;;
17;НП (Ц);Harry Paxman;€8,750 в год;€0 - €7тыс.;;Неамбициозный;;;5;;;15.1;25.2;26.1;27.6;;;;;;;;
16;З (ПЦ);Matthew Galvin;€8,750 в год;€0 - €7тыс.;;Достаточно настойчивый;;;7;;;15.8;26.6;27.5;28.6;;;;;;;;
19;В;Donal Sheehan;€6,250 в год;€0 - €7тыс.;;Неамбициозный;;;2;;;34.4;39.8;40.7;41.1;;;;;;;;
18;З (ПЦ);Liam Caldwell;€8,750 в год;€0 - €7тыс.;;Неамбициозный;;;6;;;18.2;26.5;27.0;27.4;;;;;;;;
18;В;Jamie Jamieson;€8,750 в год;€0 - €7тыс.;;Неамбициозный;;;1;;;39.2;44.9;46.5;46.8;;;;;;;;
16;П/АП (Ц);Tanaka Kaunda;€8,750 в год;€0 - €7тыс.;;Нерешительный;;;9;;;17.0;27.7;28.2;29.0;;;;;;;;
17;З (ПЦ);Andrew McKay;€8,750 в год;€0 - €7тыс.;;Неамбициозный;;;9;;;17.1;27.2;28.1;28.5;;;;;;;;
16;НП (Ц);Lewis Butcher;€8,750 в год;€0 - €7тыс.;;Легкомысленный;;;7;;;13.9;24.1;25.0;25.4;;;;;;;;
21;ОП, П (ПЦ), АП (П);Mark Herbert;€6,750 в год;€0 - €7тыс.;;Достаточно профессионален;;;8;;;15.4;27.2;27.8;29.3;;;;;;;;
17;НП (Ц);Alfie Stewart;€8,750 в год;€0 - €7тыс.;;Неамбициозный;;;5;;;13.8;24.5;25.4;25.8;;;;;;;;
17;З (ЛЦ), КЗ (Л);Lewis Webster;€8,750 в год;€0 - €7тыс.;;Наемник;;;6;;;13.5;21.7;22.3;23.1;;;;;;;;
21;П (ПЦ), АП (П);Giles Aileru;€12,000 в год;€0 - €7тыс.;;Достаточно дисциплинированный;;;6;;;13.4;21.7;22.3;23.4;;;;;;;;
20;З/П (Ц), НП (Ц);Russell McCoy;€11,750 в год;€0 - €7тыс.;;Неамбициозный;;;5;;;14.4;22.5;23.2;23.6;;;;;;;;
15;НП (Ц);Conor Harding;€8,750 в год;€0 - €7тыс.;;Темпераментный;;;5;;;12.1;20.2;21.1;21.4;;;;;;;;
17;П (Ц), НП (Ц);Donovan Briscoe;€8,750 в год;€0 - €8тыс.;;Нерешительный;;;9;;;14.3;23.4;24.3;25.8;;;;;;;;
16;НП (Ц);Chris Davies;€8,750 в год;€0 - €8тыс.;;Неамбициозный;;;8;;;16.4;28.1;28.8;29.6;;;;;;;;
16;З (ПЦ);Ryan Jarvis;€8,750 в год;€0 - €8тыс.;;Сдержанный;;;7;;;17.4;27.0;27.8;28.5;;;;;;;;
16;П/АП (П);Eoin Fitzpatrick;€8,750 в год;€0 - €8тыс.;;Достаточно профессионален;;;9;;;13.4;23.4;24.4;24.8;;;;;;;;
15;З (П);Luc Knill;€8,750 в год;€0 - €8тыс.;;Сдержанный;;;5;;;12.9;22.5;23.4;23.8;;;;;;;;
17;В;Ian McCarthy;€8,750 в год;€0 - €8тыс.;;Неамбициозный;;;3;;;35.5;41.2;42.6;45.2;;;;;;;;
17;АП (П), НП (Ц);Alex York;€8,750 в год;€0 - €8тыс.;;Неамбициозный;;;7;;;14.3;22.6;23.2;24.0;;;;;;;;
17;П/АП (П);Martin Ross;€8,750 в год;€0 - €8тыс.;;Сдержанный;;;9;;;12.9;23.7;24.4;24.8;;;;;;;;
16;ОП, П (Ц);Julius Okafor;€8,750 в год;€0 - €8тыс.;;Реалист;;;10;;;18.0;29.0;29.4;30.6;;;;;;;;
20;З (Ц);Chris Miller;€11,250 в год;€0 - €8тыс.;;Энергичный;;;5;;;16.2;26.0;26.7;28.2;;;;;;;;
20;З (ПЦ), КЗ (П);Paul Horne-Mallett;€10,250 в год;€0 - €8тыс.;;Достаточно профессионален;;;4;;;19.2;27.8;28.5;29.6;;;;;;;;
17;П/АП (Ц);Kieran Agbaje;€8,750 в год;€0 - €8тыс.;;Достаточно профессионален;;;8;;;16.2;26.5;27.2;28.3;;;;;;;;
16;З (Ц);Ibrahim Amos;€8,750 в год;€0 - €8тыс.;;Достаточно настойчивый;;;4;;;17.0;26.4;27.3;28.8;;;;;;;;
18;П/АП (Ц);Martin Fitzsimons;€8,750 в год;€0 - €8тыс.;;Достаточно дисциплинированный;;;11;;;19.6;30.4;31.1;31.8;;;;;;;;
16;В;Kamen Dales;€8,750 в год;€0 - €8тыс.;;Неамбициозный;;;1;;;33.5;43.6;45.8;46.9;;;;;;;;
16;В;Joacim Berg;€8,750 в год;€0 - €8тыс.;;Сдержанный;;;1;;;42.7;50.2;51.7;53.9;;;;;;;;
18;З (Ц), ОП, П (Ц);Sean Thomson;€8,750 в год;€0 - €8тыс.;;Профессионал;;;6;;;17.6;25.2;25.9;26.3;;;;;;;;
16;З (Л);Rene Harrison;€8,750 в год;€0 - €8тыс.;;Сдержанный;;;5;;;15.9;25.0;25.8;26.5;;;;;;;;
16;П/АП (Ц), НП (Ц);Tendai Stevenson;€8,750 в год;€0 - €8тыс.;;Нерешительный;;;7;;;14.2;24.7;25.6;26.0;;;;;;;;
17;З (Л);Charlie Dasilva;€8,750 в год;€0 - €8тыс.;;Сдержанный;;;6;;;17.7;26.3;26.9;27.3;;;;;;;;
16;НП (Ц);Ash Jacka;€8,750 в год;€0 - €8тыс.;;Сдержанный;;;6;;;19.0;29.6;30.2;30.9;;;;;;;;
17;П/АП (ЛЦ);Charles Frimpong;€8,750 в год;€0 - €8тыс.;;Сдержанный;;;11;;;16.4;30.3;31.4;31.8;;;;;;;;
15;П/АП (Ц);Brian Harris;€8,750 в год;€0 - €8тыс.;;Сдержанный;;;6;;;17.7;28.4;29.1;29.4;;;;;;;;
16;П/АП (Ц);Abdoul Cissé;€8,750 в год;€0 - €8тыс.;;Нерешительный;;;9;;;14.4;23.6;24.2;24.6;;;;;;;;
19;П/АП (Ц);Christopher Davies;€8,500 в год;€0 - €8тыс.;;Непостоянный;;;13;;;16.4;26.1;26.7;27.4;;;;;;;;
16;НП (Ц);Danny White;€300 в год;€0 - €8тыс.;;Ненадежный;;;8;;;14.0;28.2;29.5;30.6;;;;;;;;
16;В;Tomáš Held;€8,750 в год;€0 - €8тыс.;;Нерешительный;;;1;;;35.9;42.9;44.7;45.4;;;;;;;;
16;НП (Ц);Rob Jones;€8,750 в год;€0 - €8тыс.;;Сдержанный;;;8;;;19.2;33.2;34.4;35.5;;;;;;;;
16;З/КЗ (Л);Graham Moody;€8,750 в год;€0 - €8тыс.;;Достаточно профессионален;;;6;;;18.0;26.8;27.4;28.5;;;;;;;;
17;З (ПЦ);Nathan Midgley;€8,750 в год;€0 - €8тыс.;;Неамбициозный;;;7;;;17.0;28.9;29.9;31.0;;;;;;;;
18;З (ЛЦ);Stefan Victory;€8,750 в год;€0 - €8тыс.;;Сдержанный;;;9;;;18.5;30.9;32.0;33.1;;;;;;;;
16;З (Л);Liam Gray;€8,750 в год;€0 - €8тыс.;;Темпераментный;;;5;;;18.9;29.5;30.3;31.0;;;;;;;;
18;В;Robbie Gawne;€8,750 в год;€0 - €8тыс.;;Достаточно профессионален;;;1;;;36.1;40.4;41.4;41.8;;;;;;;;
17;АП (Ц), НП (Ц);Steve Richardson;€8,750 в год;€0 - €8тыс.;;Сдержанный;;;14;;;14.5;26.4;27.2;28.3;;;;;;;;
17;ОП, П (Ц);Krystian Suchański;€8,750 в год;€0 - €8тыс.;;Достаточно настойчивый;;;10;;;19.9;29.7;30.2;31.4;;;;;;;;
17;АП (ПЛ), НП (Ц);Bill Rogerson;€8,750 в год;€0 - €8тыс.;;Неамбициозный;;;6;;;14.8;22.3;22.8;23.6;;;;;;;;
16;З (ПЛЦ);Matt Scattergood;€8,750 в год;€0 - €8тыс.;;Достаточно дисциплинированный;;;8;;;19.4;30.8;31.8;32.2;;;;;;;;
21;В;Alex Ellam;€7,250 в год;€0 - €8тыс.;;Сдержанный;;;2;;;40.7;47.6;48.8;52.6;;;;;;;;
16;В;Riley Lench;€8,750 в год;€0 - €8тыс.;;Непостоянный;;;2;;;34.7;43.2;44.9;45.3;;;;;;;;
17;З (Ц);João Marmeleira;€8,750 в год;€0 - €8тыс.;;Достаточно лояльный;;;7;;;18.5;28.7;29.5;31.0;;;;;;;;
17;З (Ц), ОП;Tristan Jeffries;€8,750 в год;€0 - €8тыс.;;Темпераментный;;;7;;;14.6;23.4;24.2;25.0;;;;;;;;
15;З (Ц);Paul Dryden;€8,750 в год;€0 - €8тыс.;;Профессионал;;;6;;;16.5;25.5;26.0;27.2;;;;;;;;
17;П/АП (Ц), НП (Ц);Adam Metcalf;€8,750 в год;€0 - €8тыс.;;Низкая самооценка;;;8;;;19.1;34.4;35.3;35.6;;;;;;;;
19;З (ПЦ);Sam Whittingham;€10,000 в год;€0 - €8тыс.;;Достаточно профессионален;;;4;;;17.6;24.8;25.5;27.0;;;;;;;;
16;З (Ц);Oshane Carey;€8,750 в год;€0 - €8тыс.;;Ленивый;;;6;;;15.8;25.9;26.9;27.3;;;;;;;;
16;З (Л);John Gamble;€8,750 в год;€0 - €8тыс.;;Достаточно лояльный;;;4;;;16.0;25.1;25.9;26.2;;;;;;;;
19;П (Ц);Brian Daly;€6,500 в год;€0 - €8тыс.;;Легкомысленный;;;9;;;14.7;22.1;22.6;23.4;;;;;;;;
20;АП (ПЛ), НП (Ц);John Zefi;€10,750 в год;€0 - €8тыс.;;Тверд в решениях;;;7;;;15.6;27.0;27.8;28.2;;;;;;;;
16;П/АП (Ц);Farai Chiunye;€8,750 в год;€0 - €8тыс.;;Сдержанный;;;15;;;14.8;25.1;25.7;26.0;;;;;;;;
17;В;Lucas Grubb;€8,750 в год;€0 - €8тыс.;;Ненадежный;;;1;;;36.6;42.3;43.9;46.2;;;;;;;;
20;ОП, П (Ц);Ibrahim Kamara;€14,250 в год;€0 - €8тыс.;;Сдержанный;;;7;;;16.8;27.0;27.9;29.0;;;;;;;;
17;З (Ц);Josh Rubie;€8,750 в год;€0 - €8тыс.;;Сдержанный;;;7;;;15.7;24.5;25.0;25.8;;;;;;;;
21;В;Kevin Koljonen;€18,000 в год;€0 - €8тыс.;;Неамбициозный;;;3;;;39.8;44.7;45.8;46.2;;;;;;;;
17;В;Noel Coughlan;€8,750 в год;€0 - €8тыс.;;Сдержанный;;;7;;;33.8;36.4;37.2;38.0;;;;;;;;
17;В;Connor Lawrence-Pheasant;€8,750 в год;€0 - €8тыс.;;Неамбициозный;;;1;;;36.4;45.1;47.6;48.4;;;;;;;;
15;В;Sam Cumming;€8,750 в год;€0 - €8тыс.;;Сдержанный;;;9;;;42.4;52.7;55.1;55.5;;;;;;;;
17;З (ЛЦ);Jeffrey Bewick;€8,750 в год;€0 - €8тыс.;;Сдержанный;;;6;;;19.2;29.0;29.8;30.5;;;;;;;;
17;НП (Ц);Brandon Offiah;€8,750 в год;€0 - €8тыс.;;Нерешительный;;;9;;;11.6;20.5;21.0;22.1;;;;;;;;
17;З (Ц), ОП, П (Ц);Jamie Holmes;€8,750 в год;€0 - €8тыс.;;Бесхарактерный;;;11;;;16.2;26.0;26.8;28.0;;;;;;;;
17;В;David Fogarty;€8,750 в год;€0 - €8тыс.;;Нерешительный;;;3;;;39.4;44.9;46.2;46.6;;;;;;;;
16;В;Ian McGrath;€8,750 в год;€0 - €8тыс.;;Неамбициозный;;;3;;;39.2;45.8;46.9;47.6;;;;;;;;
17;В;Duncan Simmonds;€8,750 в год;€0 - €8тыс.;;Неамбициозный;;;3;;;33.6;44.0;46.2;47.0;;;;;;;;
20;П (ЛЦ), АП (Л);Jeremy Constable;€11,750 в год;€0 - €8тыс.;;Неамбициозный;;;6;;;13.1;22.0;22.5;24.0;;;;;;;;
16;П (ЛЦ);Sotirios Gouveris;€8,750 в год;€0 - €8тыс.;;Неамбициозный;;;10;;;14.5;23.0;23.7;24.8;;;;;;;;
17;В;Chris Mullins;€8,750 в год;€0 - €8тыс.;;Сдержанный;;;1;;;39.3;49.6;51.9;52.2;;;;;;;;
16;З (П);Max Davies;€8,750 в год;€0 - €8тыс.;;Неамбициозный;;;7;;;17.6;28.4;29.1;29.8;;;;;;;;
19;П/АП (Ц);Stephen Kearney;€6,250 в год;€0 - €8тыс.;;Сдержанный;;;7;;;15.7;27.3;28.2;29.3;;;;;;;;
16;В;Joe Wallace;€8,750 в год;€0 - €8тыс.;;Нерешительный;;;3;;;38.4;44.7;46.1;46.5;;;;;;;;
20;З/КЗ/П/АП (Л);Mark Gourlay;€15,750 в год;€0 - €8тыс.;;Низкая самооценка;;;11;;;13.2;22.8;23.5;24.6;;;;;;;;
21;З (Ц), ОП, П/АП (Ц);Shaun Backhouse;€15,250 в год;€0 - €8тыс.;;Достаточно амбициозный;;;11;;;13.8;24.7;25.7;26.1;;;;;;;;
16;П (Ц), НП (Ц);Stuart Preece;€8,750 в год;€0 - €8тыс.;;Сдержанный;;;11;;;12.4;22.3;23.2;23.5;;;;;;;;
16;НП (Ц);John Craig;€8,750 в год;€0 - €8тыс.;;Реалист;;;12;;;13.2;23.8;24.4;24.7;;;;;;;;
19;П/АП (ПЦ), НП (Ц);Isaac Mensah;€13,250 в год;€0 - €8тыс.;;Темпераментный;;;8;;;15.1;25.0;25.6;26.8;;;;;;;;
17;В;Clive Stokes;€8,750 в год;€0 - €8тыс.;;Легкомысленный;;;1;;;37.4;44.0;45.4;46.8;;;;;;;;
16;П (П);Jared Smikle;€8,750 в год;€0 - €8тыс.;;Нерешительный;;;11;;;15.5;25.2;25.8;26.9;;;;;;;;
18;В;Bobby McCarthy;€6,750 в год;€0 - €8тыс.;;Неамбициозный;;;2;;;44.2;51.5;53.4;54.1;;;;;;;;
16;АП (Л), НП (Ц);Simon Rogers;€8,750 в год;€0 - €8тыс.;;Неамбициозный;;;7;;;11.7;21.0;21.4;22.2;;;;;;;;
15;З (П);Micah Barton;€8,750 в год;€0 - €8тыс.;;Неамбициозный;;;11;;;15.9;24.2;24.8;25.6;;;;;;;;
16;В;Jez Stedman;€8,750 в год;€0 - €8тыс.;;Сдержанный;;;1;;;32.9;38.4;39.9;40.2;;;;;;;;
21;З (Л), ОП, П (Л);Omarion Thelwell;€14,750 в год;€0 - €8тыс.;;Сдержанный;;;5;;;15.2;25.0;25.5;25.9;;;;;;;;
17;П/АП (П);Jake Smith;€8,750 в год;€0 - €8тыс.;;Амбициозный;;;3;;;14.1;24.2;25.0;25.8;;;;;;;;
18;З (Ц), ОП, П (Ц);Kieran Ventura;€6,250 в год;€0 - €8тыс.;;Сдержанный;;;7;;;16.1;27.2;28.0;29.1;;;;;;;;
16;АП (Л), НП (Ц);Justin Brewster;€8,750 в год;€0 - €8тыс.;;Сдержанный;;;5;;;15.1;25.7;26.4;27.2;;;;;;;;
16;П/АП (П);Ian McGlynn;€8,750 в год;€0 - €8тыс.;;Неамбициозный;;;10;;;13.6;22.3;22.9;23.7;;;;;;;;
18;З (П), ОП, П (Ц);Phillip Whittaker;€7,250 в год;€0 - €9тыс.;;Достаточно профессионален;;;5;;;15.2;24.6;25.3;26.5;;;;;;;;
18;З (ПЦ);Dick Price;€8,750 в год;€0 - €9тыс.;;Тверд в решениях;;;10;;;18.3;27.3;28.2;29.3;;;;;;;;
17;КЗ (П), ОП, П (ЛЦ);Devante Feeney;€8,750 в год;€0 - €9тыс.;;Темпераментный;;;10;;;16.8;26.6;27.6;27.9;;;;;;;;
17;З/П (Ц);Riad Selimovic;€8,750 в год;€0 - €9тыс.;;Напористый;;;9;;;15.1;27.2;28.0;28.8;;;;;;;;
17;НП (Ц);Craig New;€8,750 в год;€0 - €9тыс.;;Сдержанный;;;7;;;14.4;22.9;24.0;24.8;;;;;;;;
17;АП (Л), НП (Ц);Andreas Ioakeim;€8,750 в год;€0 - €9тыс.;;Наемник;;;8;;;16.0;27.5;28.2;29.4;;;;;;;;
16;НП (Ц);Josh Adams;€8,750 в год;€0 - €9тыс.;;Достаточно профессионален;;;7;;;14.7;21.4;22.0;23.1;;;;;;;;
19;АП (Ц), НП (Ц);Edward Rees;€6,250 в год;€0 - €9тыс.;;Достаточно настойчивый;;;9;;;15.6;25.6;26.3;26.7;;;;;;;;
16;АП (Л), НП (Ц);Fraser Lee;€8,750 в год;€0 - €9тыс.;;Неамбициозный;;;6;;;13.1;21.4;22.1;22.8;;;;;;;;
17;В;Alek Redford;€8,750 в год;€0 - €9тыс.;;Сдержанный;;;2;;;38.8;48.9;50.6;51.3;;;;;;;;
16;НП (Ц);Tom Banks;€8,750 в год;€0 - €9тыс.;;Легкомысленный;;;9;;;13.6;25.8;26.8;27.9;;;;;;;;
16;П (ЛЦ), АП (Ц);Ryan Kevan;€8,750 в год;€0 - €9тыс.;;Нерешительный;;;11;;;18.5;27.1;27.8;28.9;;;;;;;;
19;В;Marvin Williams;€10,750 в год;€0 - €9тыс.;;Достаточно профессионален;;;6;;;43.0;49.9;50.9;51.6;;;;;;;;
16;ОП, П (Ц);Frank Aire;€8,750 в год;€0 - €9тыс.;;Неамбициозный;;;8;;;16.0;25.7;26.3;27.0;;;;;;;;
19;П/АП (Ц);Phil Robinson;€12,250 в год;€0 - €9тыс.;;Неамбициозный;;;13;;;15.6;27.6;28.6;28.9;;;;;;;;
17;В;David Abraham;€8,750 в год;€0 - €9тыс.;;Нерешительный;;;4;;;35.8;41.8;42.7;43.8;;;;;;;;
16;З (Ц), ОП, П (Ц);Kelvin Bourne;€8,750 в год;€0 - €9тыс.;;Наемник;;;8;;;17.2;26.9;27.7;28.9;;;;;;;;
21;З (ПЛЦ);Mike Wilks;€23,000 в год;€0 - €9тыс.;;Достаточно настойчивый;;;6;;;19.5;29.5;30.2;31.0;;;;;;;;
19;В;Tristan Lowe;€6,750 в год;€0 - €9тыс.;;Нерешительный;;;4;;;43.1;48.1;49.8;50.2;;;;;;;;
16;З (Ц);Ryan McIvor;€8,750 в год;€0 - €9тыс.;;Неамбициозный;;;5;;;18.1;27.6;28.2;28.6;;;;;;;;
18;П/АП (Л), НП (Ц);Samuel Slebodnik;€10,250 в год;€0 - €9тыс.;;Нерешительный;;;8;;;14.2;23.5;24.0;24.4;;;;;;;;
16;В;Robert Cooke;€8,750 в год;€0 - €9тыс.;;Неамбициозный;;;3;;;47.6;54.4;56.0;58.2;;;;;;;;
16;З (Л);Óla Jákup Fagrá;€8,750 в год;€0 - €9тыс.;;Неамбициозный;;;6;;;17.5;29.1;30.1;30.8;;;;;;;;
18;П (Ц), АП (ПЦ), НП (Ц);Denis Bogdan;€9,250 в год;€0 - €9тыс.;;Неамбициозный;;;13;;;15.8;28.0;29.0;30.1;;;;;;;;
16;В;Graeme Campbell;€8,750 в год;€0 - €9тыс.;;Сдержанный;;;2;;;29.2;35.0;36.4;36.8;;;;;;;;
19;З (ПЦ);Phil Mole;€4,900 в год;€0 - €9тыс.;;Достаточно лояльный;;;9;;;17.4;26.4;27.3;28.4;;;;;;;;
17;П/АП (Ц);Michael Dillon;€8,750 в год;€0 - €9тыс.;;Неамбициозный;;;12;;;17.2;31.1;31.9;32.7;;;;;;;;
21;П (Л), НП (Ц);Mark Marshall;€16,750 в год;€0 - €9тыс.;;Неамбициозный;;;14;;;15.7;27.1;28.2;28.9;;;;;;;;
20;АП (П), НП (Ц);Ciaran Rafferty;€27,000 в год;€0 - €9тыс.;;Неамбициозный;;;9;;;15.6;29.4;30.2;31.3;;;;;;;;
17;АП (ПЦ), НП (Ц);Andrew Stammler;€8,750 в год;€0 - €9тыс.;;Ненадежный;;;9;;;15.7;28.4;29.4;30.5;;;;;;;;
19;З (ПЛЦ), П (П);Dave Turton;€6,750 в год;€0 - €9тыс.;;Сдержанный;;;6;;;17.2;27.2;28.2;28.6;;;;;;;;
18;П (ПЦ), АП (П), НП (Ц);Mohammad Badir;€8,750 в год;€0 - €9тыс.;;Сдержанный;;;9;;;14.1;24.0;24.5;25.2;;;;;;;;
19;НП (Ц);Kevin Williams;€8,750 в год;€0 - €9тыс.;;Неамбициозный;;;8;;;15.4;26.2;27.0;27.7;;;;;;;;
18;КЗ/П/АП (Л);Faramarz Mohammadzadeh;€8,750 в год;€0 - €9тыс.;;Нерешительный;;;8;;;16.6;26.7;27.4;28.5;;;;;;;;
17;З (ПЦ);Declan Tonks;€8,750 в год;€0 - €9тыс.;;Нерешительный;;;3;;;16.2;23.9;24.3;24.7;;;;;;;;
16;З (П);Adrian Kinsella;€8,750 в год;€0 - €9тыс.;;Реалист;;;7;;;17.0;26.5;27.3;28.4;;;;;;;;
17;З (Ц);Chris Morrison;€8,750 в год;€0 - €9тыс.;;Нерешительный;;;3;;;13.7;20.8;21.4;21.8;;;;;;;;
17;З (Ц), ОП, П (Ц);Jamie Bartlett;€8,750 в год;€0 - €9тыс.;;Напористый;;;11;;;17.0;31.4;32.2;32.6;;;;;;;;
16;В;Ken Reid;€8,750 в год;€0 - €9тыс.;;Жизнерадостный;;;3;;;43.2;50.5;52.6;53.7;;;;;;;;
17;НП (Ц);Cameron Vaughan;€8,750 в год;€0 - €9тыс.;;Достаточно амбициозный;;;9;;;15.3;25.4;26.2;27.0;;;;;;;;
16;ОП, П/АП (Ц);Stephen Murray;€8,750 в год;€0 - €9тыс.;;Низкая самооценка;;;10;;;18.8;28.8;29.7;30.1;;;;;;;;
16;З (ПЛ);Lewis Annear;€8,750 в год;€0 - €9тыс.;;Достаточно настойчивый;;;6;;;16.6;26.3;27.0;27.8;;;;;;;;
18;З (ПЛЦ);Kevin Hammond;€8,500 в год;€0 - €9тыс.;;Профессионал;;;5;;;17.4;27.2;28.0;28.4;;;;;;;;
17;П/АП (Ц);Faruk Çelik;€8,750 в год;€0 - €9тыс.;;Неамбициозный;;;9;;;16.5;27.6;28.5;29.6;;;;;;;;
17;П (ЛЦ), АП (Ц);Abdellah Kassimi;€8,750 в год;€0 - €9тыс.;;Непостоянный;;;12;;;14.6;26.5;27.4;28.1;;;;;;;;
17;НП (Ц);Dennis Schmitt;€8,750 в год;€0 - €10тыс.;;Неамбициозный;;;8;;;17.8;29.4;30.0;30.3;;;;;;;;
19;В;Tyson Srhoj;€6,500 в год;€0 - €10тыс.;;Неамбициозный;;;1;;;36.9;40.4;41.3;45.0;;;;;;;;
19;П (ПЦ), АП (Ц), НП (Ц);Lewis Anderson;€6,750 в год;€0 - €10тыс.;;Лояльный;;;12;;;13.0;25.8;26.8;27.5;;;;;;;;
16;П/АП (Ц);Benjamin Mugabi;€8,750 в год;€0 - €10тыс.;;Сдержанный;;;12;;;17.8;28.4;29.2;30.4;;;;;;;;
21;П/АП (Ц), НП (Ц);Josh Taylor;€15,250 в год;€0 - €10тыс.;;Достаточно профессионален;;;10;;;15.9;31.0;32.0;33.2;;;;;;;;
17;НП (Ц);Ralph Radcliffe;€8,750 в год;€0 - €10тыс.;;Неамбициозный;;;9;;;18.8;29.4;30.2;31.0;;;;;;;;
19;П (Ц), АП (П), НП (Ц);David Marchant;€6,250 в год;€0 - €10тыс.;;Достаточно профессионален;;;9;;;16.0;27.0;27.6;28.0;;;;;;;;
18;П (Ц), АП (Л), НП (Ц);Warren Paul;€11,500 в год;€0 - €10тыс.;;Нерешительный;;;9;;;11.0;23.5;24.4;25.5;;;;;;;;
17;З (ПЦ), П (Ц);Kornell Alves;€8,750 в год;€0 - €10тыс.;;Низкая самооценка;;;10;;;15.0;24.2;24.9;26.0;;;;;;;;
18;П/АП (П), НП (Ц);Ollie Johnson;€7,750 в год;€0 - €10тыс.;;Неамбициозный;;;7;;;13.3;27.4;28.5;28.8;;;;;;;;
16;З (ПЦ);Robert Miller;€8,750 в год;€0 - €10тыс.;;Профессионал;;;3;;;20.1;26.9;27.7;28.8;;;;;;;;
16;АП (Л);Dave Rhys;€8,750 в год;€0 - €10тыс.;;Нерешительный;;;12;;;14.3;24.8;25.6;26.7;;;;;;;;
17;В;Lyndon Miller;€8,750 в год;€0 - €10тыс.;;Неамбициозный;;;1;;;40.6;48.1;49.9;53.3;;;;;;;;
20;З (ПЦ);Ross Corbett;€4,000 в год;€0 - €10тыс.;;Достаточно настойчивый;;;8;;;19.2;29.7;30.6;31.3;;;;;;;;
21;П (Ц), АП (ПЦ), НП (Ц);Gareth Sanderson;€21,000 в год;€0 - €10тыс.;;Достаточно настойчивый;;;9;;;13.8;26.0;27.2;27.9;;;;;;;;
17;В;Iain Mellor;€8,750 в год;€0 - €10тыс.;;Достаточно лояльный;;;6;;;34.6;43.1;45.1;45.8;;;;;;;;
16;З (ПЦ);Adam Mellon;€8,750 в год;€0 - €10тыс.;;Сдержанный;;;8;;;18.4;28.5;29.6;30.4;;;;;;;;
17;В;Stephen Akinyemi;€8,750 в год;€0 - €10тыс.;;Неамбициозный;;;1;;;41.7;51.5;54.0;54.4;;;;;;;;
15;В;Gareth Roberts;€8,750 в год;€0 - €10тыс.;;Реалист;;;2;;;37.4;47.0;48.8;51.4;;;;;;;;
21;З (ПЦ), КЗ (П);Marco Doughty;€19,000 в год;€0 - €10тыс.;;Сдержанный;;;5;;;20.0;28.2;28.6;29.0;;;;;;;;
19;З (ПЦ);Greg Meechan;€5,000 в год;€0 - €10тыс.;;Неамбициозный;;;6;;;18.7;27.8;28.5;29.6;;;;;;;;
16;НП (Ц);Wayne Craig;€8,750 в год;€0 - €10тыс.;;Неамбициозный;;;7;;;14.6;24.8;25.3;26.1;;;;;;;;
15;П (ПЦ), АП (Ц);Alfie Moon;€8,750 в год;€0 - €10тыс.;;Темпераментный;;;11;;;16.6;26.0;26.6;27.0;;;;;;;;
16;З (Ц);Ryley Tyler;€8,750 в год;€0 - €10тыс.;;Достаточно профессионален;;;7;;;17.4;30.0;30.8;31.6;;;;;;;;
19;ОП, П (ПЦ), АП (П);Josh Carter;€11,000 в год;€0 - €10тыс.;;Достаточно дисциплинированный;;;9;;;13.1;23.3;24.0;24.7;;;;;;;;
18;П (ЛЦ), АП (П);Tahjay McKay;€7,000 в год;€0 - €10тыс.;;Наемник;;;9;;;13.9;25.0;25.7;26.8;;;;;;;;
17;З/КЗ (Л);Dan Minton;€8,750 в год;€0 - €10тыс.;;Неамбициозный;;;9;;;15.7;24.9;25.6;26.7;;;;;;;;
15;З (Ц), ОП, П (Ц);Graeme Cresdee;€8,750 в год;€0 - €10тыс.;;Тверд в решениях;;;5;;;18.0;28.0;28.8;29.9;;;;;;;;
16;З (ПЦ);Cameron Slater;€8,750 в год;€0 - €10тыс.;;Нерешительный;;;6;;;17.9;27.5;28.4;28.8;;;;;;;;
20;З (Ц), ОП, П (Ц);Dean Hart;€24,000 в год;€0 - €10тыс.;;Тверд в решениях;;;7;;;19.4;31.0;31.8;32.2;;;;;;;;
17;З (Ц);Danny Powell;€8,750 в год;€0 - €10тыс.;;Неамбициозный;;;6;;;17.5;27.8;28.7;29.8;;;;;;;;
16;КЗ (Л);Terry Sykes;€8,750 в год;€0 - €12тыс.;;Сдержанный;;;6;;;16.2;25.4;25.9;26.3;;;;;;;;
19;АП (Ц), НП (Ц);Sean Westwood;€14,500 в год;€0 - €12тыс.;;Сдержанный;;;13;;;17.3;27.9;28.7;29.5;;;;;;;;
16;В;Solomon Woodman;€8,750 в год;€0 - €12тыс.;;Неамбициозный;;;1;;;35.2;42.8;44.4;47.0;;;;;;;;
18;НП (Ц);Damien Whelan;€8,750 в год;€0 - €12тыс.;;Неамбициозный;;;13;;;15.0;26.3;26.8;28.3;;;;;;;;
17;В;Kieron Sargent;€8,750 в год;€0 - €12тыс.;;Неамбициозный;;;4;;;45.9;56.8;59.0;60.9;;;;;;;;
20;АП (П), НП (Ц);Andy Bone-Jenkins;€10,250 в год;€0 - €12тыс.;;Неамбициозный;;;7;;;12.8;24.8;25.6;26.4;;;;;;;;
17;П (П), АП (ПЦ);Tommy Phillips;€8,750 в год;€0 - €12тыс.;;Ненадежный;;;5;;;17.6;31.0;32.1;33.2;;;;;;;;
21;З (Ц);Graham Rogerson;€13,500 в год;€0 - €12тыс.;;Сдержанный;;;5;;;17.1;27.8;28.8;29.6;;;;;;;;
17;З (П);Paul Stewart;€8,750 в год;€0 - €12тыс.;;Сдержанный;;;6;;;20.9;31.8;32.6;33.4;;;;;;;;
19;В;Kevin Hamilton;€7,000 в год;€0 - €12тыс.;;Легкомысленный;;;1;;;43.4;50.8;53.0;56.3;;;;;;;;
18;П (Ц), АП (ПЦ);Angelo Brownhill;€8,750 в год;€0 - €12тыс.;;Неамбициозный;;;8;;;14.0;27.4;28.2;28.5;;;;;;;;
20;АП (ЛЦ), НП (Ц);Jules Boum;€1,200 в год;€0 - €12тыс.;;Сдержанный;;;9;;;19.1;32.5;33.7;34.8;;;;;;;;
20;ОП, П (ЛЦ);Phil Goss;€13,750 в год;€0 - €12тыс.;;Ненадежный;;;4;;;17.8;26.0;26.4;27.2;;;;;;;;
18;З (Ц), ОП, П (Ц);Patrick Daniels;€22,500 в год;€0 - €12тыс.;;Неамбициозный;;;10;;;18.2;27.1;27.7;28.4;;;;;;;;
17;В;Scott Matthews;€8,750 в год;€0 - €12тыс.;;Общительный;;;1;;;41.0;49.8;51.7;52.5;;;;;;;;
17;КЗ/АП (Л);Komlan Tchadjobo;€8,750 в год;€0 - €12тыс.;;Сдержанный;;;10;;;19.2;28.6;29.3;30.1;;;;;;;;
16;З (ЛЦ);James Wood;€8,750 в год;€0 - €12тыс.;;Непостоянный;;;4;;;17.8;27.8;28.6;29.7;;;;;;;;
17;В;Juan Carlos;€8,750 в год;€0 - €12тыс.;;Достаточно профессионален;;;1;;;39.8;48.2;50.1;50.5;;;;;;;;
19;П (Ц);Emanuel Mohammed;€13,250 в год;€0 - €12тыс.;;Достаточно профессионален;;;9;;;16.0;29.1;29.8;30.2;;;;;;;;
18;П (ПЦ);Gareth Bowers;€8,750 в год;€0 - €12тыс.;;Профессионал;;;12;;;17.8;31.2;31.9;33.0;;;;;;;;
17;НП (Ц);Richard Barlow;€8,750 в год;€0 - €12тыс.;;Ненадежный;;;11;;;19.2;30.7;31.7;32.4;;;;;;;;
21;З (ПЦ), П (Ц);Owen Simpson;€16,000 в год;€0 - €12тыс.;;Сдержанный;;;7;;;18.0;29.1;29.7;30.1;;;;;;;;
17;З (Ц);Derek Albright;€8,750 в год;€0 - €12тыс.;;Сдержанный;;;8;;;18.0;29.8;31.0;32.2;;;;;;;;
16;ОП, П (ПЦ);Mark Goodwin;€8,750 в год;€0 - €12тыс.;;Неамбициозный;;;9;;;17.5;28.0;28.9;29.3;;;;;;;;
17;АП (Ц), НП (Ц);Ronnie Sinclair;€9,250 в год;€0 - €12тыс.;;Нерешительный;;;11;;;13.3;25.0;25.7;26.5;;;;;;;;
15;ОП, П (ЛЦ);Iain Woodmansey;€8,750 в год;€0 - €12тыс.;;Темпераментный;;;11;;;16.5;27.6;28.5;29.3;;;;;;;;
18;ОП, П (Ц);Jack Forster;€9,250 в год;€0 - €12тыс.;;Сдержанный;;;12;;;19.2;30.5;31.5;32.6;;;;;;;;
21;З (ПЛ), КЗ (П);Silvan Barenco;€51,500 в год;€0 - €12тыс.;;Достаточно настойчивый;;;9;;;18.8;31.9;32.8;33.6;;;;;;;;
19;П/АП (Ц);Eli Rowney;€24,000 в год;€0 - €12тыс.;;Достаточно настойчивый;;;10;;;19.6;35.1;36.4;37.2;;;;;;;;
20;АП (П), НП (Ц);Spencer Abrahams;€6,750 в год;€0 - €12тыс.;;Неамбициозный;;;7;;;13.1;22.6;23.6;24.8;;;;;;;;
17;П/АП (Л);Allan Jacobsen;€8,750 в год;€0 - €12тыс.;;Достаточно лояльный;;;7;;;12.4;23.7;24.4;25.5;;;;;;;;
19;З (ЛЦ);Wes Ebbrell;€11,500 в год;€0 - €12тыс.;;Достаточно профессионален;;;6;;;17.4;25.9;26.6;27.7;;;;;;;;
16;З (Ц);Carlos Osborne;€8,750 в год;€0 - €12тыс.;;Достаточно настойчивый;;;4;;;14.1;22.5;23.3;23.7;;;;;;;;
21;АП (ЛЦ), НП (Ц);Brennan Ebanks;€18,000 в год;€0 - €12тыс.;;Сдержанный;;;7;;;14.4;26.5;27.6;28.7;;;;;;;;
21;П (ПЦ), АП (П);Ali Rieger;€19,750 в год;€0 - €12тыс.;;Неамбициозный;;;12;;;15.4;26.8;27.6;28.4;;;;;;;;
17;П (Ц), АП (Л), НП (Ц);Richard Masunda;€8,750 в год;€0 - €12тыс.;;Нерешительный;;;9;;;13.6;21.5;22.3;23.8;;;;;;;;
16;З (ЛЦ);Domenico Lupoli;€8,750 в год;€0 - €12тыс.;;Неамбициозный;;;8;;;18.4;27.9;28.8;29.5;;;;;;;;
21;П/АП (Ц);Jamie Poole;€18,250 в год;€0 - €12тыс.;;Неамбициозный;;;9;;;18.2;35.6;37.0;38.1;;;;;;;;
21;В;Romal Haseldin;€24,500 в год;€0 - €12тыс.;;Сдержанный;;;6;;;42.3;46.6;47.7;48.0;;;;;;;;
20;П/АП (ЛЦ);Fred Shotton;€12,750 в год;€0 - €12тыс.;;Достаточно настойчивый;;;10;;;18.0;32.2;33.3;33.6;;;;;;;;
15;АП (Ц), НП (Ц);Oliver Coxall;€8,750 в год;€0 - €12тыс.;;Достаточно профессионален;;;11;;;16.9;26.4;27.2;27.6;;;;;;;;
19;З (ПЦ);Curtis Escott;€11,250 в год;€0 - €14тыс.;;Наемник;;;5;;;19.3;28.6;29.5;30.2;;;;;;;;
21;НП (Ц);Lea McDonald;€10,250 в год;€0 - €14тыс.;;Нерешительный;;;9;;;16.2;28.9;30.1;30.5;;;;;;;;
20;КЗ (П), П (ПЦ), АП (Ц);Ruben Granville;€13,500 в год;€0 - €14тыс.;;Неамбициозный;;;7;;;18.5;28.8;29.6;30.7;;;;;;;;
16;П/АП (Ц);Danjuma Adebayo;€8,750 в год;€0 - €14тыс.;;Неамбициозный;;;11;;;15.0;29.2;30.3;31.4;;;;;;;;
21;З (ЛЦ);Tommy Armstrong;€16,000 в год;€0 - €14тыс.;;Легкомысленный;;;6;;;22.5;31.7;32.4;33.2;;;;;;;;
21;П/АП (Ц);Matty Clarke;€17,250 в год;€0 - €14тыс.;;Неамбициозный;;;10;;;17.6;31.3;32.2;33.0;;;;;;;;
17;П/АП (П), НП (Ц);Diarmuid Nolan;€8,750 в год;€0 - €14тыс.;;Сдержанный;;;11;;;15.3;25.3;25.7;26.1;;;;;;;;
16;З (Ц);Kevin Jamieson;€8,750 в год;€0 - €14тыс.;;Неамбициозный;;;7;;;15.5;25.6;26.5;26.9;;;;;;;;
20;З (ПЛ);Trevor Bentley;€18,750 в год;€0 - €14тыс.;;Напористый;;;6;;;21.2;32.4;33.0;34.1;;;;;;;;
17;В;Robert Gee-Dunlevy;€8,750 в год;€0 - €14тыс.;;Нерешительный;;;1;;;38.3;43.0;44.1;45.2;;;;;;;;
17;З (ЛЦ);Jak Casey;€8,750 в год;€0 - €14тыс.;;Неамбициозный;;;6;;;18.7;27.8;28.6;29.7;;;;;;;;
20;З (ПЦ), КЗ (П);Jacob Brown;€11,000 в год;€0 - €14тыс.;;Сдержанный;;;4;;;17.7;25.9;26.4;26.8;;;;;;;;
20;П/АП (Ц);Hasan Kahya;€11,750 в год;€0 - €14тыс.;;Сдержанный;;;14;;;17.2;29.6;30.2;31.3;;;;;;;;
19;З (Ц);Steve Ingram;€12,750 в год;€0 - €14тыс.;;Неамбициозный;;;7;;;18.0;28.0;28.8;29.5;;;;;;;;
18;В;Ross Rose;€6,250 в год;€0 - €14тыс.;;Достаточно амбициозный;;;2;;;35.9;42.7;44.3;45.8;;;;;;;;
17;АП (Ц), НП (Ц);Marcus Warren;€8,750 в год;€0 - €14тыс.;;Энергичный;;;12;;;11.3;21.6;22.5;23.6;;;;;;;;
17;З (Л), ОП;Glyn Wells;€8,750 в год;€0 - €14тыс.;;Сдержанный;;;7;;;20.0;29.2;29.8;31.0;;;;;;;;
17;З (ПЛЦ), ОП;Chris Service;€8,750 в год;€0 - €14тыс.;;Неамбициозный;;;4;;;18.3;29.2;29.8;30.2;;;;;;;;
17;З (Ц);Darrhyl Thorne;€8,750 в год;€0 - €14тыс.;;Ненадежный;;;5;;;16.2;24.6;25.1;25.5;;;;;;;;
16;АП (Ц), НП (Ц);Rod Richards;€8,750 в год;€0 - €14тыс.;;Неамбициозный;;;6;;;15.8;28.0;29.1;29.8;;;;;;;;
21;ОП, П (Ц);Mike Fromm;€15,250 в год;€0 - €14тыс.;;Сдержанный;;;16;;;14.9;29.8;30.7;31.5;;;;;;;;
20;АП (Л), НП (Ц);Ethan Johnson;€12,250 в год;€0 - €14тыс.;;Сдержанный;;;9;;;15.6;27.7;28.8;30.0;;;;;;;;
19;З (ПЛЦ);Jason Crowe;€7,250 в год;€0 - €14тыс.;;Непостоянный;;;9;;;17.4;26.6;27.1;27.5;;;;;;;;
18;В;Rafail Ioannou;€8,750 в год;€0 - €14тыс.;;Легкомысленный;;;1;;;39.0;45.4;47.1;49.8;;;;;;;;
18;З/КЗ/П (П);Shaun Francis;€9,750 в год;€0 - €14тыс.;;Низкая самооценка;;;9;;;19.8;29.6;30.3;31.0;;;;;;;;
21;П (Ц), НП (Ц);Oliver Tomlinson;€19,000 в год;€0 - €14тыс.;;Неамбициозный;;;7;;;14.7;24.2;25.0;26.2;;;;;;;;
21;В;Damien Peter;€22,500 в год;€0 - €14тыс.;;Нерешительный;;;6;;;41.2;48.0;49.9;51.4;;;;;;;;
21;П/АП (Ц), НП (Ц);Louie Bauress;€11,000 в год;€0 - €14тыс.;;Нерешительный;;;5;;;16.9;25.3;26.0;26.7;;;;;;;;
18;П (ЛЦ), АП (Л);Quentin Pitt;€14,750 в год;€0 - €14тыс.;;Сдержанный;;;5;;;13.7;24.6;25.3;26.0;;;;;;;;
17;П (Ц), АП (ЛЦ);Darren Parker;€8,750 в год;€0 - €14тыс.;;Достаточно настойчивый;;;12;;;16.7;27.4;28.1;28.4;;;;;;;;
20;ОП, П (Ц), АП (П);Marc George;€9,250 в год;€0 - €14тыс.;;Неамбициозный;;;5;;;18.3;28.4;29.2;30.0;;;;;;;;
19;З/П (Ц);Matt Wainwright;€6,250 в год;€0 - €14тыс.;;Достаточно лояльный;;;4;;;16.5;24.0;24.8;25.2;;;;;;;;
20;ОП, П/АП (ПЦ);Kingsley Chimezie;€17,500 в год;€0 - €14тыс.;;Неамбициозный;;;7;;;17.4;26.4;27.1;27.5;;;;;;;;
17;З (Ц);Iain Turner;€13,750 в год;€0 - €16тыс.;;Неамбициозный;;;7;;;18.8;30.0;31.2;31.6;;;;;;;;
16;В;Ben Digie;€8,750 в год;€0 - €16тыс.;;Реалист;;;2;;;39.4;49.8;52.3;53.4;;;;;;;;
16;З (Ц);Yanis Lahrache;€8,750 в год;€0 - €16тыс.;;Энергичный;;;8;;;14.9;26.9;27.9;29.0;;;;;;;;
20;П (Ц), НП (Ц);Mathew Coburn;€15,250 в год;€0 - €16тыс.;;Непостоянный;;;11;;;14.8;25.3;26.2;27.7;;;;;;;;
16;АП (Л), НП (Ц);Joe Mullender;€8,750 в год;€0 - €16тыс.;;Темпераментный;;;9;;;13.8;25.9;26.6;27.4;;;;;;;;
17;ОП, П (Ц);Rhys Daley;€8,750 в год;€0 - €16тыс.;;Сдержанный;;;11;;;16.6;32.4;33.4;34.1;;;;;;;;
18;АП (П), НП (Ц);Harry Eardley;€6,750 в год;€0 - €16тыс.;;Сдержанный;;;6;;;12.9;22.2;22.9;23.3;;;;;;;;
17;З (ПЦ);Philip Alhassan;€8,750 в год;€0 - €16тыс.;;Неамбициозный;;;7;;;17.6;30.0;30.8;31.9;;;;;;;;
21;З (Ц), КЗ (Л), ОП, П (Ц);Aswald Rennie;€19,250 в год;€0 - €16тыс.;;Нерешительный;;;10;;;20.9;34.8;35.5;36.2;;;;;;;;
21;З (Ц), ОП, П (Ц);Liam Shields;€6,750 в год;€0 - €16тыс.;;Темпераментный;;;13;;;21.6;33.3;34.1;35.2;;;;;;;;
16;ОП, П (Ц);Loïc Racon;€8,750 в год;€0 - €16тыс.;;Сдержанный;;;7;;;17.7;27.6;28.5;28.9;;;;;;;;
21;П/АП (Л);Max Malone;€26,000 в год;€0 - €16тыс.;;Ненадежный;;;8;;;17.2;26.5;27.2;27.5;;;;;;;;
16;НП (Ц);Lee Hinds;€8,750 в год;€0 - €16тыс.;;Достаточно настойчивый;;;5;;;15.8;26.7;27.6;28.4;;;;;;;;
17;П/АП (П);Nicky Shenton;€8,750 в год;€0 - €16тыс.;;Непостоянный;;;12;;;12.3;20.4;21.0;22.2;;;;;;;;
16;АП (П);Noel Morris;€8,750 в год;€0 - €16тыс.;;Темпераментный;;;8;;;17.8;29.4;30.1;30.9;;;;;;;;
17;НП (Ц);Hayden Sancho;€8,750 в год;€0 - €16тыс.;;Сдержанный;;;7;;;17.6;30.3;31.2;32.3;;;;;;;;
19;В;Mazhi Waumsley;€11,000 в год;€0 - €16тыс.;;Достаточно профессионален;;;5;;;41.0;50.3;51.8;52.2;;;;;;;;
16;З (П);Kelvin Lincoln;€8,750 в год;€0 - €16тыс.;;Профессионал;;;5;;;18.2;30.4;31.1;31.5;;;;;;;;
16;КЗ (П);Louis Hill;€8,750 в год;€0 - €16тыс.;;Неамбициозный;;;8;;;17.5;27.0;27.6;28.4;;;;;;;;
16;НП (Ц);Kemar Holligan;€8,750 в год;€0 - €16тыс.;;Ненадежный;;;9;;;16.6;29.2;30.2;31.0;;;;;;;;
19;АП (Ц), НП (Ц);Tommy White;€9,750 в год;€0 - €16тыс.;;Сдержанный;;;15;;;19.0;32.8;33.8;34.9;;;;;;;;
17;З (ЛЦ);Joshua Dalton;€8,750 в год;€0 - €16тыс.;;Достаточно лояльный;;;5;;;16.4;25.8;26.5;27.2;;;;;;;;
16;В;Darryl Broad;€8,750 в год;€0 - €16тыс.;;Нерешительный;;;7;;;41.4;48.8;50.6;54.0;;;;;;;;
20;П/АП (Ц);Tom Allingham;€18,750 в год;€0 - €16тыс.;;Достаточно профессионален;;;13;;;15.3;28.2;29.1;30.2;;;;;;;;
16;З (П);Adam McGuffie;€8,750 в год;€0 - €16тыс.;;Неамбициозный;;;6;;;18.2;27.8;28.7;29.4;;;;;;;;
20;З/КЗ/П/АП (Л), НП (Ц);Frazer Fellows;€15,500 в год;€0 - €16тыс.;;Нерешительный;;;3;;;15.1;24.2;24.7;25.9;;;;;;;;
19;В;Nicholas O'Brien;€12,500 в год;€0 - €16тыс.;;Легкомысленный;;;3;;;38.7;46.6;48.4;49.2;;;;;;;;
17;ОП, П (Ц);Callum Connolly;€8,750 в год;€0 - €16тыс.;;Сдержанный;;;8;;;16.0;26.9;27.7;28.8;;;;;;;;
20;З (Л);Oshane Marks;€16,000 в год;€0 - €16тыс.;;Жизнерадостный;;;4;;;17.5;27.2;28.0;28.4;;;;;;;;
18;З/КЗ (Л);Sveinung Rabben;€13,750 в год;€0 - €16тыс.;;Неамбициозный;;;9;;;17.8;27.3;27.8;28.2;;;;;;;;
21;З (ПЛЦ);Conor McNulty;€14,750 в год;€0 - €16тыс.;;Ненадежный;;;6;;;17.6;25.8;26.3;27.1;;;;;;;;
21;П (Л), АП (Ц), НП (Ц);Matthew Love;€20,500 в год;€0 - €16тыс.;;Неамбициозный;;;14;;;19.2;31.6;32.6;33.0;;;;;;;;
17;АП (ПЦ), НП (Ц);John Carey;€8,750 в год;€0 - €18тыс.;;Ненадежный;;;9;;;15.8;27.2;28.3;28.6;;;;;;;;
18;АП (ПЦ), НП (Ц);Sam Smith;€7,500 в год;€0 - €18тыс.;;Сдержанный;;;11;;;15.2;25.3;26.0;26.8;;;;;;;;
20;З (Ц);Stephen Carey;€14,750 в год;€0 - €18тыс.;;Неамбициозный;;;6;;;18.3;28.2;29.2;30.3;;;;;;;;
19;П (ПЛЦ), АП (ЛЦ);Grant Cullen;€31,500 в год;€0 - €18тыс.;;Неамбициозный;;;9;;;17.2;30.6;31.5;32.2;;;;;;;;
16;КЗ (П), П (Ц), НП (Ц);Marcus Barbrook;€8,750 в год;€0 - €18тыс.;;Достаточно профессионален;;;7;;;17.5;28.7;29.5;30.2;;;;;;;;
20;П (ПЦ), АП (Ц), НП (Ц);Wilf Johnson;€17,500 в год;€0 - €18тыс.;;Профессионал;;;11;;;16.7;28.1;29.0;29.4;;;;;;;;
17;З (Ц);Andrew O'Loughlin;€8,750 в год;€0 - €18тыс.;;Лояльный;;;6;;;17.6;26.8;27.5;29.0;;;;;;;;
20;З (ПЛЦ);Scott Roberts;€25,500 в год;€0 - €18тыс.;;Сдержанный;;;5;;;19.2;27.0;27.5;27.9;;;;;;;;
17;З (ПЦ);Carlos Cabral;€8,750 в год;€0 - €18тыс.;;Нерешительный;;;5;;;20.2;29.5;30.3;31.0;;;;;;;;
19;АП (ПЛ), НП (Ц);Samson Bufton;€15,500 в год;€0 - €18тыс.;;Сдержанный;;;7;;;15.4;26.0;26.8;27.2;;;;;;;;
20;П (Ц), АП (П), НП (Ц);Jonathan Tamang;€19,750 в год;€0 - €18тыс.;;Достаточно профессионален;;;9;;;12.3;20.7;21.4;21.8;;;;;;;;
16;АП (П), НП (Ц);Amaechi Chukwu;€8,750 в год;€0 - €18тыс.;;Темпераментный;;;12;;;13.9;26.9;27.8;28.2;;;;;;;;
17;З (Ц);Graham Kirkwood;€12,500 в год;€0 - €18тыс.;;Неамбициозный;;;4;;;18.3;29.5;30.4;30.8;;;;;;;;
16;ОП, П (Ц);Fraser Murray;€8,750 в год;€0 - €18тыс.;;Неамбициозный;;;7;;;14.0;25.1;26.0;26.4;;;;;;;;
18;ОП, П (Ц);Marin Vidović;€10,750 в год;€0 - €18тыс.;;Нерешительный;;;8;;;19.6;34.0;34.7;35.0;;;;;;;;
16;З (П);Taron Rollinson;€8,750 в год;€0 - €18тыс.;;Сдержанный;;;6;;;17.6;27.0;27.4;27.8;;;;;;;;
20;В;Neil Richards;€11,750 в год;€0 - €18тыс.;;Сдержанный;;;3;;;40.1;48.4;50.4;50.7;;;;;;;;
18;З (Ц), ОП;Jimmy Skinner;€9,750 в год;€0 - €18тыс.;;Неамбициозный;;;10;;;17.6;28.7;29.8;30.2;;;;;;;;
21;В;Grant Stott;€17,250 в год;€0 - €18тыс.;;Сдержанный;;;1;;;43.9;49.6;51.0;51.8;;;;;;;;
16;З (ЛЦ);Daryl Esson;€8,750 в год;€0 - €18тыс.;;Тверд в решениях;;;2;;;16.4;27.3;27.8;28.2;;;;;;;;
20;П/АП (Л), НП (Ц);Alan Behan;€18,500 в год;€0 - €18тыс.;;Неамбициозный;;;5;;;11.8;21.2;21.7;22.5;;;;;;;;
19;В;Scott Boyes;€12,000 в год;€0 - €18тыс.;;Неамбициозный;;;1;;;42.2;49.7;51.2;51.5;;;;;;;;
19;П/АП (Л), НП (Ц);Giannis Tsanis;€24,500 в год;€0 - €18тыс.;;Сдержанный;;;8;;;14.3;24.5;25.0;26.1;;;;;;;;
17;З (Ц);Oli Harsley;€8,750 в год;€0 - €18тыс.;;Неамбициозный;;;8;;;17.2;29.7;30.6;31.3;;;;;;;;
17;З (ЛЦ), КЗ (Л);Paul Willock;€8,750 в год;€0 - €18тыс.;;Сдержанный;;;2;;;16.7;23.5;24.1;25.2;;;;;;;;
17;ОП, П/АП (Ц);Martyn Semple;€8,750 в год;€0 - €18тыс.;;Напористый;;;7;;;17.3;27.8;28.7;29.0;;;;;;;;
18;З (Ц);Guto Harries;€8,750 в год;€0 - €18тыс.;;Сдержанный;;;9;;;14.0;28.6;29.6;31.2;;;;;;;;
17;З (Ц);Jeffrey Asamoah;€8,750 в год;€0 - €18тыс.;;Неамбициозный;;;6;;;16.3;27.7;28.6;29.7;;;;;;;;
17;П/АП (Ц);Kevin Hughes;€8,750 в год;€0 - €18тыс.;;Достаточно дисциплинированный;;;15;;;16.4;30.0;30.9;31.6;;;;;;;;
21;З (ЛЦ);Alexander Martin;€16,500 в год;€0 - €18тыс.;;Нерешительный;;;6;;;17.8;25.2;25.7;26.1;;;;;;;;
17;П (Ц);Adam Rogers;€8,750 в год;€0 - €18тыс.;;Достаточно настойчивый;;;11;;;15.5;30.0;30.9;31.7;;;;;;;;
15;З (Л);Jordon Fellows;€8,750 в год;€0 - €18тыс.;;Сдержанный;;;6;;;16.6;25.5;26.4;27.1;;;;;;;;
16;В;Dwayne French;€8,750 в год;€0 - €18тыс.;;Сдержанный;;;6;;;41.7;44.2;45.0;49.1;;;;;;;;
20;АП (П), НП (Ц);Craig Haycock;€15,750 в год;€0 - €20тыс.;;Легкомысленный;;;7;;;14.2;26.6;27.4;28.6;;;;;;;;
19;П/АП (П), НП (Ц);Willie Barr;€16,750 в год;€0 - €20тыс.;;Достаточно профессионален;;;11;;;18.2;30.8;31.6;32.0;;;;;;;;
17;НП (Ц);Max Medley;€8,750 в год;€0 - €20тыс.;;Неамбициозный;;;8;;;18.4;29.6;30.4;30.8;;;;;;;;
18;НП (Ц);Ian Lewis;€10,500 в год;€0 - €20тыс.;;Неамбициозный;;;10;;;15.0;25.6;26.6;27.4;;;;;;;;
20;З (ПЦ);Jonny Paylor;€20,000 в год;€0 - €20тыс.;;Сдержанный;;;10;;;16.8;26.2;26.9;27.2;;;;;;;;
17;В;Clarke Bubb;€8,750 в год;€0 - €20тыс.;;Неамбициозный;;;4;;;48.2;58.1;59.6;60.3;;;;;;;;
19;КЗ (П), ОП;Cory Price;€6,500 в год;€0 - €20тыс.;;Неамбициозный;;;6;;;15.4;24.5;25.2;25.6;;;;;;;;
21;П (ЛЦ), АП (Л);Tom Scrivener;€15,750 в год;€0 - €20тыс.;;Нерешительный;;;4;;;12.5;22.3;23.2;24.3;;;;;;;;
19;З (ПЛ);Aksel Winn;€8,500 в год;€0 - €20тыс.;;Нерешительный;;;10;;;20.6;30.2;30.8;31.1;;;;;;;;
17;В;Michael Hoey;€8,750 в год;€0 - €20тыс.;;Сдержанный;;;3;;;47.7;57.1;59.2;60.0;;;;;;;;
17;АП (П), НП (Ц);Phil Lawson;€8,750 в год;€0 - €20тыс.;;Достаточно профессионален;;;9;;;14.1;22.6;23.4;24.5;;;;;;;;
15;З (ПЦ);Valentin Calin;€8,750 в год;€0 - €20тыс.;;Достаточно профессионален;;;5;;;17.5;26.0;26.6;27.7;;;;;;;;
16;АП (ЛЦ);Tom Palmer;€8,750 в год;€0 - €20тыс.;;Достаточно профессионален;;;7;;;13.7;26.5;27.3;28.4;;;;;;;;
20;АП (ПЦ), НП (Ц);Tim Gould;€22,500 в год;€0 - €20тыс.;;Неамбициозный;;;7;;;14.0;27.8;28.8;29.6;;;;;;;;
17;З (Ц);Lucas Ramon;€8,750 в год;€0 - €20тыс.;;Неамбициозный;;;7;;;18.5;28.3;29.0;29.4;;;;;;;;
20;АП (ПЦ), НП (Ц);Frank Okeke;€12,750 в год;€0 - €20тыс.;;Сдержанный;;;9;;;15.8;28.1;29.1;30.6;;;;;;;;
16;НП (Ц);Joshua Jones;€8,750 в год;€0 - €20тыс.;;Достаточно дисциплинированный;;;7;;;18.2;29.4;30.6;30.9;;;;;;;;
18;П (Л), АП (П), НП (Ц);Sam Bateman;€10,750 в год;€0 - €20тыс.;;Достаточно дисциплинированный;;;4;;;15.8;27.9;28.8;29.9;;;;;;;;
16;КЗ (П);Kayne Moriah-Welsh;€8,750 в год;€0 - €20тыс.;;Неамбициозный;;;6;;;16.3;28.0;28.8;29.6;;;;;;;;
18;В;Chris Carpenter;€15,000 в год;€0 - €20тыс.;;Нерешительный;;;6;;;45.3;55.2;56.7;58.2;;;;;;;;
17;З (Ц), ОП;Jack Walker;€8,750 в год;€0 - €22тыс.;;Неамбициозный;;;4;;;16.9;26.4;27.2;27.9;;;;;;;;
17;З (П);Richard White;€8,750 в год;€0 - €22тыс.;;Неамбициозный;;;8;;;16.4;23.4;23.9;24.6;;;;;;;;
18;В;Scott Hallard;€6,250 в год;€0 - €22тыс.;;Неамбициозный;;;7;;;40.0;46.8;48.4;49.2;;;;;;;;
20;З (ПЛ);Trevor Cavell;€17,250 в год;€0 - €22тыс.;;Ненадежный;;;8;;;17.8;25.2;25.8;26.5;;;;;;;;
15;З (ПЦ);Jordan Christie;€8,750 в год;€0 - €22тыс.;;Наемник;;;3;;;16.9;24.8;25.6;26.7;;;;;;;;
16;АП (ПЛЦ);Haydn Yeo;€8,750 в год;€0 - €22тыс.;;Наемник;;;6;;;13.9;22.6;23.2;24.8;;;;;;;;
21;В;Owen Newbold;€14,750 в год;€0 - €22тыс.;;Профессионал;;;2;;;40.4;44.4;45.3;50.9;;;;;;;;
19;ОП, П (Ц), АП (ЛЦ);John Mitchell;€13,750 в год;€0 - €22тыс.;;Ненадежный;;;12;;;16.6;29.2;30.0;30.4;;;;;;;;
21;З (Ц), ОП, П (Ц);Eze Hearn;€20,500 в год;€0 - €22тыс.;;Сдержанный;;;11;;;15.0;23.2;23.6;24.0;;;;;;;;
19;З (ПЦ);Jak Foster;€20,500 в год;€0 - €22тыс.;;Неамбициозный;;;6;;;17.4;25.4;25.9;27.4;;;;;;;;
18;З/КЗ (Л);Eric Ward;€9,500 в год;€0 - €22тыс.;;Сдержанный;;;8;;;19.0;31.0;31.9;32.7;;;;;;;;
19;З (Ц), ОП;Adam Tunnicliff;€8,500 в год;€0 - €22тыс.;;Достаточно профессионален;;;7;;;19.3;29.1;29.8;30.5;;;;;;;;
18;П (ПЛ), АП (Л);Robin Williams;€2,800 в год;€0 - €22тыс.;;Нерешительный;;;10;;;19.0;29.7;30.6;31.4;;;;;;;;
20;П/АП (ПЦ);Shaun Richards;€22,000 в год;€0 - €22тыс.;;Ненадежный;;;10;;;16.8;29.0;29.5;30.6;;;;;;;;
16;З (П);Tre Bancroft;€8,750 в год;€0 - €22тыс.;;Неамбициозный;;;8;;;18.9;31.8;32.8;33.5;;;;;;;;
21;З/КЗ/П (П), АП (ПЦ);Taylor Lever;€23,500 в год;€0 - €22тыс.;;Неамбициозный;;;9;;;12.4;24.4;25.2;26.0;;;;;;;;
20;П/АП (Л);Greg Hilson;€26,000 в год;€0 - €22тыс.;;Достаточно настойчивый;;;9;;;13.6;24.2;25.1;26.2;;;;;;;;
16;З (Ц), ОП, П (Ц);Richard Hay;€8,750 в год;€0 - €22тыс.;;Неамбициозный;;;13;;;17.2;28.7;29.7;30.5;;;;;;;;
21;З (ЛЦ);Euan Crawford;€17,000 в год;€0 - €22тыс.;;Сдержанный;;;11;;;17.6;27.1;27.8;28.1;;;;;;;;
17;В;David Deeley;€8,750 в год;€0 - €22тыс.;;Сдержанный;;;1;;;39.9;49.0;51.1;51.8;;;;;;;;
17;З (Ц), ОП, П (Ц);Igor Meznarič;€8,750 в год;€0 - €22тыс.;;Сдержанный;;;7;;;16.2;27.0;27.8;28.9;;;;;;;;
17;АП (Ц), НП (Ц);Mick Reynolds;€8,750 в год;€0 - €22тыс.;;Сдержанный;;;9;;;14.1;27.5;28.5;28.9;;;;;;;;
19;З (ПЛ);Daniel McCauley;€33,000 в год;€0 - €22тыс.;;Неамбициозный;;;14;;;20.8;32.9;33.7;34.8;;;;;;;;
16;З (Ц);Richard Hugill-Tullin;€8,750 в год;€0 - €22тыс.;;Достаточно настойчивый;;;8;;;18.1;29.2;30.2;30.9;;;;;;;;
19;З (Ц), ОП, П (Ц);Rhys Reynolds;€13,250 в год;€0 - €22тыс.;;Сдержанный;;;4;;;21.0;30.0;30.7;31.1;;;;;;;;
18;П/АП (П), НП (Ц);Akeem Addlery;€11,250 в год;€0 - €22тыс.;;Наемник;;;6;;;15.5;28.3;29.2;29.9;;;;;;;;
20;З (ПЦ), П (Ц);Paul Feeney;€26,500 в год;€0 - €24тыс.;;Достаточно профессионален;;;5;;;20.4;31.5;32.6;33.4;;;;;;;;
18;В;David Lyons;€8,750 в год;€0 - €24тыс.;;Сдержанный;;;2;;;43.0;46.8;48.0;49.2;;;;;;;;
20;П (Л), АП (ПЛЦ), НП (Ц);Ibrahim Cathline;€20,500 в год;€0 - €24тыс.;;Наемник;;;10;;;13.4;25.8;26.6;27.8;;;;;;;;
20;ОП, П/АП (Ц);Ibby Sinclair;€12,250 в год;€0 - €24тыс.;;Нерешительный;;;5;;;15.6;24.7;25.2;26.7;;;;;;;;
21;З (Ц), ОП, П (Ц);Paul Nasir;€22,500 в год;€0 - €24тыс.;;Амбициозный;;;11;;;19.6;33.0;33.9;35.4;;;;;;;;
18;З (ПЦ), КЗ (П);Billy Boardman;€9,750 в год;€0 - €24тыс.;;Наемник;;;6;;;20.4;31.1;31.9;32.7;;;;;;;;
17;В;Bert Bradbury;€8,750 в год;€0 - €24тыс.;;Сдержанный;;;6;;;43.0;51.1;52.4;53.2;;;;;;;;
19;З (Ц), ОП, П (Ц);Bernard Roberts;€14,250 в год;€0 - €24тыс.;;Неамбициозный;;;10;;;18.3;31.3;32.3;32.6;;;;;;;;
19;П (Ц);Rico Hunte;€19,750 в год;€0 - €24тыс.;;Достаточно профессионален;;;12;;;17.2;34.2;35.3;36.4;;;;;;;;
18;З (Ц);Richie Donnelly;€8,750 в год;€0 - €24тыс.;;Сдержанный;;;10;;;18.8;30.0;31.0;31.4;;;;;;;;
17;П (Ц);Walter Eberdorfer;€8,750 в год;€0 - €24тыс.;;Нерешительный;;;6;;;18.9;32.4;33.2;33.6;;;;;;;;
21;П (Ц), АП (ЛЦ);Luke Lampe;€18,250 в год;€0 - €24тыс.;;Ненадежный;;;10;;;15.8;26.5;27.2;28.3;;;;;;;;
17;П (Ц), АП (ПЦ);Marc Williams;€8,750 в год;€0 - €24тыс.;;Сдержанный;;;9;;;17.9;31.1;32.0;32.4;;;;;;;;
17;ОП, П (ЛЦ);Darren Coleman;€13,750 в год;€0 - €24тыс.;;Достаточно дисциплинированный;;;9;;;19.6;30.2;31.2;31.9;;;;;;;;
16;АП (ПЛЦ);Jan Owczarek;€8,750 в год;€0 - €24тыс.;;Нерешительный;;;4;;;13.2;23.0;23.7;24.4;;;;;;;;
19;В;Robert Brown;€12,000 в год;€0 - €24тыс.;;Спортивный;;;5;;;44.6;54.8;56.8;58.7;;;;;;;;
17;АП (Л), НП (Ц);Jannis Tischler;€8,750 в год;€0 - €24тыс.;;Неамбициозный;;;11;;;13.7;24.8;25.3;26.0;;;;;;;;
17;ОП, П (Ц);Gary White;€8,750 в год;€0 - €24тыс.;;Решительный;;;9;;;16.2;29.4;30.0;30.4;;;;;;;;
16;З (ПЦ);Aaron Morley-Almond;€8,750 в год;€0 - €24тыс.;;Непостоянный;;;5;;;18.1;28.8;29.5;30.6;;;;;;;;
17;З (ПЦ);Shane Williams;€6,250 в год;€0 - €24тыс.;;Ненадежный;;;3;;;15.0;24.8;25.4;25.8;;;;;;;;
17;П/АП (Ц);Josh Hopewell;€8,750 в год;€0 - €24тыс.;;Сдержанный;;;14;;;17.8;30.5;31.2;32.4;;;;;;;;
20;П/АП (ПЦ);Dan Carlile;€11,250 в год;€0 - €26тыс.;;Сдержанный;;;13;;;15.7;28.5;29.2;30.3;;;;;;;;
19;В;John Perrin;€14,000 в год;€0 - €26тыс.;;Сдержанный;;;1;;;41.4;48.4;49.9;53.0;;;;;;;;
18;КЗ (Л);Simon Takac;€13,000 в год;€0 - €26тыс.;;Сдержанный;;;6;;;15.7;26.6;27.2;28.4;;;;;;;;
20;П (Ц), АП (ЛЦ);Liam Jackson;€6,500 в год;€0 - €26тыс.;;Сдержанный;;;9;;;17.2;29.4;30.1;31.2;;;;;;;;
17;КЗ/АП (Л), НП (Ц);James Wright;€15,500 в год;€0 - €26тыс.;;Достаточно дисциплинированный;;;11;;;16.2;28.2;28.8;29.6;;;;;;;;
16;З/П (Ц), НП (Ц);Martin Pratt;€8,750 в год;€0 - €26тыс.;;Темпераментный;;;6;;;17.9;28.0;28.9;29.2;;;;;;;;
15;АП (ЛЦ), НП (Ц);Lionel Samples;€8,750 в год;€0 - €26тыс.;;Сдержанный;;;7;;;17.0;29.0;30.0;30.7;;;;;;;;
16;З (П);Arron Ellesley;€8,750 в год;€0 - €26тыс.;;Достаточно профессионален;;;8;;;19.4;28.5;29.4;29.8;;;;;;;;
16;З/КЗ (П);Sammy Ruggles;€8,750 в год;€0 - €26тыс.;;Неамбициозный;;;8;;;17.3;25.4;26.0;27.1;;;;;;;;
17;З/П (Ц);Bruno Grabban;€8,750 в год;€0 - €26тыс.;;Легкомысленный;;;8;;;17.1;29.2;30.2;30.9;;;;;;;;
21;З (ПЦ), КЗ (П);Ibrahim Shaban;€39,000 в год;€0 - €26тыс.;;Неамбициозный;;;9;;;20.5;31.4;32.3;32.6;;;;;;;;
17;З (ПЦ);Jack Coulter;€8,750 в год;€0 - €26тыс.;;Темпераментный;;;3;;;15.8;24.5;25.0;25.7;;;;;;;;
17;АП (П), НП (Ц);Rod Angol;€8,750 в год;€0 - €26тыс.;;Наемник;;;12;;;14.4;24.8;25.5;26.6;;;;;;;;
16;П/АП (П);Llion Brown;€8,750 в год;€0 - €26тыс.;;Сдержанный;;;9;;;15.6;28.6;29.4;30.9;;;;;;;;
19;В;Andrew Howarth;€13,750 в год;€0 - €26тыс.;;Достаточно дисциплинированный;;;1;;;43.8;48.6;49.9;50.6;;;;;;;;
17;З (Л);Joe Wynne;€8,750 в год;€0 - €26тыс.;;Неамбициозный;;;4;;;19.7;29.5;30.2;31.3;;;;;;;;
17;П/АП (Л);Cameron Hall;€8,750 в год;€0 - €26тыс.;;Сдержанный;;;6;;;13.4;23.6;24.4;25.5;;;;;;;;
16;З (ПЦ);Adrian Faherty;€8,750 в год;€0 - €26тыс.;;Достаточно настойчивый;;;4;;;19.8;29.2;30.0;30.4;;;;;;;;
19;П/АП (ЛЦ);Doug Pimlott;€30,000 в год;€0 - €26тыс.;;Сдержанный;;;8;;;19.2;33.3;34.4;34.8;;;;;;;;
18;П/АП (Ц);Jamie Mullen;€16,750 в год;€0 - €26тыс.;;Достаточно профессионален;;;9;;;18.8;31.8;32.6;33.4;;;;;;;;
15;З (ПЛЦ);Prince Mutombo;€8,750 в год;€0 - €26тыс.;;Нерешительный;;;4;;;18.8;25.9;26.6;27.4;;;;;;;;
21;В;David Brady;€23,000 в год;€0 - €26тыс.;;Сдержанный;;;4;;;47.7;56.0;57.5;61.6;;;;;;;;
20;П/АП (Ц), НП (Ц);David Taylor;€15,500 в год;€0 - €26тыс.;;Нерешительный;;;12;;;16.6;30.2;30.9;31.7;;;;;;;;
16;З/КЗ (П);Ronan Aitchison;€8,750 в год;€0 - €26тыс.;;Профессионал;;;7;;;19.6;29.0;29.6;30.0;;;;;;;;
20;З (Ц), ОП;Angus Hughes;€21,000 в год;€0 - €26тыс.;;Сдержанный;;;6;;;18.1;27.3;28.0;29.2;;;;;;;;
17;З/КЗ (Л);Glenford McDowall;€8,750 в год;€0 - €26тыс.;;Неамбициозный;;;7;;;18.2;28.4;28.9;29.3;;;;;;;;
18;З (ЛЦ), КЗ (Л);Matt Robson;€8,750 в год;€0 - €26тыс.;;Нерешительный;;;8;;;18.3;29.0;29.7;30.8;;;;;;;;
19;ОП, П (Ц);Peter Goodwin;€6,750 в год;€0 - €28тыс.;;Неамбициозный;;;8;;;15.2;30.3;31.3;31.7;;;;;;;;
16;В;Jack Russell;€8,750 в год;€0 - €28тыс.;;Напористый;;;3;;;40.8;49.8;51.2;54.2;;;;;;;;
21;В;Jacob Broderick;€38,500 в год;€0 - €28тыс.;;Достаточно профессионален;;;6;;;57.0;66.6;68.1;68.5;;;;;;;;
21;П/АП (ПЦ);Richard Salt;€23,000 в год;€0 - €28тыс.;;Сдержанный;;;10;;;19.4;32.0;32.8;33.2;;;;;;;;
18;П/АП (П);Michael Okoronkwo;€30,500 в год;€0 - €28тыс.;;Неамбициозный;;;9;;;14.1;22.3;22.6;23.4;;;;;;;;
17;П/АП (Л);Jonathan Baldock;€8,750 в год;€0 - €28тыс.;;Сдержанный;;;7;;;15.2;24.0;24.8;25.6;;;;;;;;
16;ОП, П (ПЦ), АП (Ц);Richie Davies;€8,750 в год;€0 - €28тыс.;;Неамбициозный;;;9;;;18.6;30.4;31.2;31.9;;;;;;;;
21;П/АП (Ц);Paul Beadle;€25,000 в год;€0 - €28тыс.;;Ненадежный;;;11;;;17.6;33.3;34.3;34.6;;;;;;;;
18;П/АП (П);Marcus Wilding;€8,750 в год;€0 - €28тыс.;;Неамбициозный;;;8;;;15.1;28.6;29.2;30.4;;;;;;;;
21;З (Ц), ОП, П (Ц);Godfrey Pakamisa;€17,750 в год;€0 - €28тыс.;;Неамбициозный;;;9;;;15.2;30.6;31.6;32.7;;;;;;;;
20;В;Paul Coleman;€25,500 в год;€0 - €28тыс.;;Сдержанный;;;8;;;41.4;51.0;52.1;55.8;;;;;;;;
19;НП (Ц);Warren Jones;€6,750 в год;€0 - €28тыс.;;Неамбициозный;;;11;;;14.1;23.6;24.2;24.9;;;;;;;;
20;П (Л), АП (ПЛ), НП (Ц);Rashad Lashley;€24,500 в год;€0 - €28тыс.;;Сдержанный;;;10;;;17.6;30.3;31.3;32.1;;;;;;;;
17;АП (П), НП (Ц);Steve Moses;€8,750 в год;€0 - €28тыс.;;Нерешительный;;;9;;;14.7;23.3;23.9;25.0;;;;;;;;
18;З (Л);Ben Porter;€9,500 в год;€0 - €28тыс.;;Неамбициозный;;;7;;;19.1;26.7;27.3;28.4;;;;;;;;
18;АП (П), НП (Ц);Craig Elliott;€8,750 в год;€0 - €28тыс.;;Сдержанный;;;9;;;15.1;27.9;29.1;30.2;;;;;;;;
18;В;Sol Gonzalo;€10,000 в год;€0 - €28тыс.;;Неамбициозный;;;5;;;44.6;51.8;53.4;53.8;;;;;;;;
21;З (Ц), ОП, П (Ц);Kim Østergaard;€17,750 в год;€0 - €28тыс.;;Нерешительный;;;10;;;18.7;28.1;28.6;29.4;;;;;;;;
17;П (Ц), АП (Л);Paul Lynch;€8,750 в год;€0 - €28тыс.;;Сдержанный;;;8;;;14.9;22.3;22.8;23.2;;;;;;;;
16;В;David Kelly;€8,750 в год;€0 - €28тыс.;;Сдержанный;;;4;;;43.7;50.4;51.8;52.2;;;;;;;;
17;З (Ц);Carwyn Thomas;€8,750 в год;€0 - €28тыс.;;Сдержанный;;;9;;;18.9;29.0;29.8;30.9;;;;;;;;
19;З (ЛЦ), П (Ц);Ronan Kelly;€22,500 в год;€0 - €28тыс.;;Легкомысленный;;;4;;;18.6;26.7;27.4;27.8;;;;;;;;
18;П/АП (Л);Amar Amrane;€25,500 в год;€0 - €28тыс.;;Неамбициозный;;;10;;;12.5;22.6;23.0;23.8;;;;;;;;
17;З (ПЦ), ОП;Phil Penney;€8,750 в год;€0 - €30тыс.;;Сдержанный;;;10;;;15.7;25.2;26.0;27.1;;;;;;;;
18;П (ПЦ), АП (Ц);Steven Meredith;€8,750 в год;€0 - €30тыс.;;Энергичный;;;14;;;17.8;34.2;35.2;36.4;;;;;;;;
19;З (Ц);Ben Harvey;€24,500 в год;€0 - €30тыс.;;Сдержанный;;;5;;;18.9;29.6;30.4;31.1;;;;;;;;
16;НП (Ц);Ross Hayes;€8,750 в год;€0 - €30тыс.;;Легкомысленный;;;11;;;14.7;26.6;27.4;27.8;;;;;;;;
20;П (Ц);Tom Miles;€16,250 в год;€0 - €30тыс.;;Достаточно профессионален;;;14;;;15.9;31.6;32.8;33.2;;;;;;;;
19;В;Brian Preston;€22,500 в год;€0 - €30тыс.;;Достаточно настойчивый;;;1;;;46.7;61.1;63.4;66.7;;;;;;;;
18;З (Ц), ОП, П (Ц);Warren Chatfield;€8,750 в год;€0 - €30тыс.;;Неамбициозный;;;11;;;17.0;30.4;31.4;32.2;;;;;;;;
20;З (Л);Gavin Moth;€19,000 в год;€0 - €30тыс.;;Нерешительный;;;6;;;18.5;28.8;29.8;30.5;;;;;;;;
19;П (Ц), АП (П), НП (Ц);Lejuan Simons;€2,700 в год;€0 - €30тыс.;;Идеалист;;;6;;;14.3;27.2;28.2;29.7;;;;;;;;
16;З (ПЦ), П (Ц);Levi Middleton;€8,750 в год;€0 - €30тыс.;;Сдержанный;;;6;;;18.3;27.8;28.4;29.9;;;;;;;;
17;В;Darren Heffernan;€8,750 в год;€0 - €30тыс.;;Сдержанный;;;1;;;37.5;44.6;46.4;46.8;;;;;;;;
16;АП (Ц), НП (Ц);Brian Ferguson;€8,750 в год;€0 - €30тыс.;;Сдержанный;;;8;;;16.4;28.9;29.8;30.6;;;;;;;;
19;З/П/АП (П);Alex Amoah;€13,750 в год;€0 - €30тыс.;;Достаточно дисциплинированный;;;8;;;17.6;27.6;28.1;29.2;;;;;;;;
16;П (Ц), АП (ПЛЦ);Steve Herbert;€8,750 в год;€0 - €30тыс.;;Неамбициозный;;;11;;;19.1;31.7;32.5;33.6;;;;;;;;
16;АП (Ц);Louis Pelling;€8,750 в год;€0 - €30тыс.;;Жизнерадостный;;;11;;;15.3;27.8;28.6;29.4;;;;;;;;
17;П/АП (Л), НП (Ц);Moses Cover;€8,750 в год;€0 - €30тыс.;;Неамбициозный;;;8;;;17.2;28.9;29.6;31.1;;;;;;;;
17;АП (П), НП (Ц);Wayne Roberts;€15,000 в год;€0 - €30тыс.;;Достаточно дисциплинированный;;;10;;;16.4;28.4;29.4;30.2;;;;;;;;
18;П/АП (ЛЦ);Nick Keegan;€23,500 в год;€0 - €30тыс.;;Неамбициозный;;;9;;;16.9;30.4;31.6;32.7;;;;;;;;
18;П/АП (Ц), НП (Ц);Gianni Adarkwa;€8,750 в год;€0 - €30тыс.;;Нерешительный;;;8;;;12.1;22.6;23.5;24.6;;;;;;;;
16;З (Ц);Andrew Jordan;€8,750 в год;€0 - €30тыс.;;Неамбициозный;;;11;;;17.4;25.4;26.0;26.8;;;;;;;;
19;П (Ц), АП (ПЦ), НП (Ц);David Mackie;€21,500 в год;€0 - €30тыс.;;Сдержанный;;;13;;;16.4;30.0;31.1;31.9;;;;;;;;
20;АП (П), НП (Ц);Mërgim Halimi;€6,000 в год;€0 - €30тыс.;;Энергичный;;;8;;;20.2;32.5;33.6;34.7;;;;;;;;
19;КЗ/П (П);Liam Springer;€16,500 в год;€0 - €30тыс.;;Сдержанный;;;8;;;17.6;29.8;30.4;30.8;;;;;;;;
18;П/АП (Ц);Taylor McLeod;€19,750 в год;€0 - €30тыс.;;Реалист;;;15;;;15.2;28.9;29.8;30.5;;;;;;;;
15;В;Harri Booker;€8,750 в год;€0 - €30тыс.;;Достаточно профессионален;;;1;;;36.3;45.8;47.3;47.7;;;;;;;;
17;В;David Harris;€8,750 в год;€0 - €30тыс.;;Сдержанный;;;2;;;42.0;47.2;48.5;51.5;;;;;;;;
17;ОП;Ed Baxter;€8,750 в год;€0 - €30тыс.;;Достаточно профессионален;;;10;;;18.0;29.4;30.3;30.6;;;;;;;;
17;В;Emmanuel Cissé;€8,750 в год;€0 - €30тыс.;;Сдержанный;;;2;;;37.5;44.9;46.6;47.3;;;;;;;;
17;АП (П), НП (Ц);Dan Perry;€8,750 в год;€0 - €30тыс.;;Неамбициозный;;;10;;;14.0;24.4;25.0;26.2;;;;;;;;
17;П/АП (Ц);Lee Franco;€8,750 в год;€0 - €30тыс.;;Сдержанный;;;13;;;14.4;25.1;25.6;26.4;;;;;;;;
17;НП (Ц);Tom Jones;€8,750 в год;€0 - €30тыс.;;Тверд в решениях;;;10;;;15.9;23.7;24.4;25.2;;;;;;;;
16;З (Ц);Benjamin Essien;€8,750 в год;€0 - €35тыс.;;Неамбициозный;;;8;;;19.5;29.9;30.7;31.4;;;;;;;;
17;АП (П), НП (Ц);Kallum Berry;€8,750 в год;€0 - €35тыс.;;Энергичный;;;10;;;13.8;25.1;25.9;27.0;;;;;;;;
20;З (Ц);Sean Planter;€17,250 в год;€0 - €35тыс.;;Достаточно профессионален;;;5;;;18.1;28.2;29.2;29.6;;;;;;;;
19;ОП, П (Ц);Jamie Burton;€17,000 в год;€0 - €35тыс.;;Профессионал;;;8;;;19.4;34.2;35.4;36.6;;;;;;;;
16;П/АП (П);Noah Dickens;€8,750 в год;€0 - €35тыс.;;Сдержанный;;;8;;;15.8;27.8;28.4;29.2;;;;;;;;
19;П (ПЦ), АП (П), НП (Ц);Nathaniel Cephas;€11,750 в год;€0 - €35тыс.;;Достаточно профессионален;;;8;;;16.3;27.4;28.2;29.0;;;;;;;;
18;АП (П);Rikardo Bromley;€15,750 в год;€0 - €35тыс.;;Легкомысленный;;;9;;;17.3;30.0;30.9;32.1;;;;;;;;
20;АП (ПЛ), НП (Ц);Shaun Martin;€13,750 в год;€0 - €35тыс.;;Сдержанный;;;8;;;15.8;26.4;27.2;27.9;;;;;;;;
16;П (Ц);Jason Siu;€8,750 в год;€0 - €35тыс.;;Бесхарактерный;;;10;;;15.3;27.8;28.4;29.6;;;;;;;;
21;З/П (Ц);Curtis Doyle;€33,000 в год;€0 - €35тыс.;;Тверд в решениях;;;9;;;17.3;28.6;29.4;29.8;;;;;;;;
20;З (ПЛЦ);Shannon Carson;€15,250 в год;€0 - €35тыс.;;Нерешительный;;;2;;;17.8;24.9;25.3;26.1;;;;;;;;
15;В;Brett Constable;€8,750 в год;€0 - €35тыс.;;Достаточно дисциплинированный;;;5;;;35.6;39.5;40.5;40.9;;;;;;;;
21;АП (ПЦ), НП (Ц);Brian Kearney;€17,500 в год;€0 - €35тыс.;;Достаточно настойчивый;;;7;;;15.0;23.4;23.8;25.0;;;;;;;;
20;П/АП (ПЛЦ);Phil Knight;€6,750 в год;€0 - €35тыс.;;Достаточно профессионален;;;10;;;15.8;29.9;30.8;31.1;;;;;;;;
18;П (ПЦ), АП (П);Jayden Rolfe;€15,750 в год;€0 - €35тыс.;;Неамбициозный;;;11;;;17.2;27.6;28.4;29.8;;;;;;;;
20;З/КЗ (П);Noah Haines;€24,500 в год;€0 - €35тыс.;;Неамбициозный;;;7;;;16.1;27.4;28.2;29.3;;;;;;;;
20;П (ПЦ), АП (Ц);Ben Pritchard;€18,500 в год;€0 - €35тыс.;;Напористый;;;12;;;15.9;26.4;27.3;28.0;;;;;;;;
21;П/АП (Ц);Harry Stone;€25,000 в год;€0 - €35тыс.;;Реалист;;;12;;;16.1;30.0;31.0;32.1;;;;;;;;
18;НП (Ц);John Stanton;€16,500 в год;€0 - €35тыс.;;Сдержанный;;;9;;;16.0;30.3;31.4;31.8;;;;;;;;
17;П/АП (ЛЦ);Peter Moore;€8,750 в год;€0 - €35тыс.;;Темпераментный;;;6;;;16.4;25.8;26.5;27.6;;;;;;;;
15;З (Ц);Nick Redman;€8,750 в год;€0 - €35тыс.;;Сдержанный;;;10;;;16.8;25.7;26.3;26.7;;;;;;;;
17;АП (Л), НП (Ц);Patsy Quinlan;€8,750 в год;€0 - €35тыс.;;Тверд в решениях;;;10;;;17.2;28.3;29.2;29.6;;;;;;;;
16;З (Ц);Ackeem Thwaites;€8,750 в год;€0 - €35тыс.;;Неамбициозный;;;6;;;14.1;23.6;24.3;25.1;;;;;;;;
21;П (Ц), АП (ЛЦ), НП (Ц);Jack Buckley;€14,500 в год;€0 - €35тыс.;;Неамбициозный;;;11;;;16.4;29.4;30.4;31.6;;;;;;;;
16;ОП, П (Ц);Nick Byron;€8,750 в год;€0 - €35тыс.;;Ненадежный;;;11;;;16.2;28.7;29.4;29.8;;;;;;;;
19;АП (ПЦ), НП (Ц);Steve Clayton;€24,000 в год;€0 - €35тыс.;;Тверд в решениях;;;10;;;18.7;31.5;32.8;33.9;;;;;;;;
17;АП (Ц), НП (Ц);Dejan Cvetković;€8,750 в год;€0 - €35тыс.;;Неамбициозный;;;9;;;19.8;31.3;31.9;32.7;;;;;;;;
16;З (Ц);Simon Paulwell;€8,750 в год;€0 - €35тыс.;;Неамбициозный;;;5;;;17.6;24.9;25.6;26.7;;;;;;;;
19;З/КЗ (П), П (Ц), АП (ПЦ);Derek Frampton;€27,000 в год;€0 - €35тыс.;;Ненадежный;;;9;;;15.8;31.6;32.8;33.6;;;;;;;;
18;З (П);Sean Nelson;€8,750 в год;€0 - €35тыс.;;Достаточно профессионален;;;8;;;25.3;37.7;38.7;39.5;;;;;;;;
16;В;Chris Wilson;€8,750 в год;€0 - €35тыс.;;Достаточно дисциплинированный;;;1;;;46.4;52.6;54.1;57.4;;;;;;;;
20;АП (ПЛЦ), НП (Ц);Liam Lennox;€17,500 в год;€0 - €35тыс.;;Наемник;;;10;;;15.8;29.4;30.3;31.1;;;;;;;;
21;З (ПЦ);Harrison Driver;€15,000 в год;€0 - €35тыс.;;Ненадежный;;;5;;;19.4;30.4;31.3;31.7;;;;;;;;
21;З (Ц);Elliot Kidner;€18,000 в год;€0 - €40тыс.;;Сдержанный;;;9;;;18.5;28.3;29.1;29.5;;;;;;;;
19;З (ПЦ), КЗ (П);Kit Windsor;€18,000 в год;€0 - €40тыс.;;Сдержанный;;;8;;;19.0;29.6;30.5;30.9;;;;;;;;
16;ОП, П/АП (Ц);Louis Evans-Ring;€8,750 в год;€0 - €40тыс.;;Сдержанный;;;11;;;17.6;31.8;33.0;34.5;;;;;;;;
21;З (ПЦ);Matt McLachlan;€26,500 в год;€0 - €40тыс.;;Сдержанный;;;8;;;19.8;31.9;32.5;32.9;;;;;;;;
21;З (ЛЦ), КЗ (Л);Stuart Sinclair;€27,000 в год;€0 - €40тыс.;;Сдержанный;;;7;;;20.6;32.3;33.2;34.3;;;;;;;;
16;НП (Ц);Billy Flynn;€8,750 в год;€0 - €40тыс.;;Сдержанный;;;7;;;17.3;27.9;28.9;30.0;;;;;;;;
21;З (Ц), ОП, П (Ц);Andre Silva;€18,750 в год;€0 - €40тыс.;;Непостоянный;;;8;;;15.7;23.5;24.2;24.9;;;;;;;;
20;АП (Л), НП (Ц);JJ Ibe;€7,000 в год;€0 - €40тыс.;;Сдержанный;;;8;;;12.8;23.3;24.2;25.7;;;;;;;;
19;З/КЗ (П);Oliver Solly;€21,000 в год;€0 - €40тыс.;;Сдержанный;;;10;;;18.8;28.7;29.3;30.4;;;;;;;;
18;З (Ц);Charlie Thorpe;€8,750 в год;€0 - €40тыс.;;Сдержанный;;;7;;;19.1;31.3;32.2;33.3;;;;;;;;
17;В;Dominic Pennant;€8,750 в год;€0 - €40тыс.;;Неамбициозный;;;8;;;39.8;47.5;49.0;49.8;;;;;;;;
21;З (Ц);Robbie Cornhill;€19,250 в год;€0 - €40тыс.;;Нерешительный;;;5;;;20.8;32.0;33.0;34.1;;;;;;;;
20;АП (П), НП (Ц);Stelian Florea;€24,500 в год;€0 - €40тыс.;;Амбициозный;;;11;;;11.5;21.4;21.8;22.2;;;;;;;;
20;З (Ц);Gabby Duggan;€19,250 в год;€0 - €40тыс.;;Неамбициозный;;;7;;;17.5;26.3;27.2;28.0;;;;;;;;
16;П/АП (П);Mohamed Ouattara;€8,750 в год;€0 - €40тыс.;;Тверд в решениях;;;6;;;17.4;28.1;28.9;29.7;;;;;;;;
16;В;Scott Downey;€8,750 в год;€0 - €40тыс.;;Достаточно профессионален;;;4;;;35.8;44.9;46.1;46.8;;;;;;;;
17;З (Ц), ОП;Grant Hazeldine;€8,750 в год;€0 - €40тыс.;;Сдержанный;;;5;;;16.6;27.0;27.7;28.8;;;;;;;;
15;В;Joe Scarborough;€8,750 в год;€0 - €40тыс.;;Сдержанный;;;2;;;43.9;49.3;50.4;51.2;;;;;;;;
21;АП (ПЦ), НП (Ц);Chris Manning;€9,500 в год;€0 - €40тыс.;;Неамбициозный;;;9;;;16.9;26.6;27.5;28.2;;;;;;;;
16;П/АП (П);Sam Hopewell;€8,750 в год;€0 - €40тыс.;;Достаточно профессионален;;;14;;;13.7;26.3;27.3;27.6;;;;;;;;
16;З (ПЦ);Daniel Browne;€8,750 в год;€0 - €40тыс.;;Сдержанный;;;7;;;19.0;31.3;32.2;33.0;;;;;;;;
19;П (Ц);Les Golabek;€15,500 в год;€0 - €40тыс.;;Неамбициозный;;;9;;;17.1;32.3;33.4;34.5;;;;;;;;
18;З (Ц);Jonathan Lewis;€18,750 в год;€0 - €40тыс.;;Сдержанный;;;5;;;18.1;26.3;26.8;27.6;;;;;;;;
18;В;Ben Brooks;€12,000 в год;€0 - €40тыс.;;Сдержанный;;;3;;;40.9;50.6;52.9;53.7;;;;;;;;
20;П (Ц), АП (П), НП (Ц);Pascual;€23,500 в год;€0 - €40тыс.;;Сдержанный;;;8;;;14.3;24.6;25.4;26.2;;;;;;;;
15;АП (ПЛ);Noel McInnis;€8,750 в год;€0 - €45тыс.;;Неамбициозный;;;11;;;17.1;27.6;28.3;28.7;;;;;;;;
21;З (ПЦ), П (Ц);Stephen Lawson;€21,000 в год;€0 - €45тыс.;;Сдержанный;;;6;;;16.5;25.4;26.2;26.9;;;;;;;;
21;П/АП (П);Alan Bowen;€25,500 в год;€0 - €45тыс.;;Сдержанный;;;10;;;15.4;25.0;25.8;26.2;;;;;;;;
21;В;Lorenzo Bertozzi;€12,500 в год;€0 - €45тыс.;;Неамбициозный;;;5;;;46.2;56.6;58.3;59.0;;;;;;;;
19;З (ЛЦ);Darryl Carey;€28,000 в год;€0 - €45тыс.;;Достаточно амбициозный;;;6;;;21.0;32.2;33.0;33.7;;;;;;;;
21;П/АП (П), НП (Ц);Stuart Higginson;€28,000 в год;€0 - €45тыс.;;Неамбициозный;;;10;;;15.6;27.9;28.7;29.0;;;;;;;;
16;П/АП (Ц);Lucien Renard;€8,750 в год;€0 - €45тыс.;;Неамбициозный;;;11;;;19.4;31.8;32.6;33.4;;;;;;;;
20;АП (П), НП (Ц);Luke Hume;€32,000 в год;€0 - €45тыс.;;Наемник;;;11;;;16.8;27.8;28.6;29.7;;;;;;;;
20;П (Ц), АП (Л), НП (Ц);Matt Christie;€26,500 в год;€0 - €45тыс.;;Профессионал;;;6;;;15.4;27.8;28.5;30.0;;;;;;;;
16;НП (Ц);Paul Bryant;€8,750 в год;€0 - €45тыс.;;Неамбициозный;;;7;;;16.7;29.8;31.0;31.4;;;;;;;;
15;З (ЛЦ);Graham Jones;€8,750 в год;€0 - €45тыс.;;Достаточно профессионален;;;3;;;16.7;25.1;25.8;26.1;;;;;;;;
16;В;Harry Doherty-Daws;€8,750 в год;€0 - €45тыс.;;Достаточно профессионален;;;4;;;42.9;50.7;51.8;52.5;;;;;;;;
19;П (Ц), АП (ПЛ), НП (Ц);Sarjo Sawaneh;€18,500 в год;€0 - €45тыс.;;Нерешительный;;;12;;;13.0;21.5;22.0;23.1;;;;;;;;
21;З (ПЛ);Fikret Korkut;€17,500 в год;€0 - €45тыс.;;Достаточно профессионален;;;7;;;19.6;30.5;31.5;31.8;;;;;;;;
20;АП (ПЛ), НП (Ц);Mark Hubbard;€22,000 в год;€0 - €45тыс.;;Неамбициозный;;;7;;;14.2;24.9;25.6;26.8;;;;;;;;
16;З (П);Damon Ferguson;€8,750 в год;€0 - €45тыс.;;Достаточно амбициозный;;;4;;;18.8;29.3;30.2;30.6;;;;;;;;
17;НП (Ц);Bradley Unsworth;€8,750 в год;€0 - €45тыс.;;Нерешительный;;;9;;;18.6;31.8;32.8;33.2;;;;;;;;
19;П/АП (Л), НП (Ц);Andrew McCreadie;€11,750 в год;€0 - €45тыс.;;Достаточно дисциплинированный;;;9;;;14.9;26.0;26.6;27.4;;;;;;;;
17;З (Ц);Jorge Pereira;€8,750 в год;€0 - €45тыс.;;Профессионал;;;5;;;19.8;30.6;31.5;32.6;;;;;;;;
20;НП (Ц);Pedro Delaney;€10,500 в год;€0 - €45тыс.;;Неамбициозный;;;9;;;17.2;30.6;31.6;32.7;;;;;;;;
16;В;Chris Hasani;€8,750 в год;€0 - €45тыс.;;Неамбициозный;;;5;;;41.4;50.1;51.8;52.5;;;;;;;;
19;П/АП (П), НП (Ц);George Sawyer;€21,000 в год;€0 - €50тыс.;;Амбициозный;;;7;;;14.9;26.2;27.1;27.9;;;;;;;;
19;З (Ц);Cole Davis;€14,250 в год;€0 - €50тыс.;;Сдержанный;;;7;;;18.1;30.2;31.1;31.8;;;;;;;;
18;З (ЛЦ);Adam Bradley;€13,000 в год;€0 - €50тыс.;;Достаточно дисциплинированный;;;8;;;19.4;27.9;28.4;29.2;;;;;;;;
16;АП (Ц);George Mutyaba;€8,750 в год;€0 - €50тыс.;;Неамбициозный;;;10;;;15.4;27.7;28.6;29.4;;;;;;;;
20;ОП, П (ЛЦ);John Henry;€19,750 в год;€0 - €50тыс.;;Нерешительный;;;11;;;18.4;31.4;32.3;32.6;;;;;;;;
16;З (Ц), ОП, П (Ц);Kristian Critchley;€8,750 в год;€0 - €50тыс.;;Неамбициозный;;;11;;;16.3;25.8;26.4;27.6;;;;;;;;
20;З (ПЦ), КЗ (П);Kieron Linton;€31,000 в год;€0 - €50тыс.;;Сдержанный;;;7;;;22.0;33.6;34.4;35.1;;;;;;;;
18;АП (Л);Adam Evans;€8,750 в год;€0 - €50тыс.;;Сдержанный;;;9;;;17.3;30.6;31.4;32.2;;;;;;;;
17;П (Ц), АП (ПЦ);Nathan Emmanuel;€10,750 в год;€0 - €50тыс.;;Ненадежный;;;11;;;16.4;29.3;30.3;30.7;;;;;;;;
16;З (П), КЗ (Л);John Parker;€8,750 в год;€0 - €50тыс.;;Неамбициозный;;;6;;;18.7;30.4;31.4;32.1;;;;;;;;
20;З (Ц), ОП, П (Ц);Luke Browne;€23,000 в год;€0 - €50тыс.;;Достаточно настойчивый;;;12;;;18.9;33.4;34.4;35.2;;;;;;;;
17;В;Ekene Erimuya;€8,750 в год;€0 - €50тыс.;;Неамбициозный;;;7;;;39.4;45.8;47.1;47.9;;;;;;;;
20;П/АП (Ц), НП (Ц);Luke Sills;€27,500 в год;€0 - €50тыс.;;Сдержанный;;;12;;;18.2;33.8;34.9;35.2;;;;;;;;
16;З (Ц);Wayne Goodridge;€8,750 в год;€0 - €50тыс.;;Низкая самооценка;;;7;;;18.3;29.5;30.6;31.0;;;;;;;;
17;В;Billy Burgin;€8,750 в год;€0 - €50тыс.;;Сдержанный;;;4;;;42.8;52.5;54.8;55.9;;;;;;;;
20;З (ПЦ);David Asamoah;€16,750 в год;€0 - €50тыс.;;Сдержанный;;;5;;;16.8;26.0;26.7;27.8;;;;;;;;
18;АП (П), НП (Ц);Solomon Oduro;€8,750 в год;€0 - €55тыс.;;Достаточно профессионален;;;8;;;16.0;27.1;27.7;28.0;;;;;;;;
16;З/П (Ц);Jack Evans;€8,750 в год;€0 - €55тыс.;;Нерешительный;;;10;;;20.3;34.2;35.2;35.9;;;;;;;;
18;ОП, П (ПЦ), АП (Ц);Ricardo Lashley;€6,500 в год;€0 - €55тыс.;;Достаточно амбициозный;;;7;;;14.2;28.0;29.1;29.4;;;;;;;;
16;П/АП (П), НП (Ц);Răzvan Savu;€8,750 в год;€0 - €55тыс.;;Темпераментный;;;8;;;16.8;30.6;31.4;32.2;;;;;;;;
19;АП (ЛЦ), НП (Ц);Tom Fishwick;€29,000 в год;€0 - €55тыс.;;Нерешительный;;;8;;;14.3;27.7;28.9;30.0;;;;;;;;
15;З/П (Ц);Alistair Hickling;€8,750 в год;€0 - €55тыс.;;Неамбициозный;;;6;;;17.4;29.9;31.0;32.1;;;;;;;;
19;З (Ц), КЗ (П), ОП, П (ЛЦ);Andris Freimanis;€14,250 в год;€0 - €55тыс.;;Тверд в решениях;;;10;;;17.8;28.2;28.8;30.0;;;;;;;;
19;З (Л);Eoin Doyle;€20,500 в год;€0 - €55тыс.;;Неамбициозный;;;8;;;20.8;34.4;35.4;36.6;;;;;;;;
20;З (ПЦ), ОП, П (Ц);Luke Jackson;€16,250 в год;€0 - €55тыс.;;Нерешительный;;;3;;;19.2;29.6;30.3;30.6;;;;;;;;
18;З/П (Ц);Tony Stuart;€19,000 в год;€0 - €55тыс.;;Достаточно настойчивый;;;12;;;20.8;36.8;37.9;38.6;;;;;;;;
17;З (ПЦ), ОП;Kian Taylor;€8,750 в год;€0 - €55тыс.;;Сдержанный;;;7;;;19.3;28.5;29.2;29.9;;;;;;;;
17;П/АП (ЛЦ);Alex Osei;€13,500 в год;€0 - €55тыс.;;Достаточно амбициозный;;;8;;;19.7;32.6;33.5;34.2;;;;;;;;
20;П/АП (Л), НП (Ц);Jobe Wilson;€54,000 в год;€0 - €55тыс.;;Неамбициозный;;;9;;;16.0;29.2;30.2;30.6;;;;;;;;
20;П/АП (Ц), НП (Ц);Glyn Pearce;€22,500 в год;€0 - €55тыс.;;Легкомысленный;;;14;;;18.0;31.9;33.0;34.5;;;;;;;;
19;З (Ц), ОП, П/АП (Ц);Rob Clayton;€26,500 в год;€0 - €55тыс.;;Достаточно амбициозный;;;11;;;17.6;32.0;33.0;34.5;;;;;;;;
17;З (Ц), ОП, П (Ц);Fabio Olukanmi;€8,750 в год;€0 - €60тыс.;;Неамбициозный;;;5;;;19.8;30.4;31.3;32.4;;;;;;;;
17;З (Ц), ОП;Jonathan Murray;€8,750 в год;€0 - €60тыс.;;Достаточно профессионален;;;6;;;17.4;29.8;30.7;31.8;;;;;;;;
17;П (Ц), АП (ПЦ), НП (Ц);Andre Edwards;€8,750 в год;€0 - €60тыс.;;Ненадежный;;;14;;;15.6;26.8;27.7;28.1;;;;;;;;
17;НП (Ц);Matthew White;€8,750 в год;€0 - €60тыс.;;Напористый;;;9;;;19.3;34.2;35.2;36.0;;;;;;;;
15;АП (ЛЦ), НП (Ц);Leighton Milby;€8,750 в год;€0 - €60тыс.;;Нерешительный;;;8;;;14.0;25.3;26.1;26.5;;;;;;;;
16;В;Krzysztof Stefaniak;€8,750 в год;€0 - €60тыс.;;Легкомысленный;;;1;;;41.4;49.2;50.6;50.9;;;;;;;;
16;НП (Ц);Andrew Gritt;€8,750 в год;€0 - €60тыс.;;Неамбициозный;;;11;;;17.9;31.1;32.1;32.8;;;;;;;;
20;П/АП (П);Phil Terry;€19,000 в год;€0 - €60тыс.;;Реалист;;;10;;;16.0;26.8;27.8;29.0;;;;;;;;
20;З (ПЦ), КЗ (П);Andy Barratt;€26,000 в год;€0 - €60тыс.;;Сдержанный;;;10;;;21.2;31.6;32.5;33.2;;;;;;;;
16;З (Ц);Mick Dennis;€8,750 в год;€0 - €60тыс.;;Неамбициозный;;;4;;;15.5;23.9;24.6;25.0;;;;;;;;
18;З (ПЛ);Dan Cummins;€8,750 в год;€0 - €60тыс.;;Неамбициозный;;;5;;;18.6;29.7;30.4;31.2;;;;;;;;
19;З (ЛЦ), КЗ (Л), ОП, П (Ц);Ben Cass;€13,250 в год;€0 - €60тыс.;;Неамбициозный;;;8;;;17.6;30.1;31.2;32.4;;;;;;;;
15;В;Callum Goodchild;€8,750 в год;€0 - €60тыс.;;Достаточно дисциплинированный;;;4;;;46.6;57.3;59.2;61.8;;;;;;;;
21;П/АП (Л);Joe Edridge;€29,000 в год;€0 - €60тыс.;;Неамбициозный;;;12;;;16.1;29.4;30.2;31.3;;;;;;;;
17;З (Ц);Jamie Nelson;€8,750 в год;€0 - €65тыс.;;Неамбициозный;;;6;;;18.6;29.2;30.1;31.2;;;;;;;;
16;КЗ (П), П (Ц), АП (ЛЦ);Aaron Neill;€8,750 в год;€0 - €65тыс.;;Достаточно профессионален;;;7;;;22.1;31.7;32.4;33.2;;;;;;;;
17;З (ЛЦ);Bo Eriksen;€8,750 в год;€0 - €65тыс.;;Достаточно дисциплинированный;;;7;;;18.5;28.4;29.1;29.5;;;;;;;;
17;АП (Л), НП (Ц);Harrison Lay;€8,750 в год;€0 - €65тыс.;;Ненадежный;;;9;;;14.6;26.6;27.4;27.8;;;;;;;;
21;З/П/АП (Л);Stuart Wayne;€23,000 в год;€0 - €65тыс.;;Легкомысленный;;;9;;;16.7;26.7;27.4;27.8;;;;;;;;
18;З (ПЛЦ), КЗ (П);Kostas Damianou;€24,500 в год;€0 - €65тыс.;;Легкомысленный;;;9;;;20.2;30.9;31.8;32.5;;;;;;;;
15;З (ПЛЦ);Mark Swain;€8,750 в год;€0 - €65тыс.;;Сдержанный;;;6;;;20.2;30.0;30.6;31.7;;;;;;;;
18;З (ПЦ);Kain Warner;€8,750 в год;€0 - €65тыс.;;Легкомысленный;;;9;;;21.6;31.8;32.5;33.6;;;;;;;;
15;В;Clive Hunter;€8,750 в год;€0 - €65тыс.;;Нерешительный;;;5;;;37.6;46.4;47.6;48.4;;;;;;;;
20;АП (П), НП (Ц);Kurt Stenner;€43,500 в год;€0 - €65тыс.;;Неамбициозный;;;10;;;16.8;30.2;31.4;32.1;;;;;;;;
16;АП (ПЛЦ), НП (Ц);Craig Pemberton;€8,750 в год;€0 - €65тыс.;;Легкомысленный;;;10;;;15.3;27.1;27.9;29.4;;;;;;;;
17;НП (Ц);Isaac Diallo;€8,750 в год;€0 - €65тыс.;;Сдержанный;;;12;;;17.5;30.3;31.5;32.2;;;;;;;;
16;АП (Ц);Tom Brice;€8,750 в год;€0 - €65тыс.;;Неамбициозный;;;10;;;18.0;32.1;32.9;34.4;;;;;;;;
16;ОП, П (Ц);Pete Andrew;€8,750 в год;€0 - €70тыс.;;Профессионал;;;10;;;17.9;30.9;31.9;32.6;;;;;;;;
16;З (П);Ifeanyi Amoo;€8,750 в год;€0 - €70тыс.;;Сдержанный;;;12;;;18.2;29.2;30.0;30.4;;;;;;;;
20;КЗ (П), П (ЛЦ), АП (Ц);Will Burridge;€25,000 в год;€0 - €70тыс.;;Неамбициозный;;;8;;;18.7;29.0;29.6;30.0;;;;;;;;
15;З (ПЦ);Mikey Drake;€8,750 в год;€0 - €70тыс.;;Ненадежный;;;10;;;17.7;26.9;27.4;27.8;;;;;;;;
19;АП (П), НП (Ц);Francesco Berti;€51,000 в год;€0 - €70тыс.;;Сдержанный;;;5;;;17.2;27.2;28.1;28.8;;;;;;;;
17;П/АП (Л);Lloyd Lake;€8,750 в год;€0 - €70тыс.;;Нерешительный;;;10;;;16.3;28.5;29.2;30.0;;;;;;;;
17;З (ПЦ);Reco Jellyman;€8,750 в год;€0 - €70тыс.;;Сдержанный;;;6;;;18.9;29.8;30.4;31.1;;;;;;;;
16;П/АП (Ц);Abdul Kargbo;€8,750 в год;€0 - €75тыс.;;Нерешительный;;;12;;;16.2;27.1;27.8;28.6;;;;;;;;
19;З (ЛЦ);Arron Moore;€23,500 в год;€0 - €75тыс.;;Достаточно лояльный;;;6;;;20.2;27.4;27.9;29.0;;;;;;;;
16;З (ПЛЦ);Gary Kennedy;€8,750 в год;€0 - €75тыс.;;Достаточно настойчивый;;;9;;;18.2;28.1;28.8;29.5;;;;;;;;
21;З (ПЦ);Ethan Marks;€21,500 в год;€0 - €75тыс.;;Достаточно настойчивый;;;8;;;20.2;30.1;30.7;31.1;;;;;;;;
20;З/КЗ/АП (Л);Cyrille Gillet;€8,500 в год;€0 - €75тыс.;;Нерешительный;;;12;;;16.1;25.4;25.8;26.6;;;;;;;;
16;З (Ц);Ieuan Nevitt;€8,750 в год;€0 - €75тыс.;;Легкомысленный;;;7;;;19.7;30.4;31.4;31.7;;;;;;;;
18;З (Ц);Charles Nasir;€24,500 в год;€0 - €80тыс.;;Неамбициозный;;;9;;;15.2;24.8;25.7;26.8;;;;;;;;
18;П (Ц), АП (П);Darren McIlroy;€8,750 в год;€0 - €80тыс.;;Профессионал;;;11;;;17.7;31.2;32.2;32.9;;;;;;;;
16;НП (Ц);Cian Stevens;€8,750 в год;€0 - €80тыс.;;Тверд в решениях;;;9;;;17.0;29.5;30.4;30.8;;;;;;;;
21;З (ЛЦ);Michael Edkins;€20,500 в год;€0 - €80тыс.;;Профессионал;;;4;;;21.8;32.2;32.8;33.6;;;;;;;;
17;З (П);Ollie Main;€8,750 в год;€0 - €80тыс.;;Жизнерадостный;;;6;;;18.1;27.2;28.0;29.1;;;;;;;;
21;АП (ПЦ), НП (Ц);Nathan Bartlett;€25,500 в год;€0 - €80тыс.;;Нерешительный;;;12;;;15.3;29.2;30.1;30.5;;;;;;;;
21;НП (Ц);Daniel Williams;€15,500 в год;€0 - €80тыс.;;Неамбициозный;;;10;;;13.5;20.7;21.5;22.6;;;;;;;;
20;КЗ (П), П (ПЦ), АП (П), НП (Ц);Remi Penswick;€31,500 в год;€0 - €85тыс.;;Темпераментный;;;10;;;14.2;26.5;27.5;28.2;;;;;;;;
20;В;Lee Davies;€11,000 в год;€0 - €85тыс.;;Неамбициозный;;;6;;;42.3;49.8;51.4;52.1;;;;;;;;
18;АП (П), НП (Ц);Joe Davies;€44,000 в год;€0 - €85тыс.;;Сдержанный;;;8;;;15.3;27.3;28.0;28.8;;;;;;;;
20;З/КЗ (П);Kabiru Muhammed;€33,000 в год;€0 - €85тыс.;;Неамбициозный;;;7;;;20.4;30.7;31.5;32.3;;;;;;;;
16;ОП, П (Ц);Alex Marriott;€8,750 в год;€0 - €85тыс.;;Тверд в решениях;;;11;;;15.4;25.1;25.8;26.2;;;;;;;;
18;П/АП (Ц);Sam Fellows;€15,250 в год;€0 - €85тыс.;;Реалист;;;13;;;19.8;32.1;33.0;34.1;;;;;;;;
20;З (ПЦ);Daren Peters;€27,000 в год;€0 - €85тыс.;;Сдержанный;;;9;;;18.8;28.6;29.3;30.1;;;;;;;;
17;П/АП (Ц);Charlie Ramsay;€8,750 в год;€0 - €85тыс.;;Достаточно настойчивый;;;12;;;15.6;32.5;33.6;35.1;;;;;;;;
21;П (Ц), АП (ПЦ);Thomas Djonkep;€12,500 в год;€0 - €90тыс.;;Непостоянный;;;8;;;20.9;32.5;33.5;34.6;;;;;;;;
21;В;Musa Janneh;€19,500 в год;€0 - €90тыс.;;Ненадежный;;;1;;;46.1;53.6;55.9;58.5;;;;;;;;
15;З (Ц), ОП, П (Ц);Samudeen Yahaya;€8,750 в год;€0 - €95тыс.;;Сдержанный;;;6;;;16.4;25.8;26.6;28.1;;;;;;;;
20;АП (ПЛЦ), НП (Ц);Godfrey Ajuru;€35,500 в год;€0 - €95тыс.;;Сдержанный;;;16;;;19.0;33.8;34.8;35.9;;;;;;;;
16;З (ПЦ);Ian Singleton;€8,750 в год;€0 - €95тыс.;;Лояльный;;;10;;;15.7;24.6;25.3;26.4;;;;;;;;
17;НП (Ц);Jonathan Payet;€8,750 в год;€0 - €100тыс.;;Достаточно профессионален;;;10;;;16.2;29.0;30.1;30.9;;;;;;;;
15;В;Richard Gregoire;€8,750 в год;€0 - €120тыс.;;Напористый;;;12;;;41.9;52.7;54.1;56.3;;;;;;;;
21;АП (П), НП (Ц);Jordan Sumner;€32,500 в год;€0 - €120тыс.;;Неамбициозный;;;13;;;18.4;31.2;32.2;32.5;;;;;;;;
18;АП (П), НП (Ц);Steve McEvoy;€8,750 в год;€0 - €120тыс.;;Неамбициозный;;;5;;;14.5;25.0;25.8;26.5;;;;;;;;
17;З (ЛЦ), КЗ (Л);Craig Henderson;€8,750 в год;€0 - €120тыс.;;Сдержанный;;;10;;;20.1;30.5;31.2;32.3;;;;;;;;
21;З (ПЦ), ОП;Alvin Perez;€6,750 в год;€0 - €120тыс.;;Низкая самооценка;;;5;;;19.3;28.0;28.7;29.5;;;;;;;;
17;З/П (Ц);John Edenborough;€8,750 в год;€500 - €2.5тыс.;;Неамбициозный;;;7;;;15.5;26.2;27.0;28.1;;;;;;;;
16;АП (П), НП (Ц);Keston John;€8,750 в год;€500 - €2.5тыс.;;Неамбициозный;;;10;;;12.9;21.0;21.7;22.0;;;;;;;;
17;П (Ц);Louie Herd;€8,750 в год;€500 - €2.5тыс.;;Темпераментный;;;7;;;17.9;31.9;33.0;34.1;;;;;;;;
17;З (Ц);Steve Smalley;€8,750 в год;€500 - €2.5тыс.;;Непостоянный;;;8;;;18.1;25.2;25.8;26.2;;;;;;;;
16;В;Frankie MacPherson;€8,750 в год;€500 - €2.5тыс.;;Сдержанный;;;4;;;36.1;41.0;42.0;42.4;;;;;;;;
16;П/АП (Ц);Jake Emlyn;€8,750 в год;€500 - €2.5тыс.;;Нерешительный;;;12;;;16.2;26.6;27.3;28.4;;;;;;;;
16;П (ПЦ), АП (Ц);Matthew Greaves;€8,750 в год;€500 - €2.5тыс.;;Неамбициозный;;;8;;;11.7;23.2;23.8;25.0;;;;;;;;
16;З (П);Mark Fenton;€8,750 в год;€500 - €2.5тыс.;;Неамбициозный;;;6;;;19.6;30.4;31.3;31.7;;;;;;;;
17;З (Ц);Danny Williams;€8,750 в год;€500 - €2.5тыс.;;Неамбициозный;;;3;;;16.3;26.0;26.8;27.2;;;;;;;;
18;З (ПЦ), ОП;Paul Law;€6,000 в год;€500 - €2.5тыс.;;Ненадежный;;;5;;;17.6;26.3;27.1;28.2;;;;;;;;
19;З (ПЦ);Kyle Rowe;€17,500 в год;€500 - €2.5тыс.;;Неамбициозный;;;6;;;16.8;26.1;27.0;27.8;;;;;;;;
17;НП (Ц);Matthew Caruana;€8,750 в год;€500 - €2.5тыс.;;Неамбициозный;;;10;;;10.2;19.0;20.1;21.2;;;;;;;;
16;ОП, П/АП (Ц);Paul Scully;€8,750 в год;€500 - €2.5тыс.;;Неамбициозный;;;7;;;16.5;26.3;26.8;27.6;;;;;;;;
15;АП (ПЛЦ), НП (Ц);Adam Beeney;€8,750 в год;€500 - €2.5тыс.;;Неамбициозный;;;5;;;14.4;24.8;25.5;26.6;;;;;;;;
19;ОП, П (ЛЦ);Luther Swaby;€6,750 в год;€500 - €2.5тыс.;;Достаточно профессионален;;;6;;;19.1;29.2;30.0;30.4;;;;;;;;
15;З (Ц);Lawson Mew;€8,750 в год;€500 - €2.5тыс.;;Легкомысленный;;;7;;;16.1;25.2;25.8;27.3;;;;;;;;
17;З (Ц);Martin Chevalier;€8,750 в год;€500 - €2.5тыс.;;Низкая самооценка;;;5;;;17.2;26.4;27.2;28.0;;;;;;;;
17;НП (Ц);Abdoul Niyongabo;€8,750 в год;€500 - €2.5тыс.;;Достаточно профессионален;;;8;;;14.1;22.2;22.8;23.6;;;;;;;;
17;З (Ц);Simon Emery;€8,750 в год;€500 - €2.5тыс.;;Сдержанный;;;9;;;15.3;25.8;26.5;27.6;;;;;;;;
17;З (Ц);Ed Tomlinson;€8,750 в год;€500 - €2.5тыс.;;Ленивый;;;5;;;18.3;26.7;27.3;27.7;;;;;;;;
20;З (Ц);Nick Scott;€6,750 в год;€500 - €2.5тыс.;;Нерешительный;;;5;;;18.7;29.4;30.3;31.0;;;;;;;;
15;В;Dan Harrison;€8,750 в год;€500 - €2.5тыс.;;Неамбициозный;;;2;;;37.4;44.4;45.9;46.6;;;;;;;;
17;ОП, П (ПЦ), АП (Ц);Aston Bartholomew;€8,750 в год;€500 - €2.5тыс.;;Сдержанный;;;9;;;16.2;27.0;27.8;29.0;;;;;;;;
17;З (ПЦ);Mike Francis;€8,750 в год;€500 - €2.5тыс.;;Достаточно настойчивый;;;4;;;19.1;27.5;28.0;28.4;;;;;;;;
16;ОП, П (Ц);Thierry Menga;€8,750 в год;€500 - €2.5тыс.;;Неамбициозный;;;8;;;19.2;28.5;29.1;30.2;;;;;;;;
16;В;Odel Hinds;€8,750 в год;€500 - €2.5тыс.;;Сдержанный;;;4;;;35.6;42.6;44.6;45.3;;;;;;;;
17;В;Harvey Reilly;€8,750 в год;€500 - €2.5тыс.;;Сдержанный;;;2;;;37.6;45.6;47.6;54.7;;;;;;;;
17;П (ЛЦ), АП (Л);Oliver Cornwell;€8,750 в год;€500 - €2.5тыс.;;Достаточно настойчивый;;;7;;;14.8;25.8;26.5;27.2;;;;;;;;
16;П/АП (П), НП (Ц);Leighton Renshaw;€300 в год;€500 - €2.5тыс.;;Неамбициозный;;;7;;;15.0;26.3;27.0;28.2;;;;;;;;
15;ОП;Jordan Makin;€8,750 в год;€500 - €2.5тыс.;;Тверд в решениях;;;8;;;20.3;29.1;29.8;30.9;;;;;;;;
16;З (Ц);Ashley Cheedy;€8,750 в год;€500 - €2.5тыс.;;Неамбициозный;;;5;;;16.6;25.0;25.8;27.3;;;;;;;;
17;НП (Ц);Wes Bailey;€8,750 в год;€500 - €2.5тыс.;;Достаточно профессионален;;;8;;;15.9;28.2;29.1;29.5;;;;;;;;
16;НП (Ц);Ahmed Ewaisat;€8,750 в год;€500 - €2.5тыс.;;Неамбициозный;;;4;;;14.1;24.9;26.2;26.5;;;;;;;;
17;З (Ц);Dylan Wilkinson;€8,750 в год;€500 - €2.5тыс.;;Нерешительный;;;10;;;16.6;25.3;26.1;27.6;;;;;;;;
16;З (П);Marcel Crosby;€8,750 в год;€500 - €2.5тыс.;;Сдержанный;;;4;;;15.6;23.9;24.8;25.9;;;;;;;;
16;АП (П), НП (Ц);Keith McLoughlin;€8,750 в год;€500 - €2.5тыс.;;Сдержанный;;;6;;;14.2;24.4;25.1;25.9;;;;;;;;
16;З/КЗ (П);Ben Newton;€8,750 в год;€500 - €2.5тыс.;;Сдержанный;;;6;;;16.7;25.6;26.3;26.7;;;;;;;;
17;НП (Ц);Jordan Hall;€8,750 в год;€500 - €2.5тыс.;;Неамбициозный;;;8;;;15.2;25.1;26.0;26.7;;;;;;;;
16;В;Jac Edwards;€8,750 в год;€500 - €2.5тыс.;;Напористый;;;1;;;36.6;45.6;47.2;47.6;;;;;;;;
16;ОП, П (Ц);Jack Cuthbertson;€8,750 в год;€500 - €3тыс.;;Неамбициозный;;;10;;;17.0;27.5;28.7;29.1;;;;;;;;
15;З (Ц);Hayden Williams;€8,750 в год;€500 - €3тыс.;;Нерешительный;;;8;;;17.0;28.3;29.2;29.6;;;;;;;;
16;НП (Ц);Dwight Forrest;€8,750 в год;€500 - €3тыс.;;Сдержанный;;;8;;;15.8;26.6;27.4;28.1;;;;;;;;
16;ОП, П (ЛЦ);Niall Hodgkinson;€8,750 в год;€500 - €3тыс.;;Достаточно настойчивый;;;13;;;18.6;26.6;27.1;28.2;;;;;;;;
17;П (Л), АП (ПЛ), НП (Ц);Wayne Blake;€6,750 в год;€500 - €3тыс.;;Сдержанный;;;8;;;10.9;21.7;22.4;22.8;;;;;;;;
16;В;Ezekiel Okorie;€8,750 в год;€500 - €3тыс.;;Сдержанный;;;8;;;46.4;54.4;56.2;57.0;;;;;;;;
19;П (ПЦ), АП (П), НП (Ц);Ian Kenworthy;€14,000 в год;€500 - €3тыс.;;Достаточно профессионален;;;4;;;13.5;22.4;23.1;23.5;;;;;;;;
16;З (ПЦ), ОП;Steven Poole;€3,300 в год;€500 - €3тыс.;;Достаточно профессионален;;;7;;;15.3;25.4;26.3;26.7;;;;;;;;
16;АП (П), НП (Ц);Adam Haley;€8,750 в год;€500 - €3тыс.;;Сдержанный;;;8;;;14.0;25.3;26.2;27.3;;;;;;;;
16;НП (Ц);Curtley Gooda;€8,750 в год;€500 - €3тыс.;;Сдержанный;;;9;;;14.3;25.5;26.4;27.5;;;;;;;;
18;З (Ц);Shane Allman;€8,750 в год;€500 - €3тыс.;;Неамбициозный;;;7;;;17.8;26.0;26.7;27.0;;;;;;;;
17;АП (П), НП (Ц);Noah Addy;€8,750 в год;€500 - €3тыс.;;Неамбициозный;;;7;;;12.7;21.6;22.3;23.0;;;;;;;;
16;АП (ПЛЦ);Nicholas Deeney;€8,750 в год;€500 - €3тыс.;;Неамбициозный;;;8;;;17.2;26.2;26.9;28.0;;;;;;;;
16;П/АП (П);Terry Nicholls;€8,750 в год;€500 - €3тыс.;;Неамбициозный;;;7;;;13.2;24.8;25.4;26.9;;;;;;;;
16;З (Ц);Emmanuel South;€8,750 в год;€500 - €3тыс.;;Сдержанный;;;5;;;15.0;23.2;23.8;24.9;;;;;;;;
17;П/АП (ПЦ);Anthony Austin;€8,750 в год;€500 - €3тыс.;;Энергичный;;;10;;;15.7;26.4;27.0;27.4;;;;;;;;
16;ОП, П (Ц);Tom Richardson;€8,750 в год;€500 - €3тыс.;;Энергичный;;;9;;;17.5;32.1;33.0;34.1;;;;;;;;
15;З (ЛЦ);Steve Fitzpatrick;€8,750 в год;€500 - €3тыс.;;Достаточно профессионален;;;6;;;17.6;25.2;25.6;26.7;;;;;;;;
18;З (ЛЦ);Gonçalo Correia;€8,750 в год;€500 - €3тыс.;;Достаточно настойчивый;;;5;;;17.0;25.7;26.5;26.8;;;;;;;;
16;НП (Ц);Lee Tyson;€8,750 в год;€500 - €3тыс.;;Сдержанный;;;10;;;14.5;26.5;27.5;27.9;;;;;;;;
18;З (Ц), ОП;Ash Doherty;€6,750 в год;€500 - €3тыс.;;Сдержанный;;;13;;;15.2;28.2;29.6;29.9;;;;;;;;
17;В;George Humphreys;€8,750 в год;€500 - €3тыс.;;Нерешительный;;;4;;;41.1;48.7;50.4;52.3;;;;;;;;
19;З (ПЦ);Shaun Gallagher;€19,500 в год;€500 - €3тыс.;;Непостоянный;;;4;;;17.8;26.7;27.4;28.1;;;;;;;;
17;П (Ц);Ewan Gilchrist;€8,750 в год;€500 - €3тыс.;;Непостоянный;;;9;;;14.5;29.7;30.4;31.5;;;;;;;;
21;В;Aston Sullivan;€13,500 в год;€500 - €3тыс.;;Неамбициозный;;;4;;;37.4;46.5;48.6;49.3;;;;;;;;
18;З (ПЦ), ОП, П (Ц);Craig Robinson;€7,000 в год;€500 - €3тыс.;;Профессионал;;;6;;;18.1;28.2;29.2;29.6;;;;;;;;
16;П/АП (Ц), НП (Ц);Charlie Andrews;€8,750 в год;€500 - €3тыс.;;Достаточно лояльный;;;9;;;16.2;27.8;28.8;29.6;;;;;;;;
17;П/АП (П), НП (Ц);Kevin Bowen-O'Hare;€8,750 в год;€500 - €3тыс.;;Темпераментный;;;8;;;12.6;21.4;22.1;22.4;;;;;;;;
17;З (Ц);Manny Spink;€8,750 в год;€500 - €3тыс.;;Неамбициозный;;;7;;;15.8;23.8;24.5;25.2;;;;;;;;
17;АП (Л);Guto Mason;€8,750 в год;€500 - €3тыс.;;Неамбициозный;;;9;;;14.2;24.4;25.2;26.3;;;;;;;;
16;З (Ц);Jamie Morley;€8,750 в год;€500 - €3тыс.;;Нерешительный;;;5;;;16.9;26.9;27.9;29.0;;;;;;;;
18;П/АП (Ц), НП (Ц);Alex Patterson;€6,000 в год;€500 - €3тыс.;;Решительный;;;10;;;16.7;28.6;29.4;30.1;;;;;;;;
17;П/АП (Ц);Justin Brindley;€8,750 в год;€500 - €3тыс.;;Нерешительный;;;9;;;16.3;28.9;29.9;30.2;;;;;;;;
19;З (ЛЦ);Jim McGowan;€10,000 в год;€500 - €3тыс.;;Достаточно амбициозный;;;5;;;18.2;25.4;25.9;26.2;;;;;;;;
16;НП (Ц);Joel Jacobs;€8,750 в год;€500 - €3тыс.;;Неамбициозный;;;8;;;17.2;30.8;32.0;33.2;;;;;;;;
16;З (ЛЦ);Mark O'Connell;€8,750 в год;€500 - €3тыс.;;Сдержанный;;;10;;;19.8;28.9;29.8;30.2;;;;;;;;
16;З (Ц), ОП, П (Ц);Iain Brunt;€8,750 в год;€500 - €3тыс.;;Неамбициозный;;;6;;;16.6;27.2;27.8;28.6;;;;;;;;
17;КЗ/П (П);Brett Pryce;€8,750 в год;€500 - €3тыс.;;Нерешительный;;;6;;;16.2;27.9;28.8;29.9;;;;;;;;
16;НП (Ц);Johnny Woodward;€300 в год;€500 - €3тыс.;;Тверд в решениях;;;9;;;15.1;26.9;27.8;28.2;;;;;;;;
17;ОП, П (ЛЦ), АП (Ц);Babatunde Odita;€8,750 в год;€500 - €3тыс.;;Сдержанный;;;7;;;13.8;23.6;24.4;25.5;;;;;;;;
17;З (ПЛЦ);Marc Wood;€8,750 в год;€500 - €3тыс.;;Неамбициозный;;;5;;;16.6;26.2;26.8;27.9;;;;;;;;
17;З/КЗ (П);Tyrese Singleton;€8,750 в год;€500 - €3тыс.;;Нерешительный;;;5;;;15.8;24.5;25.1;25.8;;;;;;;;
17;П/АП (П);Lungile Mhlongo;€8,750 в год;€500 - €3тыс.;;Достаточно профессионален;;;8;;;14.0;24.0;24.8;25.6;;;;;;;;
17;АП (П), НП (Ц);Alex McCall;€8,750 в год;€500 - €3тыс.;;Неамбициозный;;;6;;;17.2;28.2;29.0;29.7;;;;;;;;
17;АП (П), НП (Ц);Greg Bell;€8,750 в год;€500 - €3.5тыс.;;Темпераментный;;;8;;;13.8;25.8;26.8;27.6;;;;;;;;
18;В;Qudus Bassey;€7,500 в год;€500 - €3.5тыс.;;Сдержанный;;;4;;;36.1;44.0;45.1;46.2;;;;;;;;
16;ОП, П (Ц);Simon Warrington;€8,750 в год;€500 - €3.5тыс.;;Неамбициозный;;;8;;;14.6;25.6;26.2;26.6;;;;;;;;
19;ОП, П (Ц);Alan Patterson;€8,500 в год;€500 - €3.5тыс.;;Сдержанный;;;8;;;18.4;31.8;32.6;33.7;;;;;;;;
17;З (Ц);Recep Arkadas;€8,750 в год;€500 - €3.5тыс.;;Достаточно настойчивый;;;7;;;18.0;27.8;28.4;29.6;;;;;;;;
18;П/АП (Ц);Lee Foley;€8,500 в год;€500 - €3.5тыс.;;Достаточно профессионален;;;8;;;17.0;32.4;33.4;34.5;;;;;;;;
20;З (ПЦ);Jeet Padaruth;€19,000 в год;€500 - €3.5тыс.;;Сдержанный;;;6;;;18.1;28.6;29.2;30.3;;;;;;;;
15;З (Л);Dennis Golden;€8,750 в год;€500 - €3.5тыс.;;Напористый;;;7;;;18.8;28.4;29.2;29.9;;;;;;;;
17;З (Ц), ОП, П (Ц);James Quinlan;€8,750 в год;€500 - €3.5тыс.;;Достаточно дисциплинированный;;;4;;;18.1;24.3;24.8;25.5;;;;;;;;
16;АП (Л);Sean Henning;€8,750 в год;€500 - €3.5тыс.;;Нерешительный;;;7;;;15.0;25.0;25.5;26.6;;;;;;;;
17;ОП;Marian Kral;€8,750 в год;€500 - €3.5тыс.;;Сдержанный;;;6;;;16.3;27.4;28.2;29.4;;;;;;;;
21;НП (Ц);Steven Howell;€6,250 в год;€500 - €3.5тыс.;;Достаточно настойчивый;;;9;;;13.2;24.2;25.2;26.3;;;;;;;;
17;З (ЛЦ);Hans Jørgensen;€8,750 в год;€500 - €3.5тыс.;;Сдержанный;;;8;;;19.2;29.9;30.9;32.0;;;;;;;;
19;З (ПЛ);Jamie Lennox;€13,500 в год;€500 - €4тыс.;;Неамбициозный;;;6;;;17.8;29.7;30.5;30.9;;;;;;;;
19;З (Ц);Dan Spencer;€9,500 в год;€500 - €4тыс.;;Тверд в решениях;;;5;;;17.1;25.5;26.1;27.2;;;;;;;;
16;АП (П), НП (Ц);Calum Selvey;€3,300 в год;€500 - €4тыс.;;Наемник;;;5;;;13.0;21.4;22.2;22.6;;;;;;;;
21;З (ПЛЦ), ОП, П (Ц);Ed Coulter;€13,500 в год;€500 - €4тыс.;;Сдержанный;;;4;;;17.7;25.5;26.0;26.4;;;;;;;;
21;В;Lloyd Blackwell;€16,750 в год;€500 - €4тыс.;;Достаточно амбициозный;;;1;;;44.2;52.4;54.1;57.5;;;;;;;;
16;АП (Ц), НП (Ц);Francisco Lopes;€8,750 в год;€500 - €4тыс.;;Достаточно профессионален;;;8;;;14.6;26.9;27.8;28.5;;;;;;;;
20;П (Л), АП (ПЛ), НП (Ц);Jack Gilmartin;€6,250 в год;€500 - €4тыс.;;Неамбициозный;;;6;;;15.8;26.0;26.7;27.8;;;;;;;;
20;П/АП (Ц);Glory Obinna;€12,000 в год;€500 - €4тыс.;;Наемник;;;12;;;15.4;28.2;28.7;29.0;;;;;;;;
20;З (ЛЦ);David Smith;€5,750 в год;€500 - €4тыс.;;Неамбициозный;;;5;;;19.5;27.1;27.8;29.3;;;;;;;;
18;З (ПЦ);Matthew Adamson;€8,750 в год;€500 - €4тыс.;;Нерешительный;;;11;;;14.5;25.3;26.3;27.8;;;;;;;;
19;В;Neil Wood;€11,250 в год;€500 - €4тыс.;;Темпераментный;;;5;;;40.9;52.0;53.9;54.2;;;;;;;;
18;НП (Ц);Frank Swinkels;€8,750 в год;€500 - €4тыс.;;Нерешительный;;;10;;;18.1;28.5;29.4;29.7;;;;;;;;
17;В;Mike Cahill;€8,750 в год;€500 - €4тыс.;;Сдержанный;;;1;;;39.8;48.7;50.7;51.4;;;;;;;;
17;З (ЛЦ);Emlyn Letheren;€8,750 в год;€500 - €4тыс.;;Общительный;;;5;;;15.4;22.7;23.3;24.4;;;;;;;;
16;АП (П);Shane Falase;€8,750 в год;€500 - €4.5тыс.;;Неамбициозный;;;7;;;13.8;25.2;25.9;26.3;;;;;;;;
21;З (ПЦ);Oakley Howse;€21,000 в год;€500 - €4.5тыс.;;Легкомысленный;;;6;;;17.7;29.4;30.0;30.4;;;;;;;;
17;З (Ц);Christoffer Lindberg;€8,750 в год;€500 - €4.5тыс.;;Легкомысленный;;;2;;;18.4;28.0;28.6;29.8;;;;;;;;
17;В;Warren Knight-Percival;€8,750 в год;€500 - €4.5тыс.;;Темпераментный;;;3;;;37.2;42.2;43.8;46.8;;;;;;;;
21;П/АП (Л), НП (Ц);Neil Walton;€8,750 в год;€500 - €4.5тыс.;;Достаточно дисциплинированный;;;8;;;18.4;28.1;28.7;29.1;;;;;;;;
16;З/КЗ (П);Christian Jones;€8,750 в год;€500 - €4.5тыс.;;Сдержанный;;;5;;;15.5;24.2;25.0;25.4;;;;;;;;
16;П (ПЛЦ);Stacey Willetts;€8,750 в год;€500 - €4.5тыс.;;Неамбициозный;;;8;;;17.9;29.5;30.0;31.5;;;;;;;;
17;П/АП (ПЦ);Cian Roberts;€8,750 в год;€500 - €4.5тыс.;;Сдержанный;;;8;;;15.8;29.4;30.7;31.1;;;;;;;;
21;П (Ц);Luke Rumble;€17,250 в год;€500 - €4.5тыс.;;Достаточно настойчивый;;;11;;;16.1;32.7;33.9;35.0;;;;;;;;
16;З (Ц);Mark Alcock;€8,750 в год;€500 - €4.5тыс.;;Достаточно дисциплинированный;;;6;;;18.5;27.8;28.6;28.9;;;;;;;;
17;В;Simone Galli;€8,750 в год;€500 - €4.5тыс.;;Достаточно амбициозный;;;2;;;40.5;46.2;47.6;48.3;;;;;;;;
21;З (ПЛЦ);Conor Cummings;€24,500 в год;€500 - €4.5тыс.;;Сдержанный;;;10;;;17.5;25.6;26.3;27.4;;;;;;;;
16;В;Cameron Ryan;€8,750 в год;€500 - €5тыс.;;Достаточно профессионален;;;2;;;38.0;43.9;45.1;50.4;;;;;;;;
20;П/АП (Ц);Liam Charlesworth;€11,000 в год;€500 - €5тыс.;;Достаточно профессионален;;;8;;;15.4;27.8;28.8;29.9;;;;;;;;
18;П (Ц), АП (ПЛ), НП (Ц);Bernard Osawe;€6,250 в год;€500 - €5тыс.;;Темпераментный;;;11;;;16.0;25.7;26.5;26.9;;;;;;;;
19;З (ПЦ);Callum Connolly;€23,000 в год;€500 - €5тыс.;;Достаточно настойчивый;;;9;;;21.5;32.4;33.1;34.2;;;;;;;;
21;П/АП (ПЦ);Carl Atherton;€15,500 в год;€500 - €5тыс.;;Достаточно амбициозный;;;7;;;16.9;27.8;28.3;29.4;;;;;;;;
21;КЗ (Л), П (ЛЦ), АП (Л);Layton Back;€13,000 в год;€500 - €5тыс.;;Сдержанный;;;13;;;14.3;24.8;25.4;25.8;;;;;;;;
19;В;Neil Merritt;€10,000 в год;€500 - €5тыс.;;Тверд в решениях;;;6;;;42.0;51.0;53.1;53.9;;;;;;;;
19;ОП, П (ЛЦ), АП (Л);Jimmy McMillan;€30,500 в год;€500 - €5тыс.;;Ненадежный;;;8;;;14.6;29.5;30.6;31.7;;;;;;;;
18;В;Kenny Bowditch;€8,750 в год;€500 - €5тыс.;;Достаточно амбициозный;;;3;;;41.5;46.7;47.6;48.4;;;;;;;;
17;П (Ц);Keiran Sarson;€8,750 в год;€500 - €5тыс.;;Амбициозный;;;7;;;16.6;30.3;30.9;31.3;;;;;;;;
21;З (ПЛ), КЗ (Л), ОП, П (Ц);Sam Jackson;€17,750 в год;€500 - €5тыс.;;Напористый;;;4;;;17.6;26.4;26.8;27.2;;;;;;;;
19;КЗ/П/АП (Л);Wayne Yule;€9,750 в год;€500 - €5тыс.;;Сдержанный;;;9;;;17.6;29.8;30.8;31.9;;;;;;;;
17;В;Tyler Winton;€8,750 в год;€500 - €5тыс.;;Тверд в решениях;;;1;;;40.8;46.1;47.8;48.5;;;;;;;;
17;З (ПЦ), П (Ц);Bobby Ferrell;€8,750 в год;€500 - €5тыс.;;Неамбициозный;;;6;;;18.2;27.7;28.6;29.7;;;;;;;;
17;НП (Ц);Ross McAvoy;€8,750 в год;€500 - €6тыс.;;Сдержанный;;;7;;;16.0;28.7;29.7;30.1;;;;;;;;
21;З (Ц), ОП, П (Ц);Devonte Greenacre;€19,750 в год;€500 - €6тыс.;;Легкомысленный;;;6;;;18.1;26.4;27.0;27.8;;;;;;;;
16;З (Ц), ОП;Gareth Matthews;€8,750 в год;€500 - €6тыс.;;Легкомысленный;;;7;;;17.5;27.2;28.1;29.6;;;;;;;;
18;З (ЛЦ);Oran McNulty;€7,750 в год;€500 - €6тыс.;;Сдержанный;;;3;;;17.5;27.1;28.0;28.4;;;;;;;;
21;ОП, П/АП (Ц);Tom Pegg;€14,500 в год;€500 - €6тыс.;;Неамбициозный;;;10;;;14.0;25.7;26.6;27.0;;;;;;;;
16;З/КЗ (П);Tyler Haig;€8,750 в год;€500 - €6тыс.;;Достаточно настойчивый;;;7;;;17.2;26.4;26.9;27.6;;;;;;;;
20;З (Л), П/АП (Ц);Jon Cargill;€20,500 в год;€500 - €6тыс.;;Сдержанный;;;9;;;17.2;30.2;31.2;32.7;;;;;;;;
16;В;Mustapha Bah;€8,750 в год;€500 - €6тыс.;;Сдержанный;;;4;;;42.4;48.3;49.2;50.0;;;;;;;;
18;НП (Ц);Troels Christensen;€8,750 в год;€500 - €6тыс.;;Профессионал;;;8;;;19.6;31.6;32.3;32.7;;;;;;;;
16;В;Pete Bass;€8,750 в год;€500 - €6тыс.;;Сдержанный;;;5;;;40.1;43.2;44.2;46.1;;;;;;;;
17;З (Ц);Brett Hewitt;€8,750 в год;€500 - €6тыс.;;Сдержанный;;;8;;;20.9;31.9;32.8;33.9;;;;;;;;
17;КЗ (П), П (Ц);Emyr Harvey;€8,750 в год;€500 - €6тыс.;;Сдержанный;;;9;;;15.6;27.8;28.6;28.9;;;;;;;;
18;З (Ц);Ben Williams;€8,750 в год;€500 - €6тыс.;;Сдержанный;;;4;;;17.4;25.4;26.1;26.8;;;;;;;;
19;З (Л);Derek Murray;€18,000 в год;€500 - €6тыс.;;Непостоянный;;;8;;;18.2;28.0;28.6;29.7;;;;;;;;
21;З (Ц), КЗ (П), ОП, П (Ц);Kobi Atar;€13,500 в год;€500 - €6тыс.;;Непостоянный;;;4;;;16.6;25.8;26.2;27.0;;;;;;;;
18;П (ЛЦ), АП (ПЦ);Eddie Bailey;€7,500 в год;€500 - €6тыс.;;Неамбициозный;;;10;;;16.2;28.5;29.4;30.6;;;;;;;;
16;АП (П), НП (Ц);Kelsey Cook;€300 в год;€500 - €6тыс.;;Неамбициозный;;;7;;;15.9;28.8;29.9;30.6;;;;;;;;
17;П/АП (П), НП (Ц);Andrew Searle;€9,500 в год;€500 - €6тыс.;;Нерешительный;;;8;;;16.0;26.1;26.5;27.2;;;;;;;;
21;КЗ (Л), П (ЛЦ), АП (П);Mohammed Yakubu;€23,000 в год;€500 - €6тыс.;;Неамбициозный;;;5;;;12.7;22.3;22.9;24.0;;;;;;;;
19;АП (ПЦ), НП (Ц);Richard Riches;€28,500 в год;€500 - €6тыс.;;Неамбициозный;;;8;;;14.4;26.0;26.9;28.4;;;;;;;;
20;АП (ПЦ), НП (Ц);Ryan Hood;€15,500 в год;€500 - €6тыс.;;Ненадежный;;;9;;;16.4;29.7;30.8;31.6;;;;;;;;
18;П/АП (Л);Hamish Cowie;€8,750 в год;€500 - €7тыс.;;Реалист;;;10;;;13.4;24.4;25.0;26.2;;;;;;;;
17;АП (П), НП (Ц);Michael Williams;€8,750 в год;€500 - €7тыс.;;Сдержанный;;;10;;;14.0;24.2;24.7;25.5;;;;;;;;
18;П/АП (ПЦ);Stephen Keenan;€15,750 в год;€500 - €7тыс.;;Нерешительный;;;10;;;15.6;27.9;28.6;29.7;;;;;;;;
21;П (Ц), АП (П), НП (Ц);Terry Bradshaw;€24,500 в год;€500 - €7тыс.;;Неамбициозный;;;7;;;13.9;23.6;24.4;25.5;;;;;;;;
16;З (П);Richard Rose;€8,750 в год;€500 - €7тыс.;;Достаточно настойчивый;;;9;;;17.3;29.0;29.9;30.6;;;;;;;;
19;П/АП (ПЦ);Ash Dowell;€6,500 в год;€500 - €7тыс.;;Сдержанный;;;11;;;13.9;26.8;27.8;28.9;;;;;;;;
17;З (Ц);Craig Loader;€8,750 в год;€500 - €7тыс.;;Достаточно настойчивый;;;8;;;19.5;29.0;29.6;30.7;;;;;;;;
18;П (ЛЦ), АП (ПЛЦ);Scott Gill;€8,750 в год;€500 - €7тыс.;;Сдержанный;;;9;;;16.9;25.9;26.7;28.2;;;;;;;;
20;З/КЗ (П);Alan Radford;€17,500 в год;€500 - €7тыс.;;Низкая самооценка;;;13;;;15.1;26.2;27.0;28.1;;;;;;;;
17;АП (ПЦ), НП (Ц);Danny Wilkie;€8,750 в год;€500 - €7тыс.;;Достаточно дисциплинированный;;;8;;;17.2;30.2;31.0;31.4;;;;;;;;
16;АП (Ц), НП (Ц);Robbie Hemmings;€8,750 в год;€500 - €7тыс.;;Неамбициозный;;;12;;;17.0;30.7;31.6;32.8;;;;;;;;
19;З (ЛЦ);Macaulay Cooper;€14,500 в год;€500 - €7тыс.;;Сдержанный;;;7;;;19.0;30.0;30.9;31.7;;;;;;;;
16;З/П/АП (Ц);Luke James;€8,750 в год;€500 - €7тыс.;;Неамбициозный;;;12;;;15.4;28.1;28.9;30.0;;;;;;;;
20;П (ПЦ), АП (П), НП (Ц);Rhys Holgate;€18,000 в год;€500 - €7тыс.;;Сдержанный;;;12;;;14.4;26.4;27.2;27.9;;;;;;;;
16;З (Ц);Siôn Karamousis;€8,750 в год;€500 - €7тыс.;;Сдержанный;;;10;;;18.2;29.5;30.5;31.6;;;;;;;;
20;П (ПЦ), АП (Ц), НП (Ц);Brian O'Neill;€23,000 в год;€1тыс. - €3.5тыс.;;Сдержанный;;;8;;;19.0;29.4;30.0;30.8;;;;;;;;
17;НП (Ц);Antonio Holder;€300 в год;€1тыс. - €3.5тыс.;;Профессионал;;;3;;;12.0;19.7;20.5;21.3;;;;;;;;
16;З (П);Lee Melbourne;€300 в год;€1тыс. - €3.5тыс.;;Наемник;;;6;;;18.3;26.1;26.9;27.3;;;;;;;;
17;З (ПЦ), ОП;Stewart Cann;€8,750 в год;€1тыс. - €8тыс.;;Неамбициозный;;;5;;;16.4;26.8;27.6;27.9;;;;;;;;
17;З (Ц);Gareth Mooney;€8,750 в год;€1тыс. - €8тыс.;;Нерешительный;;;8;;;15.0;25.8;26.5;27.3;;;;;;;;
18;П/АП (Ц);Reece Bancroft;€16,250 в год;€1тыс. - €8тыс.;;Достаточно дисциплинированный;;;12;;;16.7;28.8;29.9;31.0;;;;;;;;
17;З/КЗ (П);Phil Osborne;€12,500 в год;€1тыс. - €8тыс.;;Тверд в решениях;;;6;;;15.5;25.4;26.0;27.2;;;;;;;;
18;З (П), П (Ц), АП (ПЦ);Anton Hamzat;€14,750 в год;€1тыс. - €8тыс.;;Сдержанный;;;7;;;19.2;32.8;33.8;35.0;;;;;;;;
18;АП (ПЛ), НП (Ц);Fidelis Yusuf;€13,000 в год;€1тыс. - €8тыс.;;Сдержанный;;;9;;;17.5;31.0;31.9;32.3;;;;;;;;
16;З (ПЦ);Clive Eldridge;€8,750 в год;€1тыс. - €8тыс.;;Достаточно профессионален;;;7;;;18.7;28.6;29.4;30.5;;;;;;;;
15;АП (Ц);Sam Warburton;€8,750 в год;€1тыс. - €8тыс.;;Неамбициозный;;;13;;;15.4;26.4;27.2;28.0;;;;;;;;
17;П (Ц);Jonathan Miggins;€8,750 в год;€1тыс. - €8тыс.;;Неамбициозный;;;9;;;14.6;28.4;29.2;30.4;;;;;;;;
17;З (Ц), КЗ (Л);Murphy Limbombe;€8,750 в год;€1тыс. - €8тыс.;;Нерешительный;;;6;;;18.0;27.1;27.8;28.9;;;;;;;;
20;П/АП (Л), НП (Ц);Fitz Walsh;€13,500 в год;€1тыс. - €8тыс.;;Сдержанный;;;5;;;14.2;25.2;26.0;26.8;;;;;;;;
19;З (Ц);Shay Braithwaite;€11,750 в год;€1тыс. - €8тыс.;;Сдержанный;;;7;;;19.6;29.9;30.8;31.6;;;;;;;;
17;П (П), АП (ПЦ), НП (Ц);Oliver Marks;€8,750 в год;€1тыс. - €8тыс.;;Сдержанный;;;8;;;13.0;24.4;25.2;25.6;;;;;;;;
18;П/АП (Ц), НП (Ц);Ian Wilson;€20,500 в год;€1тыс. - €9тыс.;;Сдержанный;;;12;;;16.8;27.8;28.4;28.8;;;;;;;;
18;П/АП (ПЛЦ);Kian Falconer;€12,750 в год;€1тыс. - €9тыс.;;Сдержанный;;;10;;;15.4;28.0;28.6;29.8;;;;;;;;
19;З (Ц);Kennedy Ugwu;€8,750 в год;€1тыс. - €9тыс.;;Профессионал;;;5;;;17.7;26.0;26.4;27.6;;;;;;;;
19;П/АП (Ц);Stefan Clapham;€17,500 в год;€1тыс. - €9тыс.;;Сдержанный;;;9;;;15.2;29.7;30.8;31.5;;;;;;;;
17;З (Ц);Ashley Kirwan;€8,750 в год;€1тыс. - €9тыс.;;Нерешительный;;;6;;;18.8;29.2;30.0;30.4;;;;;;;;
21;З (ПЦ);James Speake;€25,000 в год;€1тыс. - €9тыс.;;Общительный;;;5;;;18.5;26.8;27.2;28.3;;;;;;;;
18;З (Ц);Nathan Jackson;€9,750 в год;€1тыс. - €9тыс.;;Реалист;;;11;;;19.6;30.2;31.1;31.8;;;;;;;;
21;П/АП (П);Karl Kelly;€30,000 в год;€1тыс. - €9тыс.;;Достаточно лояльный;;;7;;;17.7;30.8;32.0;32.7;;;;;;;;
18;З (Ц), ОП, АП (Ц);Jérémy Ruiz;€8,750 в год;€1тыс. - €9тыс.;;Ненадежный;;;12;;;19.0;30.0;30.7;31.0;;;;;;;;
21;П/АП (Л), НП (Ц);Alimamy Mansaray;€24,500 в год;€1тыс. - €9тыс.;;Тверд в решениях;;;7;;;16.5;26.0;26.6;27.7;;;;;;;;
19;НП (Ц);Richard O'Rourke;€6,750 в год;€1тыс. - €9тыс.;;Энергичный;;;11;;;14.2;26.5;27.5;28.3;;;;;;;;
16;НП (Ц);Ernest Taiwo;€8,750 в год;€1тыс. - €9тыс.;;Достаточно настойчивый;;;9;;;12.0;23.5;24.1;24.8;;;;;;;;
19;З (ЛЦ), ОП, П (Ц);Josh Mair;€16,500 в год;€1тыс. - €9тыс.;;Достаточно настойчивый;;;7;;;18.0;27.9;28.7;29.1;;;;;;;;
19;АП (ЛЦ), НП (Ц);Andrew Day;€23,000 в год;€1тыс. - €9тыс.;;Сдержанный;;;14;;;14.9;27.7;28.8;29.5;;;;;;;;
19;З (Л);Dylan Jennings;€7,500 в год;€1тыс. - €9тыс.;;Достаточно профессионален;;;10;;;15.9;25.0;25.6;25.9;;;;;;;;
16;НП (Ц);Brandon Bohui;€8,750 в год;€1тыс. - €9тыс.;;Неамбициозный;;;9;;;14.2;24.6;25.3;26.1;;;;;;;;
20;П (ЛЦ), АП (Ц), НП (Ц);James Crawford;€16,750 в год;€1тыс. - €9тыс.;;Неамбициозный;;;5;;;16.7;27.6;28.5;30.0;;;;;;;;
21;З (Ц), ОП, П (Ц);Marvin Roberts;€19,500 в год;€1тыс. - €9тыс.;;Достаточно профессионален;;;7;;;16.7;29.2;30.0;31.1;;;;;;;;
20;З (Ц), ОП, П (Ц);Robin McGuire;€23,000 в год;€1тыс. - €9тыс.;;Неамбициозный;;;10;;;16.9;32.5;33.6;34.0;;;;;;;;
20;П (Ц), АП (ПЦ);Jonathan Onuoha;€13,750 в год;€1тыс. - €9тыс.;;Достаточно профессионален;;;12;;;15.8;30.2;31.0;32.2;;;;;;;;
16;П/АП (Ц);Stuart Welsh;€8,750 в год;€1тыс. - €9тыс.;;Неамбициозный;;;9;;;15.4;29.5;30.6;31.4;;;;;;;;
20;АП (ПЛ), НП (Ц);Niall Murphy;€35,000 в год;€1тыс. - €9тыс.;;Сдержанный;;;9;;;15.8;26.3;27.0;27.4;;;;;;;;
20;З (ПЦ), КЗ (П), ОП;Jaudach Storer;€19,000 в год;€1тыс. - €9тыс.;;Ненадежный;;;11;;;16.3;27.8;28.8;29.6;;;;;;;;
18;З (ПЛЦ);Ralph Lewis;€24,500 в год;€1тыс. - €10тыс.;;Неамбициозный;;;4;;;19.3;28.6;29.4;30.1;;;;;;;;
21;П/АП (Ц);Haydn Bugg;€31,500 в год;€1тыс. - €10тыс.;;Нерешительный;;;12;;;14.1;25.3;26.0;26.8;;;;;;;;
18;АП (ПЛ), НП (Ц);Oskari Piirainen;€8,500 в год;€1тыс. - €10тыс.;;Сдержанный;;;5;;;14.1;27.1;28.0;29.2;;;;;;;;
17;НП (Ц);Harvey Lobban;€8,750 в год;€1тыс. - €10тыс.;;Сдержанный;;;13;;;14.0;24.6;25.3;26.1;;;;;;;;
17;АП (Ц), НП (Ц);Adrian Tonks;€8,750 в год;€1тыс. - €10тыс.;;Неамбициозный;;;12;;;18.1;30.8;32.0;32.4;;;;;;;;
20;АП (ЛЦ), НП (Ц);Ryan Thomas;€11,250 в год;€1тыс. - €10тыс.;;Сдержанный;;;12;;;16.5;29.0;30.0;30.8;;;;;;;;
17;З/П (Ц);Neil McDonald;€8,750 в год;€1тыс. - €10тыс.;;Сдержанный;;;6;;;15.7;28.2;29.4;30.1;;;;;;;;
19;З (ПЦ), КЗ (П);Stanley Nyong;€16,500 в год;€1тыс. - €10тыс.;;Наемник;;;5;;;18.4;27.3;28.0;28.8;;;;;;;;
16;НП (Ц);Woody Fleming;€8,750 в год;€1тыс. - €10тыс.;;Достаточно настойчивый;;;12;;;16.1;27.0;27.9;28.6;;;;;;;;
19;П (П), АП (ПЦ);Alex Stafford;€16,750 в год;€1тыс. - €10тыс.;;Неамбициозный;;;12;;;15.6;29.6;30.6;31.4;;;;;;;;
16;НП (Ц);Oier López;€8,750 в год;€1тыс. - €10тыс.;;Неамбициозный;;;8;;;17.7;30.3;31.2;32.0;;;;;;;;
17;З (П);Zac Golden;€8,750 в год;€1тыс. - €10тыс.;;Сдержанный;;;7;;;19.2;29.6;30.1;31.2;;;;;;;;
16;АП (Л), НП (Ц);Brian Ryan;€8,750 в год;€1тыс. - €10тыс.;;Достаточно амбициозный;;;7;;;13.8;24.2;24.9;26.0;;;;;;;;
18;П/АП (П), НП (Ц);Nuno Dias;€11,750 в год;€1тыс. - €10тыс.;;Решительный;;;11;;;11.8;22.7;23.6;24.7;;;;;;;;
16;В;Moses Baldwin;€8,750 в год;€1тыс. - €10тыс.;;Сдержанный;;;2;;;40.2;46.2;47.8;48.2;;;;;;;;
21;ОП, П (Ц);Bob West;€11,250 в год;€1тыс. - €10тыс.;;Достаточно профессионален;;;12;;;19.2;29.1;30.0;31.1;;;;;;;;
16;П/АП (Ц);David Byrne;€8,750 в год;€1тыс. - €10тыс.;;Реалист;;;12;;;17.7;31.9;32.7;33.5;;;;;;;;
17;НП (Ц);Ilija Cvetković;€8,750 в год;€1тыс. - €10тыс.;;Сдержанный;;;7;;;17.0;30.8;31.6;32.8;;;;;;;;
17;П/АП (Ц), НП (Ц);Gareth Duff;€8,750 в год;€1тыс. - €10тыс.;;Темпераментный;;;9;;;19.7;33.9;35.3;36.4;;;;;;;;
20;З (Ц);Martin Kisekka;€13,750 в год;€1тыс. - €10тыс.;;Достаточно амбициозный;;;7;;;21.7;32.4;33.2;33.9;;;;;;;;
17;З (Ц), ОП;Connal Sanders;€8,750 в год;€1тыс. - €10тыс.;;Неамбициозный;;;6;;;20.4;28.9;29.7;30.4;;;;;;;;
21;З (ПЛЦ);Craig Lynch;€31,500 в год;€1тыс. - €10тыс.;;Достаточно профессионален;;;7;;;19.1;29.2;30.0;30.4;;;;;;;;
20;П/АП (Ц), НП (Ц);Ivo Magera;€30,500 в год;€1тыс. - €10тыс.;;Нерешительный;;;13;;;17.6;29.1;30.0;31.1;;;;;;;;
17;З (Ц);Tomas Cernak;€8,750 в год;€1тыс. - €12тыс.;;Сдержанный;;;11;;;18.8;29.5;30.2;31.4;;;;;;;;
18;АП (ПЦ), НП (Ц);Nick Eeles;€8,750 в год;€1тыс. - €12тыс.;;Неамбициозный;;;11;;;18.0;29.8;30.6;31.8;;;;;;;;
17;П/АП (П), НП (Ц);Drew Davis;€8,750 в год;€1тыс. - €12тыс.;;Ненадежный;;;8;;;16.2;24.8;25.3;26.1;;;;;;;;
16;ОП, П (Ц);Jack McHale;€8,750 в год;€1тыс. - €12тыс.;;Достаточно дисциплинированный;;;8;;;17.7;31.8;32.5;33.2;;;;;;;;
15;П (ПЦ), АП (Ц);George Jones;€8,750 в год;€1тыс. - €12тыс.;;Достаточно профессионален;;;8;;;13.8;24.5;25.4;26.1;;;;;;;;
19;АП (П), НП (Ц);Jordan Gray;€22,000 в год;€1тыс. - €12тыс.;;Непостоянный;;;11;;;14.2;23.4;24.0;25.2;;;;;;;;
21;АП (Ц), НП (Ц);Janusz Dampc;€14,250 в год;€1тыс. - €12тыс.;;Достаточно профессионален;;;12;;;18.3;34.0;35.0;36.1;;;;;;;;
17;ОП, П (Ц);Richard Roberts;€8,750 в год;€1тыс. - €12тыс.;;Достаточно профессионален;;;10;;;19.7;34.0;34.8;35.5;;;;;;;;
16;АП (Ц);Nathan Ellington;€8,750 в год;€1тыс. - €12тыс.;;Неамбициозный;;;12;;;16.4;29.3;30.4;31.9;;;;;;;;
17;П/АП (Ц);David Ramsden;€8,750 в год;€1тыс. - €12тыс.;;Достаточно настойчивый;;;12;;;13.9;27.3;28.0;28.7;;;;;;;;
21;З (Ц);Jerell Marvin;€26,000 в год;€1тыс. - €12тыс.;;Нерешительный;;;8;;;20.2;28.8;29.6;30.7;;;;;;;;
17;П/АП (Ц);Rich Baker;€8,750 в год;€1тыс. - €12тыс.;;Сдержанный;;;8;;;18.4;33.1;34.2;34.6;;;;;;;;
17;З (ПЦ), ОП, П (Ц);Oisin King;€8,750 в год;€1тыс. - €12тыс.;;Неамбициозный;;;7;;;19.0;30.0;30.7;31.4;;;;;;;;
20;П/АП (Ц);Jack Collins;€18,000 в год;€1тыс. - €12тыс.;;Достаточно профессионален;;;13;;;15.8;28.3;29.3;30.0;;;;;;;;
16;ОП, П (Ц);Tom Carter;€8,750 в год;€1.5тыс. - €3.5тыс.;;Реалист;;;11;;;17.8;25.8;26.4;27.2;;;;;;;;
15;НП (Ц);Ricky Turner;€300 в год;€1.5тыс. - €3.5тыс.;;Тверд в решениях;;;10;;;14.3;27.0;27.8;28.6;;;;;;;;
16;ОП, П (Ц);Kenneth Uchenna;€8,750 в год;€1.5тыс. - €4тыс.;;Сдержанный;;;6;;;17.3;29.8;30.5;31.3;;;;;;;;
15;З (Ц);Chris Brown;€1,200 в год;€1.5тыс. - €4тыс.;;Темпераментный;;;12;;;16.6;27.1;28.0;28.4;;;;;;;;
16;НП (Ц);Peter Hughes;€300 в год;€1.5тыс. - €4.5тыс.;;Неамбициозный;;;7;;;16.5;25.8;26.4;26.8;;;;;;;;
17;НП (Ц);Furkan Ünver;€8,750 в год;€1.5тыс. - €4.5тыс.;;Достаточно профессионален;;;4;;;16.6;26.6;27.4;28.5;;;;;;;;
15;ОП, П (ПЦ);Alexandru Sitaru;€300 в год;€1.5тыс. - €4.5тыс.;;Ненадежный;;;8;;;17.0;27.9;28.9;29.6;;;;;;;;
19;П/АП (Л);Sanjar Kasimov;€70,000 в год;€1.5тыс. - €4.5тыс.;;Легкомысленный;;;11;;;20.1;34.2;35.2;36.0;;;;;;;;
19;КЗ (П), П (ЛЦ), АП (Ц);Billy Mackintosh;€4,000 в год;€1.5тыс. - €5тыс.;;Сдержанный;;;7;;;17.8;26.5;27.0;27.4;;;;;;;;
17;П (Ц), АП (П), НП (Ц);Matty Haldane;€8,750 в год;€1.5тыс. - €5тыс.;;Сдержанный;;;7;;;13.8;20.3;20.7;21.8;;;;;;;;
21;КЗ (П), ОП, П (ЛЦ);David Barker;€24,000 в год;€1.5тыс. - €5тыс.;;Сдержанный;;;12;;;21.3;34.1;34.8;35.2;;;;;;;;
15;АП (ПЛ), НП (Ц);Luke Odongo;€300 в год;€1.5тыс. - €5тыс.;;Неамбициозный;;;8;;;15.8;28.6;29.4;30.6;;;;;;;;
18;З (ПЦ);Aram Kimberley;€11,250 в год;€1.5тыс. - €12тыс.;;Неамбициозный;;;6;;;19.5;28.2;29.2;29.6;;;;;;;;
21;З (Ц), ОП, П (Ц);Babou Jatta;€23,000 в год;€1.5тыс. - €12тыс.;;Энергичный;;;5;;;17.9;27.6;28.3;29.0;;;;;;;;
21;З (Ц);Francis Ofori;€24,000 в год;€1.5тыс. - €12тыс.;;Неамбициозный;;;9;;;18.2;25.4;26.2;26.5;;;;;;;;
16;З (Л);Nyque Browne;€8,750 в год;€1.5тыс. - €14тыс.;;Сдержанный;;;13;;;18.9;29.2;30.0;30.4;;;;;;;;
20;З (Ц), КЗ (П), ОП, П (Ц);Luke Kerrigan;€21,000 в год;€1.5тыс. - €14тыс.;;Идеалист;;;8;;;17.0;27.2;27.9;28.2;;;;;;;;
18;З (ПЦ);Antoine Gibbons;€8,250 в год;€1.5тыс. - €14тыс.;;Непостоянный;;;6;;;16.5;25.2;26.0;26.7;;;;;;;;
18;НП (Ц);Louie Mallett;€8,750 в год;€1.5тыс. - €14тыс.;;Ненадежный;;;8;;;15.8;26.2;26.9;27.3;;;;;;;;
21;З/П (Л);Kristian Walker;€23,000 в год;€1.5тыс. - €14тыс.;;Тверд в решениях;;;8;;;16.7;26.6;27.3;28.8;;;;;;;;
16;НП (Ц);Derek Wright;€8,750 в год;€1.5тыс. - €14тыс.;;Сдержанный;;;9;;;19.8;30.9;31.8;33.4;;;;;;;;
21;З (Ц);Lewis Herbert;€16,750 в год;€1.5тыс. - €14тыс.;;Профессионал;;;9;;;18.6;28.6;29.4;30.5;;;;;;;;
18;П/АП (Ц), НП (Ц);Jake McLachlan;€16,000 в год;€1.5тыс. - €14тыс.;;Сдержанный;;;8;;;15.7;27.6;28.7;29.0;;;;;;;;
16;З (ПЦ);Tom Cleary;€8,750 в год;€1.5тыс. - €14тыс.;;Сдержанный;;;6;;;18.5;27.4;28.0;28.3;;;;;;;;
19;З (ЛЦ);Anthony Burke;€25,500 в год;€1.5тыс. - €16тыс.;;Сдержанный;;;11;;;17.2;30.0;31.2;32.0;;;;;;;;
20;В;Tom Smith;€15,500 в год;€1.5тыс. - €16тыс.;;Жизнерадостный;;;3;;;46.6;54.6;56.0;59.7;;;;;;;;
21;З (ПЦ);Alfie Craddock;€13,500 в год;€1.5тыс. - €16тыс.;;Сдержанный;;;4;;;16.6;25.0;25.8;27.0;;;;;;;;
16;П (ЛЦ), НП (Ц);Patrick Devaney;€8,750 в год;€1.5тыс. - €16тыс.;;Ненадежный;;;9;;;17.6;29.2;30.2;30.5;;;;;;;;
17;АП (П), НП (Ц);Cardo Mbombo;€8,750 в год;€1.5тыс. - €16тыс.;;Профессионал;;;9;;;16.5;28.8;29.9;30.7;;;;;;;;
18;КЗ (Л), НП (Ц);Lee John;€17,500 в год;€1.5тыс. - €16тыс.;;Ненадежный;;;7;;;17.2;26.4;27.1;27.8;;;;;;;;
18;З (Ц), ОП, П (Ц);Kane Shaw;€8,750 в год;€1.5тыс. - €16тыс.;;Тверд в решениях;;;10;;;20.1;33.2;34.4;34.7;;;;;;;;
17;НП (Ц);James Alexander;€8,750 в год;€1.5тыс. - €16тыс.;;Нерешительный;;;8;;;16.7;28.1;29.1;29.5;;;;;;;;
16;З (Ц);Ezekiel Usman;€8,750 в год;€1.5тыс. - €16тыс.;;Нерешительный;;;6;;;18.6;28.3;29.0;30.1;;;;;;;;
18;П (Ц);Neil Halliwell;€8,750 в год;€1.5тыс. - €18тыс.;;Неамбициозный;;;9;;;16.1;32.8;34.1;34.4;;;;;;;;
20;З (ПЦ);Jeff Clyne;€11,000 в год;€1.5тыс. - €18тыс.;;Амбициозный;;;3;;;19.8;29.2;30.0;31.1;;;;;;;;
16;П/АП (Ц);Dale Keeble;€8,750 в год;€1.5тыс. - €18тыс.;;Нерешительный;;;12;;;16.2;29.2;29.8;30.2;;;;;;;;
17;З (Л);Robert Mitter;€8,750 в год;€1.5тыс. - €18тыс.;;Неамбициозный;;;10;;;19.1;32.8;33.9;34.2;;;;;;;;
21;П (ПЦ), АП (П), НП (Ц);Prince Siziba;€11,250 в год;€1.5тыс. - €18тыс.;;Неамбициозный;;;10;;;15.2;25.0;25.7;26.8;;;;;;;;
17;ОП, П (Ц), АП (П);Jonté Donawa;€8,750 в год;€2тыс. - €5тыс.;;Неамбициозный;;;4;;;15.0;23.9;24.3;25.1;;;;;;;;
17;З (Ц);Christian Omodu;€8,750 в год;€2тыс. - €5тыс.;;Неамбициозный;;;6;;;17.2;26.2;27.0;28.1;;;;;;;;
17;З/П (П);Neal Busby;€8,750 в год;€2тыс. - €5тыс.;;Профессионал;;;5;;;16.4;22.8;23.5;24.6;;;;;;;;
16;В;Joel Ford;€8,750 в год;€2тыс. - €6тыс.;;Лояльный;;;1;;;33.8;39.2;40.3;41.0;;;;;;;;
19;АП (П), НП (Ц);Mark Redfern;€7,250 в год;€2тыс. - €6тыс.;;Неамбициозный;;;8;;;14.3;25.9;26.8;27.5;;;;;;;;
17;П (Ц), АП (Л), НП (Ц);Kostas Nikolaou;€8,750 в год;€2тыс. - €6тыс.;;Нерешительный;;;9;;;13.4;26.2;26.9;27.2;;;;;;;;
19;АП (П), НП (Ц);Jimmy Breen;€10,500 в год;€2тыс. - €6тыс.;;Достаточно дисциплинированный;;;6;;;16.9;28.9;29.5;30.6;;;;;;;;
19;П/АП (Ц), НП (Ц);Kevin McPherson;€7,000 в год;€2тыс. - €6тыс.;;Профессионал;;;15;;;16.4;29.0;29.8;30.2;;;;;;;;
15;З/П (Ц);Sokol Magani;€300 в год;€2тыс. - €6тыс.;;Неамбициозный;;;8;;;17.4;27.8;28.6;29.7;;;;;;;;
16;З (П);Robbie Grayson;€8,750 в год;€2тыс. - €6тыс.;;Сдержанный;;;9;;;15.8;22.3;22.7;23.9;;;;;;;;
16;ОП, П (Ц);Dominik Michalik;€8,750 в год;€2тыс. - €6тыс.;;Неамбициозный;;;5;;;16.2;25.4;26.2;27.3;;;;;;;;
16;В;Gabriel Ubah;€8,750 в год;€2тыс. - €6тыс.;;Непостоянный;;;1;;;36.7;43.1;44.7;45.0;;;;;;;;
16;П (ПЛЦ);Rhys Henry;€8,750 в год;€2тыс. - €6тыс.;;Сдержанный;;;7;;;15.6;27.5;28.3;29.4;;;;;;;;
21;З (ПЦ), ОП;Darren O'Malley;€10,750 в год;€2тыс. - €6тыс.;;Достаточно профессионален;;;6;;;16.9;27.0;27.9;28.6;;;;;;;;
17;П/АП (Ц);Bernard Gabidon;€8,750 в год;€2тыс. - €6тыс.;;Сдержанный;;;6;;;14.2;26.8;27.6;28.7;;;;;;;;
17;З (ЛЦ);James Lindsay;€8,750 в год;€2тыс. - €6тыс.;;Достаточно профессионален;;;6;;;18.8;27.9;28.6;29.0;;;;;;;;
21;П/АП (Ц);Rhys Davies;€77,500 в год;€2тыс. - €18тыс.;;Сдержанный;;;13;;;17.8;31.7;32.9;33.6;;;;;;;;
19;П/АП (Ц);Carl Horne;€17,500 в год;€2тыс. - €18тыс.;;Неамбициозный;;;12;;;17.7;32.6;33.9;34.6;;;;;;;;
19;П/АП (П), НП (Ц);Craig Randall;€6,500 в год;€2тыс. - €20тыс.;;Достаточно амбициозный;;;13;;;17.0;27.9;28.6;29.0;;;;;;;;
20;З (ПЛЦ);Miroslav Bajza;€43,000 в год;€2тыс. - €20тыс.;;Неамбициозный;;;5;;;18.0;28.6;29.7;30.0;;;;;;;;
16;АП (Л), НП (Ц);Emmanuel Danquah;€8,750 в год;€2тыс. - €20тыс.;;Неамбициозный;;;14;;;16.4;27.4;28.1;29.2;;;;;;;;
17;П/АП (Ц);Matt Jones;€8,750 в год;€2тыс. - €20тыс.;;Сдержанный;;;9;;;18.6;34.9;36.2;36.9;;;;;;;;
21;ОП, П/АП (Ц);Albion Asllani;€19,000 в год;€2тыс. - €20тыс.;;Неамбициозный;;;5;;;18.8;28.4;29.0;29.8;;;;;;;;
17;ОП, П (Ц);Paul Goodliffe;€8,750 в год;€2тыс. - €20тыс.;;Профессионал;;;13;;;17.0;30.9;31.8;32.6;;;;;;;;
17;З (Ц);Brett Davies;€8,750 в год;€2тыс. - €20тыс.;;Достаточно профессионален;;;6;;;21.4;31.8;32.8;34.0;;;;;;;;
17;НП (Ц);John Sancho;€8,750 в год;€2тыс. - €20тыс.;;Достаточно профессионален;;;8;;;17.8;32.6;33.5;34.2;;;;;;;;
20;В;Rashad Skeete;€24,000 в год;€2тыс. - €20тыс.;;Неамбициозный;;;4;;;41.5;48.3;49.8;51.2;;;;;;;;
16;КЗ (П);Marcin Dumieński;€8,750 в год;€2тыс. - €20тыс.;;Сдержанный;;;8;;;18.4;29.8;30.8;31.2;;;;;;;;
16;НП (Ц);Sean Andrews;€8,750 в год;€2тыс. - €22тыс.;;Сдержанный;;;8;;;16.1;27.0;27.7;29.2;;;;;;;;
16;НП (Ц);Lorenzo Zangari;€8,750 в год;€2тыс. - €22тыс.;;Профессионал;;;5;;;14.4;25.9;26.8;27.9;;;;;;;;
16;П/АП (Ц);Tom Smith;€8,750 в год;€2тыс. - €22тыс.;;Профессионал;;;14;;;16.6;32.4;33.4;34.5;;;;;;;;
20;ОП, П/АП (Ц);Jermaine Parsons-Adcock;€25,500 в год;€2тыс. - €22тыс.;;Нерешительный;;;13;;;14.6;26.7;27.8;28.9;;;;;;;;
16;АП (Ц);Jasper Shehu;€8,750 в год;€2тыс. - €22тыс.;;Сдержанный;;;14;;;18.4;31.3;32.0;32.7;;;;;;;;
15;НП (Ц);Leigh Lloyd;€8,750 в год;€2тыс. - €22тыс.;;Сдержанный;;;6;;;17.2;27.6;28.2;28.6;;;;;;;;
21;П/АП (Л);James Hunt;€30,000 в год;€2тыс. - €22тыс.;;Энергичный;;;11;;;17.2;30.4;31.3;32.4;;;;;;;;
20;В;Dave Nicholas;€8,750 в год;€2тыс. - €22тыс.;;Сдержанный;;;6;;;46.2;53.1;54.3;57.6;;;;;;;;
18;П/АП (ПЦ);Mick Caulfield;€26,500 в год;€2тыс. - €22тыс.;;Неамбициозный;;;8;;;18.6;31.2;32.0;32.8;;;;;;;;
16;АП (П);Bruno Louis;€8,750 в год;€2тыс. - €22тыс.;;Сдержанный;;;8;;;16.8;29.3;30.1;31.6;;;;;;;;
16;АП (Ц);Jack Baxter;€8,750 в год;€2тыс. - €22тыс.;;Низкая самооценка;;;10;;;14.2;27.2;27.8;28.9;;;;;;;;
19;АП (ПЛ), НП (Ц);Kyle Dodd;€31,000 в год;€2тыс. - €22тыс.;;Нерешительный;;;10;;;17.7;30.9;31.9;32.7;;;;;;;;
18;АП (П), НП (Ц);Archie McIntosh;€31,500 в год;€2тыс. - €22тыс.;;Достаточно лояльный;;;6;;;14.4;24.5;25.0;25.8;;;;;;;;
17;ОП, П/АП (Ц);Sampson Jacobs;€8,750 в год;€2.5тыс. - €7тыс.;;Реалист;;;8;;;13.6;26.6;27.5;27.9;;;;;;;;
17;З (ПЦ);Glyn Binns;€8,750 в год;€2.5тыс. - €7тыс.;;Сдержанный;;;6;;;19.8;31.2;32.3;32.7;;;;;;;;
16;З (Л);Eric Austin;€8,750 в год;€2.5тыс. - €7тыс.;;Сдержанный;;;8;;;18.8;27.4;28.1;29.2;;;;;;;;
17;З (Л), КЗ (ПЛ), АП (Л);Declan Kilgallon;€8,750 в год;€2.5тыс. - €7тыс.;;Нерешительный;;;6;;;19.6;28.0;28.6;28.9;;;;;;;;
17;П (ПЦ), АП (Ц);Michael Waller;€8,750 в год;€2.5тыс. - €7тыс.;;Достаточно профессионален;;;11;;;15.7;24.8;25.4;26.6;;;;;;;;
16;АП (Л), НП (Ц);Tyreece Meek;€8,750 в год;€2.5тыс. - €7тыс.;;Напористый;;;12;;;14.8;26.5;27.1;27.9;;;;;;;;
16;З (ЛЦ);Andy Beardmore;€8,750 в год;€2.5тыс. - €7тыс.;;Сдержанный;;;4;;;17.5;24.0;24.6;24.9;;;;;;;;
17;З (Ц);Keith Lander;€8,750 в год;€2.5тыс. - €7тыс.;;Неамбициозный;;;6;;;15.8;25.8;26.6;27.8;;;;;;;;
16;З (ПЦ);Jonny Martin;€8,750 в год;€2.5тыс. - €7тыс.;;Сдержанный;;;5;;;16.6;24.2;24.8;25.2;;;;;;;;
18;З (Ц);Sam Walsh;€8,750 в год;€2.5тыс. - €7тыс.;;Неамбициозный;;;5;;;17.4;27.3;28.1;28.4;;;;;;;;
20;П (ПЦ), АП (ПЛЦ);Ross Armstrong;€11,500 в год;€2.5тыс. - €7тыс.;;Общительный;;;8;;;12.4;21.6;22.5;24.0;;;;;;;;
16;АП (Л);Ahmed Ali;€8,750 в год;€2.5тыс. - €7тыс.;;Нерешительный;;;6;;;15.5;22.8;23.5;24.2;;;;;;;;
19;П (Л), АП (ПЛ), НП (Ц);Baden Leach;€11,750 в год;€2.5тыс. - €7тыс.;;Неамбициозный;;;7;;;15.1;24.2;25.2;25.5;;;;;;;;
17;В;Jason Leonard;€8,750 в год;€2.5тыс. - €7тыс.;;Неамбициозный;;;1;;;39.3;44.9;46.0;47.1;;;;;;;;
16;НП (Ц);Anthony Baxter;€8,750 в год;€2.5тыс. - €7тыс.;;Неамбициозный;;;7;;;16.1;25.5;26.2;27.3;;;;;;;;
17;В;Aaron Ashton;€8,750 в год;€2.5тыс. - €7тыс.;;Сдержанный;;;3;;;39.7;50.3;52.1;57.4;;;;;;;;
16;ОП;Charlee Hemens;€8,750 в год;€2.5тыс. - €7тыс.;;Сдержанный;;;5;;;16.6;25.8;26.4;27.5;;;;;;;;
16;АП (П);Daniel Kremer;€8,750 в год;€2.5тыс. - €7тыс.;;Непостоянный;;;9;;;14.4;25.2;25.9;26.2;;;;;;;;
16;З (П);Lewis Ellis;€8,750 в год;€2.5тыс. - €7тыс.;;Сдержанный;;;7;;;15.7;24.6;25.2;26.3;;;;;;;;
17;З (Ц), ОП;Jerry Offia;€8,750 в год;€2.5тыс. - €7тыс.;;Достаточно профессионален;;;12;;;18.6;29.4;30.2;30.9;;;;;;;;
18;НП (Ц);Simon Bassett;€8,750 в год;€2.5тыс. - €7тыс.;;Сдержанный;;;5;;;14.6;24.1;24.8;25.6;;;;;;;;
19;НП (Ц);Glenn Champion;€10,500 в год;€2.5тыс. - €7тыс.;;Сдержанный;;;8;;;15.0;26.7;27.7;28.5;;;;;;;;
16;З (Ц);Flemming Andersen;€8,750 в год;€2.5тыс. - €7тыс.;;Неамбициозный;;;5;;;17.3;25.8;26.5;27.6;;;;;;;;
16;П/АП (Ц);Olawale Kuku;€8,750 в год;€2.5тыс. - €7тыс.;;Энергичный;;;7;;;16.0;29.3;30.4;30.8;;;;;;;;
16;П (ПЛЦ);Ken Peters;€8,750 в год;€2.5тыс. - €7тыс.;;Неамбициозный;;;8;;;14.5;26.5;27.5;29.0;;;;;;;;
17;З (ПЛЦ);Russell Green;€8,750 в год;€2.5тыс. - €7тыс.;;Темпераментный;;;2;;;16.6;24.5;25.1;25.8;;;;;;;;
21;КЗ (П), ОП, П (ЛЦ), АП (П);Jonny Beadle;€11,250 в год;€2.5тыс. - €7тыс.;;Достаточно профессионален;;;8;;;15.7;22.8;23.4;24.5;;;;;;;;
17;П (Ц);Adam Rogers;€8,750 в год;€2.5тыс. - €7тыс.;;Нерешительный;;;7;;;16.9;31.3;32.4;33.5;;;;;;;;
17;В;Joe Johns;€8,750 в год;€2.5тыс. - €7тыс.;;Неамбициозный;;;1;;;33.4;38.5;40.2;42.4;;;;;;;;
16;З/П (Ц);Craig Penn;€8,750 в год;€2.5тыс. - €7тыс.;;Ненадежный;;;7;;;16.4;24.8;25.7;26.0;;;;;;;;
17;П/АП (Л);Kieran Wright;€8,750 в год;€2.5тыс. - €7тыс.;;Сдержанный;;;8;;;15.8;29.8;30.8;31.9;;;;;;;;
15;В;Tom Drake;€8,750 в год;€2.5тыс. - €7тыс.;;Легко разочаровывающийся;;;1;;;33.2;39.1;40.2;41.0;;;;;;;;
17;АП (ПЛ);Pete Cuthbertson;€8,750 в год;€2.5тыс. - €7тыс.;;Наемник;;;6;;;13.4;23.8;24.4;25.6;;;;;;;;
17;З (П);Tim Dillon;€8,750 в год;€2.5тыс. - €7тыс.;;Сдержанный;;;7;;;19.0;30.0;30.7;31.4;;;;;;;;
16;НП (Ц);Kai Maher;€8,750 в год;€2.5тыс. - €7тыс.;;Решительный;;;9;;;12.0;19.6;20.0;20.8;;;;;;;;
16;АП (Л);Paul Ackon;€8,750 в год;€2.5тыс. - €7тыс.;;Сдержанный;;;8;;;13.5;25.1;25.7;26.8;;;;;;;;
17;З (ЛЦ);Tom Williams;€8,750 в год;€2.5тыс. - €7тыс.;;Достаточно профессионален;;;7;;;17.7;25.6;26.3;27.1;;;;;;;;
17;АП (Л), НП (Ц);Ben Hinchliffe;€8,750 в год;€2.5тыс. - €7тыс.;;Неамбициозный;;;5;;;14.0;24.4;25.3;26.4;;;;;;;;
17;З (П);Phil Garrett;€8,750 в год;€2.5тыс. - €7тыс.;;Нерешительный;;;4;;;16.4;26.1;27.0;28.1;;;;;;;;
18;З/П/АП (Ц), НП (Ц);Harry Maguire;€8,750 в год;€2.5тыс. - €7тыс.;;Сдержанный;;;5;;;16.4;26.8;27.5;28.6;;;;;;;;
16;П/АП (Ц);Kris Barnard;€8,750 в год;€2.5тыс. - €7тыс.;;Легкомысленный;;;12;;;16.1;27.9;28.6;29.8;;;;;;;;
20;АП (ПЛ), НП (Ц);Kyle Maris;€9,000 в год;€2.5тыс. - €7тыс.;;Достаточно настойчивый;;;8;;;13.0;24.5;25.3;26.8;;;;;;;;
16;З (Л);Tyrone Dawson;€8,750 в год;€2.5тыс. - €7тыс.;;Неамбициозный;;;9;;;16.4;23.8;24.3;25.4;;;;;;;;
21;З (ПЛЦ);Alex Tihanyi;€14,250 в год;€2.5тыс. - €7тыс.;;Неамбициозный;;;12;;;15.9;26.6;27.2;28.0;;;;;;;;
16;П/АП (Ц);Luke Jones;€8,750 в год;€2.5тыс. - €7тыс.;;Энергичный;;;11;;;15.6;26.3;26.7;27.8;;;;;;;;
17;З (П), ОП, П (Ц);Manny Ngoo;€8,750 в год;€2.5тыс. - €7тыс.;;Сдержанный;;;8;;;14.8;23.6;24.2;25.3;;;;;;;;
16;З (Л);Gareth Lyons;€8,750 в год;€2.5тыс. - €8тыс.;;Неамбициозный;;;3;;;15.8;26.6;27.5;28.3;;;;;;;;
17;З/КЗ (Л);Walter Kunz;€8,750 в год;€2.5тыс. - €8тыс.;;Нерешительный;;;8;;;15.0;24.6;25.3;26.1;;;;;;;;
17;АП (Ц);Ian Brittain;€8,750 в год;€2.5тыс. - €8тыс.;;Ненадежный;;;12;;;17.1;28.7;29.6;30.4;;;;;;;;
19;З (ПЦ), П (ЛЦ);Geslin Maghoma;€6,250 в год;€2.5тыс. - €8тыс.;;Достаточно профессионален;;;4;;;18.4;25.1;25.6;26.7;;;;;;;;
16;З (Ц);Eijaz Bean;€8,750 в год;€2.5тыс. - €8тыс.;;Достаточно профессионален;;;3;;;13.6;20.4;21.0;21.4;;;;;;;;
16;П (Л), АП (ЛЦ);Mason Phipps;€8,750 в год;€2.5тыс. - €8тыс.;;Неамбициозный;;;12;;;17.7;30.2;31.2;31.6;;;;;;;;
16;П (Л);Josh Harper;€8,750 в год;€2.5тыс. - €8тыс.;;Неамбициозный;;;8;;;14.6;24.0;24.9;25.3;;;;;;;;
16;П/АП (Ц);Darragh Byrne;€8,750 в год;€2.5тыс. - €8тыс.;;Нерешительный;;;13;;;17.4;28.0;28.7;29.8;;;;;;;;
20;КЗ/П/АП (П);Tommie Ashby;€9,750 в год;€2.5тыс. - €8тыс.;;Достаточно настойчивый;;;6;;;14.2;22.5;23.1;23.5;;;;;;;;
18;З (П), ОП, П/АП (Ц);Remi Fishwick;€8,750 в год;€2.5тыс. - €8тыс.;;Сдержанный;;;4;;;15.0;21.9;22.4;22.8;;;;;;;;
16;З (ПЦ);Ash Williams;€8,750 в год;€2.5тыс. - €8тыс.;;Достаточно профессионален;;;8;;;19.6;28.6;29.4;30.5;;;;;;;;
16;З (Л);Steven Morgan;€8,750 в год;€2.5тыс. - €8тыс.;;Достаточно профессионален;;;6;;;17.3;25.2;25.8;26.2;;;;;;;;
20;З (Ц), ОП, П (Ц);Ciaran McNamee;€11,000 в год;€2.5тыс. - €8тыс.;;Нерешительный;;;6;;;20.4;28.5;29.3;30.4;;;;;;;;
16;З (Ц);Will Hannen;€8,750 в год;€2.5тыс. - €8тыс.;;Сдержанный;;;6;;;19.6;28.7;29.4;30.5;;;;;;;;
16;П (ЛЦ), АП (Ц);Jack Fuller;€8,750 в год;€2.5тыс. - €8тыс.;;Неамбициозный;;;7;;;15.2;24.8;25.6;26.3;;;;;;;;
17;З (Ц);Casey Sparks;€8,750 в год;€2.5тыс. - €8тыс.;;Неамбициозный;;;9;;;16.7;25.6;26.6;27.3;;;;;;;;
16;НП (Ц);Stephen Foster;€8,750 в год;€2.5тыс. - €8тыс.;;Неамбициозный;;;4;;;12.0;20.5;21.3;22.0;;;;;;;;
19;В;Cal Henstridge;€6,750 в год;€2.5тыс. - €8тыс.;;Достаточно лояльный;;;9;;;37.4;43.3;44.7;45.1;;;;;;;;
16;НП (Ц);Leo Ali;€8,750 в год;€2.5тыс. - €8тыс.;;Сдержанный;;;8;;;19.5;31.8;32.6;33.7;;;;;;;;
16;П (Ц);Martin Carroll;€8,750 в год;€2.5тыс. - €8тыс.;;Неамбициозный;;;8;;;14.7;28.8;29.7;30.5;;;;;;;;
21;П (Л), АП (ПЛЦ), НП (Ц);Lewis Turner;€12,750 в год;€2.5тыс. - €8тыс.;;Тверд в решениях;;;12;;;12.2;21.5;22.3;23.8;;;;;;;;
16;З (Ц);Mohammed Mensah;€8,750 в год;€2.5тыс. - €8тыс.;;Достаточно профессионален;;;11;;;16.4;27.2;28.4;29.6;;;;;;;;
16;З (Ц);Mick Beadling;€8,750 в год;€2.5тыс. - €8тыс.;;Неамбициозный;;;5;;;15.6;26.6;27.6;28.4;;;;;;;;
18;З (ЛЦ);Aaron Daley;€8,750 в год;€2.5тыс. - €8тыс.;;Неамбициозный;;;9;;;18.4;24.4;24.8;26.0;;;;;;;;
18;З (Ц);Nikolas Savva;€16,500 в год;€2.5тыс. - €8тыс.;;Энергичный;;;5;;;17.5;26.6;27.5;28.6;;;;;;;;
16;НП (Ц);Carl Roberts;€8,750 в год;€2.5тыс. - €24тыс.;;Нерешительный;;;6;;;16.4;27.7;28.5;30.0;;;;;;;;
16;З (Ц);Daryl Blaney;€8,750 в год;€2.5тыс. - €24тыс.;;Достаточно настойчивый;;;5;;;17.6;30.3;31.5;32.6;;;;;;;;
18;З (ПЦ), ОП, П (Ц);Leandro Pitcher;€8,750 в год;€2.5тыс. - €24тыс.;;Сдержанный;;;5;;;18.3;28.8;29.6;30.0;;;;;;;;
19;П/АП (Л);Nigel Hassell;€24,000 в год;€2.5тыс. - €24тыс.;;Достаточно дисциплинированный;;;11;;;12.6;23.3;23.8;25.0;;;;;;;;
16;АП (ПЦ), НП (Ц);Luke Keller;€8,750 в год;€2.5тыс. - €24тыс.;;Неамбициозный;;;8;;;16.3;29.8;30.8;31.1;;;;;;;;
17;З (ПЦ);Jason Hunter;€8,750 в год;€2.5тыс. - €24тыс.;;Неамбициозный;;;9;;;15.6;25.6;26.5;27.2;;;;;;;;
19;В;Jonathan Duffy;€41,500 в год;€2.5тыс. - €26тыс.;;Сдержанный;;;5;;;47.0;57.0;59.0;59.3;;;;;;;;
16;НП (Ц);Cathal Donaldson;€8,750 в год;€2.5тыс. - €26тыс.;;Сдержанный;;;10;;;19.4;30.2;30.9;31.3;;;;;;;;
19;П/АП (Ц), НП (Ц);Ryan Owen;€69,000 в год;€2.5тыс. - €26тыс.;;Нерешительный;;;12;;;17.5;35.9;37.3;38.1;;;;;;;;
21;П/АП (П);Troy Allen;€24,500 в год;€2.5тыс. - €26тыс.;;Нерешительный;;;10;;;13.0;25.0;25.7;26.0;;;;;;;;
15;З/П (Ц);Kristian Ogden;€8,750 в год;€2.5тыс. - €28тыс.;;Достаточно лояльный;;;9;;;17.8;30.0;30.8;31.2;;;;;;;;
17;АП (П), НП (Ц);Nathan Bartlett;€8,750 в год;€2.5тыс. - €28тыс.;;Неамбициозный;;;7;;;13.4;24.2;25.1;26.6;;;;;;;;
18;З (ЛЦ), П (Ц);Dion Logan;€7,250 в год;€3тыс. - €8тыс.;;Неамбициозный;;;5;;;16.5;25.6;26.2;26.6;;;;;;;;
21;П/АП (П), НП (Ц);Johnson Ogwuche;€17,750 в год;€3тыс. - €8тыс.;;Энергичный;;;8;;;12.6;22.7;23.2;23.9;;;;;;;;
18;НП (Ц);Aaron Jones;€7,500 в год;€3тыс. - €8тыс.;;Сдержанный;;;8;;;14.8;27.9;28.5;29.3;;;;;;;;
16;З/П (Ц);Finlay Brian;€8,750 в год;€3тыс. - €8тыс.;;Ненадежный;;;4;;;14.5;22.8;23.4;24.2;;;;;;;;
17;З (Ц), ОП, П (Ц);Aldrich Tshimanga;€8,750 в год;€3тыс. - €8тыс.;;Энергичный;;;5;;;17.8;27.4;28.3;29.4;;;;;;;;
17;В;Edward Flynn;€8,750 в год;€3тыс. - €8тыс.;;Сдержанный;;;3;;;40.1;45.7;47.1;47.8;;;;;;;;
18;П/АП (Ц);Derek Cartwright-McDonagh;€8,750 в год;€3тыс. - €8тыс.;;Достаточно профессионален;;;9;;;14.9;30.3;31.5;31.8;;;;;;;;
17;З/П (Ц);Lloyd Higgins;€8,750 в год;€3тыс. - €8тыс.;;Неамбициозный;;;6;;;19.8;29.5;30.4;31.5;;;;;;;;
17;З (Ц);Nicola Pfyn;€8,750 в год;€3тыс. - €8тыс.;;Идеалист;;;5;;;15.7;26.5;27.4;28.5;;;;;;;;
16;П/АП (Л);Louis Perkins;€8,750 в год;€3тыс. - €8тыс.;;Неамбициозный;;;5;;;15.9;25.3;26.0;26.4;;;;;;;;
21;ОП, П (ЛЦ), АП (Ц);Cian Maxwell;€6,250 в год;€3тыс. - €8тыс.;;Достаточно амбициозный;;;7;;;16.9;29.7;30.6;31.0;;;;;;;;
17;З/КЗ (Л);Jack Lane;€8,750 в год;€3тыс. - €8тыс.;;Энергичный;;;8;;;18.6;29.5;30.7;32.2;;;;;;;;
17;АП (Л);Bob Coll;€8,750 в год;€3тыс. - €8тыс.;;Достаточно профессионален;;;9;;;15.8;23.0;23.8;24.9;;;;;;;;
17;З (Ц);Keith O'Callaghan;€8,750 в год;€3тыс. - €8тыс.;;Идеалист;;;3;;;17.1;28.6;29.4;30.2;;;;;;;;
15;ОП, П (Ц);Oneil Fothergill;€8,750 в год;€3тыс. - €8тыс.;;Неамбициозный;;;7;;;18.5;29.8;30.5;31.6;;;;;;;;
16;З (Ц);Fidell Hobbs;€8,750 в год;€3тыс. - €8тыс.;;Сдержанный;;;7;;;18.5;26.3;26.8;27.6;;;;;;;;
19;АП (Ц), НП (Ц);Richard McIntosh;€11,000 в год;€3тыс. - €8тыс.;;Неамбициозный;;;12;;;14.8;26.2;27.3;27.7;;;;;;;;
15;ОП, П (Ц);Dylan Da Costa;€8,750 в год;€3тыс. - €8тыс.;;Достаточно настойчивый;;;9;;;16.4;28.7;29.4;30.5;;;;;;;;
21;П (Ц), АП (П);Sam Riches;€11,250 в год;€3тыс. - €8тыс.;;Сдержанный;;;10;;;12.3;21.0;21.4;22.6;;;;;;;;
15;З (Л), П (Ц), НП (Ц);Ivan Wilkins;€8,750 в год;€3тыс. - €8тыс.;;Непостоянный;;;6;;;17.7;26.1;26.8;27.9;;;;;;;;
17;П (ЛЦ), АП (Л), НП (Ц);David Bircham;€8,750 в год;€3тыс. - €8тыс.;;Достаточно настойчивый;;;7;;;12.5;23.2;24.0;24.8;;;;;;;;
17;З (Л);Andrew Robertson;€8,750 в год;€3тыс. - €8тыс.;;Профессионал;;;6;;;17.8;27.1;28.0;28.4;;;;;;;;
16;З (Л);Hannes Seger;€8,750 в год;€3тыс. - €8тыс.;;Сдержанный;;;6;;;16.3;26.2;26.9;28.0;;;;;;;;
16;З (ПЦ);Luke Whelan;€8,750 в год;€3тыс. - €8тыс.;;Неспортивный;;;6;;;16.3;24.5;25.0;25.4;;;;;;;;
16;З (ПЦ);Steven Dickson;€8,750 в год;€3тыс. - €8тыс.;;Неамбициозный;;;6;;;16.4;27.0;28.0;28.7;;;;;;;;
20;З (Л);Grant Pitcher;€10,750 в год;€3тыс. - €8тыс.;;Неамбициозный;;;6;;;18.9;29.2;30.2;30.6;;;;;;;;
17;З (Ц), ОП, П (Ц);Kahlil Spencer;€8,750 в год;€3тыс. - €8тыс.;;Неамбициозный;;;6;;;16.8;27.3;28.4;29.1;;;;;;;;
16;НП (Ц);Thomas Maddison;€8,750 в год;€3тыс. - €8тыс.;;Ненадежный;;;5;;;14.6;24.9;25.8;26.2;;;;;;;;
18;ОП, П (ЛЦ), АП (П);Joël Kashindi;€8,750 в год;€3тыс. - €8тыс.;;Сдержанный;;;9;;;15.1;26.2;27.0;28.2;;;;;;;;
20;П/АП (Ц);Louis Sharp;€11,250 в год;€3тыс. - €8тыс.;;Сдержанный;;;7;;;17.2;31.0;32.3;32.7;;;;;;;;
15;З (Ц);Donát Vas;€8,750 в год;€3тыс. - €8тыс.;;Достаточно дисциплинированный;;;4;;;14.3;22.8;23.4;24.5;;;;;;;;
17;П (Ц);Jason Howells;€8,750 в год;€3тыс. - €9тыс.;;Сдержанный;;;9;;;16.0;30.5;31.6;32.3;;;;;;;;
17;З/П/АП (Ц), НП (Ц);Anthony Graham;€8,750 в год;€3тыс. - €9тыс.;;Нерешительный;;;5;;;15.4;24.3;25.0;26.5;;;;;;;;
20;З (ПЛ), АП (П);Yannick Kom;€15,500 в год;€3тыс. - €9тыс.;;Сдержанный;;;8;;;16.4;24.9;25.4;25.8;;;;;;;;
18;НП (Ц);Jermaine Chulani;€8,750 в год;€3тыс. - €9тыс.;;Достаточно настойчивый;;;7;;;16.6;30.6;31.8;32.2;;;;;;;;
20;П/АП (Ц), НП (Ц);Jeremy Chapman;€17,750 в год;€3тыс. - €9тыс.;;Достаточно дисциплинированный;;;12;;;16.6;29.1;30.0;31.2;;;;;;;;
19;НП (Ц);Yoga Nova;€11,250 в год;€3тыс. - €9тыс.;;Сдержанный;;;7;;;15.4;31.4;32.8;33.9;;;;;;;;
16;П (Ц);David Croft;€8,750 в год;€3тыс. - €28тыс.;;Наемник;;;10;;;20.2;36.5;37.8;38.9;;;;;;;;
17;З (ЛЦ);Allen Starkey;€8,750 в год;€3тыс. - €28тыс.;;Сдержанный;;;5;;;19.7;28.8;29.8;30.2;;;;;;;;
19;НП (Ц);Evan McGowan;€38,500 в год;€3тыс. - €28тыс.;;Неамбициозный;;;12;;;14.7;26.3;27.2;27.6;;;;;;;;
16;АП (Ц), НП (Ц);Ivan Barrow;€8,750 в год;€3тыс. - €28тыс.;;Достаточно настойчивый;;;12;;;17.3;29.7;30.6;31.4;;;;;;;;
21;АП (Л), НП (Ц);Alan Cleary;€37,000 в год;€3тыс. - €28тыс.;;Неамбициозный;;;10;;;17.0;33.0;34.1;35.6;;;;;;;;
16;П/АП (П);Clive Atkinson;€8,750 в год;€3тыс. - €30тыс.;;Достаточно профессионален;;;7;;;13.0;24.5;25.0;26.2;;;;;;;;
21;З (ЛЦ), П (Ц);Wes Rigby;€15,750 в год;€3тыс. - €30тыс.;;Достаточно настойчивый;;;7;;;21.6;34.3;35.3;36.4;;;;;;;;
21;ОП, П/АП (Ц);Joe Nelthorpe;€31,500 в год;€3тыс. - €30тыс.;;Непостоянный;;;12;;;14.8;30.1;31.3;32.4;;;;;;;;
21;ОП, П (ЛЦ), АП (Ц);Geoff Maddison;€17,750 в год;€3тыс. - €30тыс.;;Неамбициозный;;;12;;;14.3;26.0;26.9;28.4;;;;;;;;
17;НП (Ц);Iain Morrison;€8,750 в год;€3тыс. - €30тыс.;;Сдержанный;;;9;;;20.8;32.4;33.5;34.3;;;;;;;;
20;В;Nathan Cox;€17,750 в год;€3.5тыс. - €9тыс.;;Неамбициозный;;;4;;;46.6;57.2;58.5;59.2;;;;;;;;
17;З (ЛЦ);Jean-Claude Machochi;€8,750 в год;€3.5тыс. - €9тыс.;;Неамбициозный;;;12;;;16.2;25.6;26.4;27.9;;;;;;;;
17;КЗ/АП (П);Kian Hughes;€8,750 в год;€3.5тыс. - €9тыс.;;Неамбициозный;;;5;;;14.9;27.0;28.0;28.7;;;;;;;;
17;В;Shane Greengrass;€8,750 в год;€3.5тыс. - €9тыс.;;Достаточно настойчивый;;;3;;;40.8;47.4;48.8;50.3;;;;;;;;
21;З (ПЛЦ);Alfie Golding;€15,000 в год;€3.5тыс. - €9тыс.;;Непостоянный;;;7;;;18.9;26.9;27.4;28.2;;;;;;;;
18;АП (Ц), НП (Ц);Ben Coulson;€10,000 в год;€3.5тыс. - €9тыс.;;Достаточно дисциплинированный;;;7;;;18.4;32.3;33.2;34.3;;;;;;;;
16;З (Ц);Martin Long;€8,750 в год;€3.5тыс. - €9тыс.;;Неамбициозный;;;4;;;16.2;26.3;27.1;28.2;;;;;;;;
17;З (ПЛЦ);Aaron Miller;€8,750 в год;€3.5тыс. - €10тыс.;;Нерешительный;;;6;;;15.6;26.7;27.6;29.1;;;;;;;;
16;З (ЛЦ);Thomas Ingham;€8,750 в год;€3.5тыс. - €10тыс.;;Нерешительный;;;2;;;19.7;28.4;29.6;30.7;;;;;;;;
18;НП (Ц);Mason Hancox;€9,750 в год;€3.5тыс. - €10тыс.;;Неамбициозный;;;7;;;14.8;23.6;24.2;24.5;;;;;;;;
17;З (Ц);Lauge Larsen;€8,750 в год;€3.5тыс. - €10тыс.;;Неамбициозный;;;7;;;18.2;28.1;28.7;29.1;;;;;;;;
16;НП (Ц);Joshua McDonald;€8,750 в год;€3.5тыс. - €10тыс.;;Наемник;;;2;;;12.6;21.7;22.4;23.5;;;;;;;;
17;НП (Ц);Emyr Poole;€8,750 в год;€3.5тыс. - €10тыс.;;Нерешительный;;;8;;;15.1;24.0;24.7;25.8;;;;;;;;
17;П (ЛЦ), АП (ПЛЦ);Reiss Chidi;€8,750 в год;€3.5тыс. - €10тыс.;;Достаточно профессионален;;;7;;;14.5;24.4;25.0;26.2;;;;;;;;
20;ОП, П (Ц);Eddie Thordarson;€13,250 в год;€3.5тыс. - €10тыс.;;Достаточно настойчивый;;;9;;;19.3;32.7;33.7;34.8;;;;;;;;
17;З (ЛЦ);Darragh Birrane;€8,750 в год;€3.5тыс. - €10тыс.;;Реалист;;;8;;;17.2;29.0;30.2;30.5;;;;;;;;
17;З (ЛЦ);Mark Finlayson;€8,750 в год;€3.5тыс. - €10тыс.;;Неамбициозный;;;9;;;19.0;30.4;31.3;32.1;;;;;;;;
17;З (Ц);Jonny Bell;€8,750 в год;€3.5тыс. - €10тыс.;;Неамбициозный;;;7;;;16.2;26.4;27.2;28.0;;;;;;;;
21;З/КЗ (Л);Mees Brandt;€16,250 в год;€3.5тыс. - €10тыс.;;Нерешительный;;;10;;;21.6;31.8;32.2;33.0;;;;;;;;
21;П (Л), АП (ПЛ), НП (Ц);Jack Johnson;€14,750 в год;€3.5тыс. - €10тыс.;;Нерешительный;;;11;;;18.1;31.9;32.8;34.0;;;;;;;;
19;П (Ц), АП (П);Ryan Mackay;€21,000 в год;€3.5тыс. - €35тыс.;;Сдержанный;;;10;;;16.6;30.1;31.0;32.1;;;;;;;;
16;П/АП (П);Remi Bailey-Jones;€8,750 в год;€3.5тыс. - €35тыс.;;Легкомысленный;;;7;;;17.0;29.0;30.0;30.3;;;;;;;;
16;З (П);Darren Kay;€8,750 в год;€3.5тыс. - €35тыс.;;Сдержанный;;;10;;;22.4;34.9;35.6;37.0;;;;;;;;
17;АП (П), НП (Ц);Louis Lowndes;€8,750 в год;€3.5тыс. - €35тыс.;;Неамбициозный;;;12;;;17.0;31.4;32.6;33.0;;;;;;;;
16;З (Ц);Jamie Jones;€8,750 в год;€3.5тыс. - €35тыс.;;Реалист;;;6;;;19.0;29.9;31.1;31.5;;;;;;;;
20;З (Ц), ОП, П (Ц);David Musah;€26,500 в год;€3.5тыс. - €35тыс.;;Сдержанный;;;12;;;19.8;32.1;32.9;33.7;;;;;;;;
19;НП (Ц);David Crammond;€22,500 в год;€3.5тыс. - €35тыс.;;Неамбициозный;;;9;;;13.6;25.9;26.9;28.0;;;;;;;;
21;КЗ (П), ОП, П (ПЦ);Gareth Appleyard;€19,750 в год;€3.5тыс. - €35тыс.;;Сдержанный;;;13;;;19.8;30.2;30.8;31.2;;;;;;;;
19;П/АП (П), НП (Ц);Ray Lee;€43,500 в год;€3.5тыс. - €35тыс.;;Неамбициозный;;;12;;;12.2;22.2;22.8;23.1;;;;;;;;
21;ОП, П (ЛЦ);Brian Lonsdale;€25,000 в год;€3.5тыс. - €35тыс.;;Сдержанный;;;4;;;21.0;29.6;30.1;31.6;;;;;;;;
17;НП (Ц);Noel Heywood;€8,750 в год;€4тыс. - €10тыс.;;Сдержанный;;;11;;;14.4;26.6;27.6;28.4;;;;;;;;
17;П/АП (Ц);Eric Chapman;€8,750 в год;€4тыс. - €10тыс.;;Профессионал;;;12;;;16.6;28.4;29.3;30.0;;;;;;;;
21;П (ПЛЦ), АП (Ц);Elliot Dlangalala;€14,000 в год;€4тыс. - €10тыс.;;Неамбициозный;;;12;;;21.0;34.0;34.8;35.6;;;;;;;;
19;З/КЗ/П (Л);Reiner Hammerschmidt;€11,500 в год;€4тыс. - €12тыс.;;Неамбициозный;;;12;;;15.7;25.5;26.4;26.7;;;;;;;;
20;П/АП (ПЛ), НП (Ц);Andre Darby;€9,750 в год;€4тыс. - €12тыс.;;Сдержанный;;;10;;;14.9;25.9;26.8;27.6;;;;;;;;
19;П (ПЛ), АП (Л);Marvin Hunt;€19,000 в год;€4тыс. - €12тыс.;;Достаточно настойчивый;;;9;;;13.7;22.6;23.2;23.9;;;;;;;;
16;АП (П);Mitchell Morrison;€8,750 в год;€4тыс. - €12тыс.;;Наемник;;;9;;;15.2;24.2;25.1;25.5;;;;;;;;
17;П/АП (П);Jerome Hogg;€8,750 в год;€4тыс. - €12тыс.;;Энергичный;;;10;;;17.0;27.0;27.8;28.6;;;;;;;;
17;П (Ц), АП (П), НП (Ц);Javorn Jones;€8,750 в год;€4тыс. - €12тыс.;;Достаточно дисциплинированный;;;5;;;13.2;22.5;23.1;23.5;;;;;;;;
21;З (ПЦ);Lee Johns;€19,000 в год;€4тыс. - €12тыс.;;Достаточно настойчивый;;;3;;;17.5;26.0;26.7;27.4;;;;;;;;
18;З/КЗ (П);Stephan Sherlock;€8,750 в год;€4тыс. - €12тыс.;;Низкая самооценка;;;6;;;17.3;26.7;27.2;27.6;;;;;;;;
18;П (Ц), АП (ПЦ);Richard Fawcett;€8,750 в год;€4тыс. - €12тыс.;;Неамбициозный;;;10;;;14.4;27.3;28.2;29.3;;;;;;;;
21;З (Ц), ОП, П/АП (Ц);Sandy Wright;€10,000 в год;€4тыс. - €12тыс.;;Энергичный;;;7;;;20.8;31.3;31.8;33.0;;;;;;;;
21;З (ПЦ), ОП, П (ПЦ);Dylan Cox;€13,250 в год;€4тыс. - €12тыс.;;Тверд в решениях;;;5;;;18.0;25.6;26.1;26.4;;;;;;;;
16;ОП, П (Ц), АП (П);Tom Williams;€8,750 в год;€4тыс. - €12тыс.;;Неамбициозный;;;9;;;17.8;29.2;30.3;31.0;;;;;;;;
17;З (ПЦ);Simon Dooley;€8,750 в год;€4тыс. - €40тыс.;;Сдержанный;;;6;;;16.7;27.3;28.2;29.3;;;;;;;;
16;П/АП (Л);Jordan Gough;€8,750 в год;€4тыс. - €40тыс.;;Легкомысленный;;;11;;;15.9;29.0;29.9;30.6;;;;;;;;
18;З (Ц), ОП, П (Ц);Dyfan Russell;€24,500 в год;€4тыс. - €40тыс.;;Достаточно лояльный;;;13;;;21.9;34.4;35.3;36.0;;;;;;;;
16;П (ЛЦ), АП (Ц);Christian Popoola;€8,750 в год;€4тыс. - €40тыс.;;Энергичный;;;10;;;18.2;32.1;33.2;34.3;;;;;;;;
19;АП (Л), НП (Ц);Ben Cox;€27,500 в год;€4тыс. - €40тыс.;;Достаточно профессионален;;;9;;;14.6;27.4;28.5;28.9;;;;;;;;
21;З (ЛЦ), П (Л);Harvey Spellman;€21,500 в год;€4.5тыс. - €12тыс.;;Неамбициозный;;;5;;;22.3;31.9;32.7;33.1;;;;;;;;
16;П/АП (Ц), НП (Ц);Ramiro Machuca;€8,750 в год;€4.5тыс. - €12тыс.;;Неамбициозный;;;10;;;18.2;28.6;29.6;30.7;;;;;;;;
16;НП (Ц);Blair Pettigrew;€8,750 в год;€4.5тыс. - €12тыс.;;Неамбициозный;;;10;;;13.9;23.1;23.8;25.0;;;;;;;;
17;В;Kyle Rhodes;€8,750 в год;€4.5тыс. - €12тыс.;;Неамбициозный;;;2;;;37.2;41.8;43.0;47.2;;;;;;;;
17;З (ЛЦ);Danni Grant;€8,750 в год;€4.5тыс. - €14тыс.;;Достаточно дисциплинированный;;;4;;;18.5;26.8;27.4;28.2;;;;;;;;
16;НП (Ц);Matt Woods;€8,750 в год;€4.5тыс. - €14тыс.;;Низкая самооценка;;;11;;;17.1;31.6;32.8;34.0;;;;;;;;
19;П/АП (Л);Robert Harper;€9,500 в год;€4.5тыс. - €14тыс.;;Достаточно настойчивый;;;6;;;12.8;22.2;22.8;23.9;;;;;;;;
20;З/КЗ/П (Л);Raphael Kihwelo;€21,000 в год;€4.5тыс. - €14тыс.;;Достаточно настойчивый;;;6;;;18.3;29.6;30.5;30.9;;;;;;;;
17;П/АП (Л);James Croft;€8,750 в год;€4.5тыс. - €14тыс.;;Профессионал;;;12;;;15.7;27.4;28.2;29.4;;;;;;;;
15;З (Л);Jonathan McManus;€8,750 в год;€4.5тыс. - €14тыс.;;Сдержанный;;;11;;;13.6;22.2;22.7;23.4;;;;;;;;
17;НП (Ц);Gary Cawley;€8,750 в год;€4.5тыс. - €14тыс.;;Неамбициозный;;;6;;;16.3;25.7;26.2;26.6;;;;;;;;
21;П/АП (П), НП (Ц);Sabahattin Şen;€23,000 в год;€5тыс. - €14тыс.;;Сдержанный;;;6;;;15.8;25.0;25.6;26.0;;;;;;;;
17;З (П);Ricardo Cervi;€8,750 в год;€5тыс. - €14тыс.;;Наемник;;;8;;;18.5;28.2;28.9;30.1;;;;;;;;
17;П (Ц), АП (П), НП (Ц);Lenroy Maragh;€8,750 в год;€5тыс. - €14тыс.;;Наемник;;;11;;;19.0;30.0;30.7;31.4;;;;;;;;
16;НП (Ц);Jack Weatherstone;€8,750 в год;€5тыс. - €14тыс.;;Достаточно профессионален;;;10;;;13.4;24.6;25.3;25.7;;;;;;;;
19;П/АП (Ц);Jack Newman;€6,250 в год;€5тыс. - €14тыс.;;Достаточно амбициозный;;;10;;;17.7;31.3;32.4;33.1;;;;;;;;
21;П (ЛЦ), АП (Л);Paul Osborne;€12,250 в год;€5тыс. - €14тыс.;;Сдержанный;;;5;;;14.0;23.2;23.8;24.2;;;;;;;;
18;З (ПЦ), П/АП (Ц);Graham Harris;€11,250 в год;€5тыс. - €14тыс.;;Сдержанный;;;5;;;16.6;26.2;26.9;27.7;;;;;;;;
17;АП (П), НП (Ц);Rhys Murphy;€8,750 в год;€5тыс. - €14тыс.;;Сдержанный;;;8;;;14.0;25.7;26.7;28.2;;;;;;;;
16;П (Л), АП (ПЛ);Connor Bonnevie;€8,750 в год;€5тыс. - €14тыс.;;Сдержанный;;;10;;;17.5;28.6;29.4;30.6;;;;;;;;
21;З (Ц), ОП, П (Ц);Lucas Campbell;€17,000 в год;€5тыс. - €14тыс.;;Нерешительный;;;7;;;17.4;27.5;28.4;28.7;;;;;;;;
19;П/АП (Л);Duncan Howes;€9,000 в год;€5тыс. - €14тыс.;;Неамбициозный;;;9;;;14.8;25.3;26.0;27.2;;;;;;;;
19;П/АП (Ц), НП (Ц);Michael Andrews;€7,250 в год;€5тыс. - €16тыс.;;Неамбициозный;;;9;;;15.4;30.8;31.9;32.3;;;;;;;;
21;З/КЗ (Л);Garry Cooper;€6,500 в год;€5тыс. - €16тыс.;;Нерешительный;;;6;;;18.3;27.8;28.2;29.0;;;;;;;;
17;П/АП (П);Dawson Butler;€8,750 в год;€5тыс. - €16тыс.;;Реалист;;;6;;;15.0;26.2;26.8;27.2;;;;;;;;
21;П/АП (Ц), НП (Ц);Mick Meaney;€11,000 в год;€5тыс. - €16тыс.;;Сдержанный;;;10;;;16.5;32.2;33.2;34.4;;;;;;;;
16;З (Ц);Michael Isa;€8,750 в год;€5тыс. - €50тыс.;;Нерешительный;;;5;;;18.6;27.4;28.6;29.3;;;;;;;;
20;З (ЛЦ), П/АП (Л);Danny Collison;€33,500 в год;€5тыс. - €50тыс.;;Сдержанный;;;7;;;19.8;30.4;31.2;32.4;;;;;;;;
18;З (ПЛЦ);John Graham;€8,750 в год;€5тыс. - €50тыс.;;Сдержанный;;;4;;;20.4;31.3;31.8;32.6;;;;;;;;
17;З (Ц);Fankaty Collier;€8,750 в год;€5тыс. - €55тыс.;;Темпераментный;;;6;;;17.6;28.4;29.2;30.4;;;;;;;;
15;П/АП (П), НП (Ц);Rashid Razak;€8,750 в год;€6тыс. - €16тыс.;;Энергичный;;;10;;;13.7;23.0;23.8;25.3;;;;;;;;
18;З (Ц);Phil John;€7,250 в год;€6тыс. - €16тыс.;;Сдержанный;;;7;;;20.1;29.9;30.6;31.7;;;;;;;;
16;П (П);Chris Bishop;€8,750 в год;€6тыс. - €16тыс.;;Сдержанный;;;10;;;16.7;29.6;30.4;30.8;;;;;;;;
21;З (Ц), ОП, П/АП (Ц);Toby Ashton;€18,250 в год;€6тыс. - €16тыс.;;Достаточно настойчивый;;;13;;;19.5;31.5;32.3;33.4;;;;;;;;
16;ОП, П (Ц);Timo Heinonen;€8,750 в год;€6тыс. - €16тыс.;;Нерешительный;;;11;;;15.9;26.7;27.2;28.0;;;;;;;;
18;ОП, П (Ц);Barrie Wrench;€6,250 в год;€6тыс. - €16тыс.;;Неамбициозный;;;9;;;14.6;27.8;28.8;29.2;;;;;;;;
16;ОП, П (Ц);Kevin Mullen;€8,750 в год;€6тыс. - €16тыс.;;Неамбициозный;;;7;;;15.4;25.7;26.8;27.2;;;;;;;;
21;П/АП (П);Vince Hill;€17,000 в год;€6тыс. - €16тыс.;;Неамбициозный;;;10;;;13.5;23.6;24.4;24.8;;;;;;;;
16;НП (Ц);Arthur Moore;€8,750 в год;€6тыс. - €18тыс.;;Достаточно амбициозный;;;6;;;15.2;27.5;28.6;29.0;;;;;;;;
15;АП (П), НП (Ц);John Donnelly;€8,750 в год;€6тыс. - €18тыс.;;Достаточно дисциплинированный;;;8;;;16.0;27.7;28.4;29.6;;;;;;;;
21;В;Jake Collier;€6,250 в год;€6тыс. - €18тыс.;;Неамбициозный;;;1;;;31.5;39.2;40.4;41.2;;;;;;;;
20;П (ПЦ), АП (П);Steve Farrell;€13,750 в год;€6тыс. - €18тыс.;;Неамбициозный;;;9;;;16.1;25.7;26.4;26.8;;;;;;;;
17;НП (Ц);Jack Newton;€8,750 в год;€6тыс. - €18тыс.;;Неамбициозный;;;6;;;15.5;27.8;28.8;29.2;;;;;;;;
16;В;Tom Watts;€8,750 в год;€6тыс. - €18тыс.;;Достаточно профессионален;;;1;;;41.3;47.1;48.7;49.0;;;;;;;;
17;П (Ц);Robert Quinn;€8,750 в год;€6тыс. - €18тыс.;;Достаточно амбициозный;;;9;;;18.9;35.4;36.2;37.0;;;;;;;;
21;В;Antoni Heatley;€26,500 в год;€6тыс. - €18тыс.;;Низкая самооценка;;;5;;;47.8;56.1;57.4;59.7;;;;;;;;
19;З (П), ОП, П (Ц);Cai Eyre;€11,250 в год;€6тыс. - €18тыс.;;Сдержанный;;;12;;;18.1;30.9;31.8;32.6;;;;;;;;
20;З (ПЛЦ);Lee Dickinson;€15,250 в год;€6тыс. - €18тыс.;;Достаточно профессионален;;;8;;;17.2;27.8;28.8;29.5;;;;;;;;
21;П/АП (Ц);Tom Askey;€19,500 в год;€6тыс. - €18тыс.;;Ненадежный;;;13;;;17.3;31.9;33.2;34.0;;;;;;;;
18;З/КЗ/АП (Л);Dan Morgan;€6,500 в год;€6тыс. - €18тыс.;;Достаточно настойчивый;;;5;;;18.0;28.7;29.6;30.0;;;;;;;;
17;П/АП (ПЦ);Trevor Anthony;€8,750 в год;€6тыс. - €55тыс.;;Достаточно профессионален;;;12;;;15.4;29.6;30.3;31.4;;;;;;;;
18;ОП, П/АП (Ц), НП (Ц);Neil Robertson;€42,500 в год;€6тыс. - €55тыс.;;Сдержанный;;;8;;;18.3;30.2;31.0;31.8;;;;;;;;
21;П/АП (Ц), НП (Ц);Chris Biggs;€22,500 в год;€6тыс. - €60тыс.;;Сдержанный;;;13;;;15.2;30.4;31.0;31.4;;;;;;;;
15;НП (Ц);Etienne Kabamba;€8,750 в год;€6тыс. - €60тыс.;;Сдержанный;;;9;;;19.2;31.8;32.6;32.9;;;;;;;;
16;АП (Ц);Bobby Watts;€8,750 в год;€6тыс. - €60тыс.;;Достаточно дисциплинированный;;;12;;;18.6;32.0;32.7;33.1;;;;;;;;
19;АП (ПЛ), НП (Ц);Dion Relish;€26,000 в год;€6тыс. - €60тыс.;;Сдержанный;;;10;;;14.5;25.7;26.6;27.8;;;;;;;;
18;З/КЗ/АП (П);Robbie Wilkinson;€97,500 в год;€6тыс. - €65тыс.;;Достаточно настойчивый;;;10;;;18.8;31.6;32.4;32.8;;;;;;;;
17;З (ПЦ);Allan McCord;€8,750 в год;€7тыс. - €18тыс.;;Сдержанный;;;6;;;18.0;28.5;29.4;30.5;;;;;;;;
17;АП (ПЦ), НП (Ц);Chay Norton;€8,750 в год;€7тыс. - €18тыс.;;Достаточно профессионален;;;9;;;16.0;27.0;28.1;28.5;;;;;;;;
17;АП (Ц), НП (Ц);Jules Ngiamba;€8,750 в год;€7тыс. - €18тыс.;;Неамбициозный;;;9;;;18.5;32.3;33.2;34.3;;;;;;;;
20;АП (Ц), НП (Ц);Connan Ong;€19,500 в год;€7тыс. - €20тыс.;;Неамбициозный;;;14;;;16.0;28.8;30.0;30.7;;;;;;;;
17;В;Mike Howl;€8,750 в год;€7тыс. - €20тыс.;;Сдержанный;;;10;;;40.1;49.4;51.7;52.1;;;;;;;;
17;З (ЛЦ);Ousmane Diomandé;€8,750 в год;€7тыс. - €20тыс.;;Непостоянный;;;5;;;17.7;27.6;28.5;29.6;;;;;;;;
21;АП (П), НП (Ц);Antonio Anderson;€21,000 в год;€7тыс. - €20тыс.;;Достаточно профессионален;;;9;;;15.3;25.4;25.9;26.6;;;;;;;;
15;З (ПЛЦ);Dominic Stocks;€8,750 в год;€7тыс. - €20тыс.;;Сдержанный;;;3;;;20.6;29.6;30.6;31.4;;;;;;;;
17;В;Jon Jones;€7,250 в год;€7тыс. - €20тыс.;;Ненадежный;;;4;;;40.1;48.8;50.4;51.2;;;;;;;;
16;З (Ц);Richard Samuels;€8,750 в год;€7тыс. - €22тыс.;;Неамбициозный;;;7;;;15.7;25.5;26.3;27.4;;;;;;;;
16;З (ПЦ);Jack Russell;€8,750 в год;€7тыс. - €22тыс.;;Сдержанный;;;5;;;19.9;27.5;28.2;28.6;;;;;;;;
16;НП (Ц);Ernie Buckley;€8,750 в год;€7тыс. - €22тыс.;;Нерешительный;;;8;;;13.5;23.8;24.3;25.4;;;;;;;;
20;ОП, П/АП (Ц);Callum Burton;€10,000 в год;€7тыс. - €22тыс.;;Сдержанный;;;9;;;19.2;34.1;35.0;36.5;;;;;;;;
21;П (Л), АП (ПЛ), НП (Ц);Roger Jones;€32,500 в год;€7тыс. - €22тыс.;;Сдержанный;;;12;;;13.3;24.9;25.7;26.1;;;;;;;;
20;В;Scott Bell;€15,500 в год;€7тыс. - €22тыс.;;Нерешительный;;;1;;;43.4;52.1;54.5;57.5;;;;;;;;
16;З (Ц);Malcolm Watson;€8,750 в год;€7тыс. - €22тыс.;;Неамбициозный;;;7;;;16.3;25.4;26.2;27.4;;;;;;;;
19;З (ПЦ);Tom Lloyd;€17,250 в год;€7тыс. - €22тыс.;;Профессионал;;;8;;;20.2;27.4;28.0;28.4;;;;;;;;
20;П/АП (Ц), НП (Ц);Andre Maddison;€39,500 в год;€7тыс. - €65тыс.;;Неамбициозный;;;12;;;17.3;33.3;34.5;35.2;;;;;;;;
17;КЗ/П/АП (П);Charlie Robinson;€8,750 в год;€7тыс. - €70тыс.;;Неамбициозный;;;11;;;16.2;27.5;28.1;29.2;;;;;;;;
17;З/КЗ (П), ОП, П (ЛЦ);Jim Lambert;€8,750 в год;€7тыс. - €70тыс.;;Сдержанный;;;5;;;19.2;31.5;32.2;33.4;;;;;;;;
19;КЗ (Л);Ben Wakefield;€28,000 в год;€7тыс. - €70тыс.;;Достаточно профессионален;;;5;;;19.3;31.4;32.0;32.3;;;;;;;;
16;НП (Ц);Max Henry;€8,750 в год;€7тыс. - €70тыс.;;Неамбициозный;;;8;;;18.6;32.0;33.0;34.5;;;;;;;;
21;ОП, П (ЛЦ), АП (Л);James Harris-Sterling;€33,500 в год;€7тыс. - €70тыс.;;Сдержанный;;;8;;;19.4;35.6;36.8;37.2;;;;;;;;
17;П/АП (Ц);Jordan Gordon;€8,750 в год;€7тыс. - €75тыс.;;Неамбициозный;;;13;;;17.8;32.5;33.5;34.6;;;;;;;;
19;З (ПЦ);Oliver Shamshoum;€31,000 в год;€7тыс. - €75тыс.;;Нерешительный;;;9;;;22.2;33.3;33.9;34.3;;;;;;;;
20;ОП, П (Ц);Bradley Hancock;€18,750 в год;€8тыс. - €22тыс.;;Сдержанный;;;8;;;19.7;33.6;34.3;35.0;;;;;;;;
17;П (ПЦ), АП (Ц);Lewis Conn;€8,750 в год;€8тыс. - €22тыс.;;Сдержанный;;;9;;;15.6;30.2;31.3;32.1;;;;;;;;
20;В;Don Thomas;€6,750 в год;€8тыс. - €24тыс.;;Сдержанный;;;1;;;46.2;53.6;55.0;55.3;;;;;;;;
18;В;Kevahn Tesselaar;€8,750 в год;€8тыс. - €24тыс.;;Наемник;;;7;;;47.7;53.6;55.2;55.6;;;;;;;;
20;АП (ПЦ), НП (Ц);Tom Jarvis;€20,000 в год;€8тыс. - €24тыс.;;Нерешительный;;;10;;;17.2;28.6;29.6;29.9;;;;;;;;
21;П/АП (Ц), НП (Ц);Aaron Parry;€26,000 в год;€8тыс. - €24тыс.;;Энергичный;;;9;;;18.0;35.2;36.3;37.8;;;;;;;;
19;З (Ц);David Donaldson;€13,750 в год;€8тыс. - €24тыс.;;Спортивный;;;8;;;19.6;30.3;31.2;31.9;;;;;;;;
19;В;Nathan Bibby;€13,000 в год;€8тыс. - €24тыс.;;Сдержанный;;;2;;;37.6;44.4;45.9;48.5;;;;;;;;
17;АП (ЛЦ);Brandon Fellowes;€8,750 в год;€8тыс. - €24тыс.;;Неамбициозный;;;6;;;15.1;25.8;26.6;27.7;;;;;;;;
16;П (Ц);Nick Wheeler;€8,750 в год;€8тыс. - €24тыс.;;Сдержанный;;;9;;;17.8;31.4;32.3;33.4;;;;;;;;
17;АП (Л);Ian Moloney;€8,750 в год;€8тыс. - €24тыс.;;Сдержанный;;;14;;;14.1;25.8;26.6;27.4;;;;;;;;
20;З (Ц);Dawid Ludwikowski;€10,000 в год;€8тыс. - €24тыс.;;Достаточно профессионален;;;6;;;17.2;28.2;29.0;30.2;;;;;;;;
19;П (Ц), АП (ПЦ);Leonardo Tavares;€12,500 в год;€8тыс. - €75тыс.;;Достаточно настойчивый;;;9;;;18.4;34.4;35.6;37.1;;;;;;;;
18;З (ЛЦ);Dariusz Wiśniewski;€11,750 в год;€8тыс. - €80тыс.;;Сдержанный;;;7;;;18.9;30.6;31.4;32.5;;;;;;;;
20;П (П), АП (ПЛЦ);Graeme Ramsden;€56,500 в год;€8тыс. - €80тыс.;;Неамбициозный;;;12;;;18.6;34.6;35.8;37.3;;;;;;;;
20;З (ЛЦ), КЗ (Л);Jack Madden;€16,000 в год;€8тыс. - €85тыс.;;Сдержанный;;;7;;;19.4;28.6;29.6;30.4;;;;;;;;
21;З/КЗ (Л);Robin Jarman;€14,750 в год;€8тыс. - €85тыс.;;Достаточно дисциплинированный;;;8;;;19.4;29.3;30.1;30.4;;;;;;;;
17;П (ЛЦ), АП (Ц);Nathan Rowe;€19,000 в год;€9тыс. - €24тыс.;;Сдержанный;;;11;;;16.8;28.3;29.3;29.7;;;;;;;;
16;НП (Ц);Jayden Jermy;€8,750 в год;€9тыс. - €24тыс.;;Темпераментный;;;8;;;16.4;27.0;27.8;28.2;;;;;;;;
18;З (ЛЦ), П (Ц);Fraser Wigley;€8,750 в год;€9тыс. - €24тыс.;;Ненадежный;;;6;;;16.8;27.2;27.9;28.3;;;;;;;;
17;В;Christian Olsen;€8,750 в год;€9тыс. - €26тыс.;;Достаточно профессионален;;;4;;;43.8;51.1;52.4;53.2;;;;;;;;
18;ОП, П (ПЦ);Kamar Breakspeare;€12,750 в год;€9тыс. - €26тыс.;;Достаточно профессионален;;;9;;;16.2;29.7;30.4;30.7;;;;;;;;
18;З (ЛЦ);James Harris;€12,750 в год;€9тыс. - €26тыс.;;Неамбициозный;;;6;;;20.7;31.6;32.4;33.5;;;;;;;;
20;П/АП (П);Jamie Kee;€16,250 в год;€9тыс. - €26тыс.;;Тверд в решениях;;;13;;;15.3;25.8;26.6;27.7;;;;;;;;
17;З (Ц);Adie Douglas;€8,750 в год;€9тыс. - €26тыс.;;Ненадежный;;;8;;;18.6;29.7;30.4;31.5;;;;;;;;
17;В;Simon Cameron;€8,750 в год;€9тыс. - €26тыс.;;Достаточно профессионален;;;2;;;44.4;51.4;52.6;54.8;;;;;;;;
18;КЗ (П);Sean Fenton;€13,250 в год;€9тыс. - €26тыс.;;Неамбициозный;;;7;;;17.5;28.4;29.3;29.7;;;;;;;;
21;П (ПЦ);Kevin France;€31,500 в год;€9тыс. - €26тыс.;;Напористый;;;8;;;15.0;29.2;30.4;31.5;;;;;;;;
17;П/АП (Ц);Sion Reid;€8,750 в год;€9тыс. - €26тыс.;;Сдержанный;;;13;;;18.7;31.2;32.2;33.0;;;;;;;;
20;З (ПЦ), КЗ (П);Patrick Futcher;€14,000 в год;€9тыс. - €26тыс.;;Неамбициозный;;;5;;;19.1;28.5;29.2;30.3;;;;;;;;
16;АП (Ц);Colin Kelly;€8,750 в год;€9тыс. - €26тыс.;;Напористый;;;10;;;15.1;25.6;26.2;26.6;;;;;;;;
18;НП (Ц);Josh Harper;€8,750 в год;€9тыс. - €26тыс.;;Достаточно дисциплинированный;;;5;;;16.2;25.6;26.3;26.7;;;;;;;;
21;П/АП (Ц), НП (Ц);Phil Quinn;€15,500 в год;€9тыс. - €26тыс.;;Сдержанный;;;9;;;16.0;29.0;29.7;30.1;;;;;;;;
17;КЗ (П), АП (ПЛ);Danny Godbold;€8,750 в год;€9тыс. - €26тыс.;;Нерешительный;;;6;;;14.8;24.5;25.2;25.6;;;;;;;;
21;З (ПЦ), П (Ц);Shaun Slaven;€13,000 в год;€9тыс. - €26тыс.;;Достаточно профессионален;;;5;;;16.2;28.2;29.1;30.2;;;;;;;;
18;НП (Ц);Keyshawn Levy;€8,750 в год;€9тыс. - €26тыс.;;Наемник;;;8;;;18.5;32.0;33.2;33.5;;;;;;;;
16;АП (Ц), НП (Ц);Liam Burns;€8,750 в год;€9тыс. - €28тыс.;;Лояльный;;;8;;;16.4;30.3;31.4;32.6;;;;;;;;
16;З (ЛЦ);Marley Smith;€8,750 в год;€9тыс. - €95тыс.;;Сдержанный;;;6;;;19.9;29.5;30.0;31.5;;;;;;;;
18;З/КЗ/П/АП (Л);Max Ward;€19,500 в год;€10тыс. - €28тыс.;;Достаточно дисциплинированный;;;5;;;13.9;23.4;24.1;24.8;;;;;;;;
21;П (Ц), НП (Ц);Matthew Bolton;€19,250 в год;€10тыс. - €28тыс.;;Сдержанный;;;9;;;18.0;30.1;31.2;32.0;;;;;;;;
18;П (Ц);Ellis Bewick;€8,750 в год;€10тыс. - €28тыс.;;Достаточно настойчивый;;;13;;;16.6;27.5;28.2;28.6;;;;;;;;
18;АП (Л);Theo Belafonte;€8,750 в год;€10тыс. - €28тыс.;;Энергичный;;;8;;;14.5;26.1;26.8;27.9;;;;;;;;
18;АП (Ц), НП (Ц);Dwayne Neblett;€18,000 в год;€10тыс. - €28тыс.;;Ненадежный;;;12;;;13.8;26.8;27.6;28.7;;;;;;;;
20;З/КЗ/П/АП (Л);Kian Conroy;€30,000 в год;€10тыс. - €30тыс.;;Тверд в решениях;;;7;;;16.2;27.6;28.3;29.0;;;;;;;;
17;ОП, П/АП (Ц);Mark Beggs;€8,750 в год;€10тыс. - €30тыс.;;Сдержанный;;;15;;;15.5;29.1;30.2;30.5;;;;;;;;
17;П/АП (Ц);Melvin Fitzgerald;€22,500 в год;€10тыс. - €30тыс.;;Темпераментный;;;15;;;17.9;31.4;32.4;32.8;;;;;;;;
21;З (ПЦ);Liam White;€24,000 в год;€10тыс. - €30тыс.;;Неамбициозный;;;5;;;19.7;28.4;29.0;30.2;;;;;;;;
20;АП (П), НП (Ц);Ada Newman;€13,000 в год;€10тыс. - €30тыс.;;Сдержанный;;;8;;;16.6;26.9;27.8;28.6;;;;;;;;
20;В;Kemar Bishop;€7,250 в год;€10тыс. - €30тыс.;;Неамбициозный;;;6;;;39.6;48.2;50.3;51.4;;;;;;;;
19;АП (П), НП (Ц);Marc Bailey;€24,000 в год;€10тыс. - €30тыс.;;Профессионал;;;7;;;16.7;25.2;25.6;26.7;;;;;;;;
16;З (Л);Duncan White;€8,750 в год;€10тыс. - €30тыс.;;Профессионал;;;5;;;17.6;26.6;27.4;27.8;;;;;;;;
16;З/П (Ц), НП (Ц);Mark Quinn;€8,750 в год;€10тыс. - €100тыс.;;Наемник;;;9;;;19.3;28.6;29.2;30.8;;;;;;;;
16;В;Thomas Quilty;€8,750 в год;€10тыс. - €100тыс.;;Неамбициозный;;;3;;;45.2;53.2;54.4;55.2;;;;;;;;
21;КЗ/П/АП (Л);Seamus McLean;€31,500 в год;€10тыс. - €100тыс.;;Достаточно настойчивый;;;9;;;15.9;31.0;32.1;33.2;;;;;;;;
19;В;Shane Douglas;€14,250 в год;€10тыс. - €100тыс.;;Сдержанный;;;1;;;44.6;48.9;50.3;51.0;;;;;;;;
21;В;Ercan Uzun;€60,500 в год;€10тыс. - €110тыс.;;Достаточно профессионален;;;3;;;54.1;63.0;64.2;64.6;;;;;;;;
21;З (Ц);Glenn McCallion;€6,000 в год;€10тыс. - €110тыс.;;Неамбициозный;;;9;;;19.3;29.0;29.9;31.4;;;;;;;;
21;З (ПЦ);James Boakye;€51,000 в год;€10тыс. - €110тыс.;;Достаточно настойчивый;;;6;;;22.2;35.0;36.0;37.5;;;;;;;;
17;З (Ц), ОП;Aidan Heler-Bourne;€8,750 в год;€10тыс. - €110тыс.;;Сдержанный;;;10;;;18.2;27.7;28.5;28.9;;;;;;;;
17;З (Ц);Kari Seppä;€8,750 в год;€12тыс. - €30тыс.;;Нерешительный;;;4;;;16.6;25.2;26.2;27.3;;;;;;;;
17;НП (Ц);Frank Uzeh;€8,750 в год;€12тыс. - €35тыс.;;Достаточно настойчивый;;;9;;;14.6;26.5;27.8;28.5;;;;;;;;
16;НП (Ц);Andy McElhatton;€8,750 в год;€12тыс. - €35тыс.;;Достаточно настойчивый;;;7;;;16.5;25.1;25.8;26.6;;;;;;;;
16;НП (Ц);Joe Kennedy;€8,750 в год;€12тыс. - €35тыс.;;Ненадежный;;;6;;;15.2;26.1;27.0;27.3;;;;;;;;
16;ОП, П (ЛЦ);Daniel Grogan;€8,750 в год;€12тыс. - €35тыс.;;Достаточно настойчивый;;;8;;;15.2;26.2;27.0;28.1;;;;;;;;
16;З (П);Shavaughn Boothe;€8,750 в год;€12тыс. - €35тыс.;;Неамбициозный;;;7;;;20.1;32.1;33.2;34.3;;;;;;;;
17;ОП, П (ЛЦ);Derek Doherty;€8,750 в год;€12тыс. - €35тыс.;;Сдержанный;;;11;;;19.8;34.8;35.9;36.3;;;;;;;;
18;В;Jacob Laing;€10,750 в год;€12тыс. - €35тыс.;;Сдержанный;;;3;;;43.4;50.3;51.8;52.2;;;;;;;;
18;З (ПЛЦ);Keelan Chudy;€14,750 в год;€12тыс. - €35тыс.;;Достаточно настойчивый;;;8;;;18.7;30.4;31.1;31.9;;;;;;;;
21;З (ПЦ);Daniel Angell;€19,000 в год;€12тыс. - €35тыс.;;Сдержанный;;;9;;;19.4;28.2;28.6;29.0;;;;;;;;
17;З (ПЛ), КЗ (П);Mike Evans;€8,750 в год;€12тыс. - €35тыс.;;Достаточно дисциплинированный;;;10;;;18.0;28.2;28.9;29.6;;;;;;;;
18;НП (Ц);Kieran Brogan;€8,750 в год;€12тыс. - €35тыс.;;Наемник;;;5;;;14.4;23.8;24.8;25.2;;;;;;;;
15;П/АП (Ц);João Correia;€8,750 в год;€12тыс. - €35тыс.;;Сдержанный;;;8;;;15.6;31.9;33.0;33.4;;;;;;;;
16;ОП, П (Ц);Junior Ngoy;€8,750 в год;€12тыс. - €35тыс.;;Непостоянный;;;10;;;16.4;28.8;29.8;30.9;;;;;;;;
19;З (Ц);Macauley Mellors-Blair;€9,250 в год;€12тыс. - €35тыс.;;Достаточно лояльный;;;8;;;17.0;26.6;27.5;27.9;;;;;;;;
16;В;Salih Kaya;€8,750 в год;€12тыс. - €35тыс.;;Темпераментный;;;4;;;44.5;53.3;54.7;55.4;;;;;;;;
20;З (ЛЦ), КЗ (Л);Connor Wilson;€11,750 в год;€12тыс. - €35тыс.;;Достаточно лояльный;;;4;;;19.0;27.8;28.6;29.0;;;;;;;;
16;З (Ц);Kane Bowman;€8,750 в год;€12тыс. - €35тыс.;;Неамбициозный;;;9;;;18.1;27.2;28.0;29.1;;;;;;;;
19;П (ПЦ), АП (Ц);Will Lehane;€8,750 в год;€12тыс. - €35тыс.;;Неамбициозный;;;9;;;16.7;32.1;33.3;33.7;;;;;;;;
15;АП (ПЛ);Ash Beattie;€8,750 в год;€12тыс. - €110тыс.;;Сдержанный;;;8;;;14.5;23.5;24.2;24.9;;;;;;;;
21;З (Ц), ОП, П (Ц);Mitch Durkin;€30,500 в год;€12тыс. - €110тыс.;;Достаточно профессионален;;;7;;;19.1;32.2;33.0;33.7;;;;;;;;
16;В;Alberto Scarlatti;€8,750 в год;€12тыс. - €120тыс.;;Достаточно настойчивый;;;11;;;44.6;54.0;55.6;56.3;;;;;;;;
20;П (Ц), АП (П), НП (Ц);Abdoulaye Doumbia;€32,500 в год;€12тыс. - €120тыс.;;Сдержанный;;;12;;;20.6;35.6;36.7;37.4;;;;;;;;
18;З/П (Ц), НП (Ц);David Hobbs;€36,000 в год;€12тыс. - €120тыс.;;Решительный;;;6;;;15.5;24.9;25.6;26.8;;;;;;;;
18;П/АП (Л);Daniel;€8,750 в год;€12тыс. - €120тыс.;;Тверд в решениях;;;12;;;12.4;24.5;25.1;25.5;;;;;;;;
20;АП (ПЛЦ), НП (Ц);Blake Murray;€26,500 в год;€12тыс. - €120тыс.;;Непостоянный;;;4;;;14.8;27.9;28.8;30.2;;;;;;;;
16;НП (Ц);Danny Benett;€8,750 в год;€12тыс. - €120тыс.;;Сдержанный;;;13;;;16.2;27.0;27.7;28.4;;;;;;;;
21;П/АП (П), НП (Ц);Niall Boyle;€47,500 в год;€12тыс. - €120тыс.;;Легкомысленный;;;8;;;19.0;32.6;33.3;34.0;;;;;;;;
15;АП (ПЛЦ);Alessandro Consiglio;€8,750 в год;€12тыс. - €130тыс.;;Нерешительный;;;11;;;13.1;23.0;23.5;23.9;;;;;;;;
16;В;Jack Askew;€8,750 в год;€12тыс. - €130тыс.;;Сдержанный;;;1;;;46.8;51.8;53.4;53.8;;;;;;;;
19;КЗ (П), П (ЛЦ), АП (Ц);Caolan Kane;€38,500 в год;€12тыс. - €3.1млн.;;Тверд в решениях;;;8;;;24.0;38.4;39.4;39.8;;;;;;;;
15;П (ЛЦ), АП (Л);Adrian Bassett;€8,750 в год;€14тыс. - €40тыс.;;Достаточно амбициозный;;;9;;;16.4;27.8;28.5;28.9;;;;;;;;
18;З (Л);Danny Hayes;€8,750 в год;€14тыс. - €40тыс.;;Неамбициозный;;;6;;;18.6;28.6;29.4;30.5;;;;;;;;
17;З (ПЛЦ);Jorge Eales;€8,750 в год;€14тыс. - €40тыс.;;Сдержанный;;;4;;;18.3;26.4;26.8;27.6;;;;;;;;
18;П (Ц), АП (П);Callum Dair;€8,750 в год;€14тыс. - €40тыс.;;Нерешительный;;;6;;;14.9;25.3;26.1;26.8;;;;;;;;
15;П (ЛЦ);Karl Joseph;€8,750 в год;€14тыс. - €40тыс.;;Наемник;;;8;;;14.6;24.9;25.5;26.6;;;;;;;;
18;П/АП (Л), НП (Ц);Anthony Iwu;€9,500 в год;€14тыс. - €40тыс.;;Нерешительный;;;8;;;14.8;25.2;25.9;26.7;;;;;;;;
16;АП (ПЛ), НП (Ц);Jack Horsted;€8,750 в год;€14тыс. - €40тыс.;;Ненадежный;;;13;;;13.4;23.4;24.2;24.6;;;;;;;;
19;З/П/АП (П);Mark Ellis;€28,000 в год;€14тыс. - €40тыс.;;Сдержанный;;;8;;;18.6;31.6;32.4;33.1;;;;;;;;
21;В;Alaster Norris;€8,250 в год;€14тыс. - €40тыс.;;Неамбициозный;;;3;;;44.0;48.3;49.4;52.0;;;;;;;;
16;АП (ЛЦ);Joe Carey;€8,750 в год;€14тыс. - €40тыс.;;Сдержанный;;;8;;;20.4;36.3;37.4;37.8;;;;;;;;
16;П/АП (Ц);Luís Doce;€8,750 в год;€14тыс. - €40тыс.;;Неамбициозный;;;10;;;15.4;32.2;33.1;33.4;;;;;;;;
16;НП (Ц);Arben Deliu;€8,750 в год;€14тыс. - €40тыс.;;Неамбициозный;;;7;;;15.1;24.1;24.6;25.7;;;;;;;;
21;З/КЗ/П (Л);Seçkin Oruç;€13,750 в год;€14тыс. - €130тыс.;;Легкомысленный;;;9;;;19.4;30.8;31.7;32.8;;;;;;;;
19;В;Mikey Gibbons;€24,000 в год;€14тыс. - €130тыс.;;Сдержанный;;;6;;;46.2;55.6;57.0;57.8;;;;;;;;
17;З (ЛЦ);Stephen Chukwudi;€8,750 в год;€14тыс. - €130тыс.;;Легкомысленный;;;4;;;20.6;30.5;31.1;32.6;;;;;;;;
15;АП (Л), НП (Ц);Matt Larkin;€8,750 в год;€14тыс. - €130тыс.;;Ненадежный;;;8;;;17.2;28.1;28.8;29.2;;;;;;;;
19;З (ПЛЦ);Rudy Grealish;€47,000 в год;€14тыс. - €140тыс.;;Достаточно настойчивый;;;14;;;22.9;35.7;36.6;37.0;;;;;;;;
16;З (Ц);Craig Wainwright;€8,750 в год;€14тыс. - €140тыс.;;Сдержанный;;;7;;;17.7;27.0;27.6;27.9;;;;;;;;
19;НП (Ц);Oliver Huxley;€76,000 в год;€14тыс. - €140тыс.;;Непостоянный;;;9;;;20.2;34.3;35.0;35.8;;;;;;;;
21;В;Ben Clarke;€35,000 в год;€14тыс. - €140тыс.;;Достаточно профессионален;;;1;;;44.5;54.4;56.0;61.6;;;;;;;;
19;П (Ц);Danny McCarthy;€16,000 в год;€14тыс. - €140тыс.;;Сдержанный;;;9;;;18.1;35.2;36.0;37.6;;;;;;;;
16;П/АП (ПЦ);Geraint Hughes;€8,750 в год;€14тыс. - €140тыс.;;Неамбициозный;;;15;;;16.0;32.8;33.8;35.0;;;;;;;;
20;З (ПЦ);William Jones;€25,000 в год;€14тыс. - €140тыс.;;Достаточно профессионален;;;11;;;16.4;26.9;27.7;28.0;;;;;;;;
21;НП (Ц);Freddie Davidson;€22,500 в год;€14тыс. - €150тыс.;;Достаточно дисциплинированный;;;11;;;13.2;23.9;24.9;25.3;;;;;;;;
18;З/КЗ (П);Jamie Dovey;€47,500 в год;€14тыс. - €150тыс.;;Достаточно настойчивый;;;7;;;20.2;30.4;31.0;31.8;;;;;;;;
19;НП (Ц);Craig Walker;€147,000 в год;€14тыс. - €3.3млн.;;Неамбициозный;;;12;;;15.8;30.5;31.7;32.8;;;;;;;;
18;НП (Ц);David Menzi;€10,000 в год;€16тыс. - €45тыс.;;Сдержанный;;;10;;;15.9;31.6;32.7;33.8;;;;;;;;
20;П/АП (ЛЦ);Carlos Fraile;€21,000 в год;€16тыс. - €45тыс.;;Сдержанный;;;13;;;14.8;27.4;28.3;29.4;;;;;;;;
16;З (ЛЦ);Tyler Lee;€8,750 в год;€16тыс. - €45тыс.;;Энергичный;;;11;;;17.3;26.8;27.6;27.9;;;;;;;;
15;НП (Ц);Russell Baker;€8,750 в год;€16тыс. - €45тыс.;;Нерешительный;;;8;;;17.6;29.2;29.9;30.2;;;;;;;;
16;НП (Ц);Iestyn Briers;€8,750 в год;€16тыс. - €45тыс.;;Достаточно амбициозный;;;8;;;18.6;31.4;32.1;33.6;;;;;;;;
20;З (ЛЦ);Matthew Cook;€12,000 в год;€16тыс. - €45тыс.;;Сдержанный;;;7;;;20.2;30.0;30.8;32.3;;;;;;;;
17;АП (П), НП (Ц);Aaron Barrett;€8,750 в год;€16тыс. - €45тыс.;;Ненадежный;;;5;;;12.7;23.0;24.0;25.1;;;;;;;;
18;П/АП (П), НП (Ц);Jonathan Hyde;€8,500 в год;€16тыс. - €45тыс.;;Сдержанный;;;5;;;14.4;22.1;22.5;23.2;;;;;;;;
17;П/АП (П), НП (Ц);Mickey McHale;€8,750 в год;€16тыс. - €45тыс.;;Сдержанный;;;14;;;13.9;25.3;26.2;27.3;;;;;;;;
16;ОП;Christian Olayinka;€8,750 в год;€16тыс. - €45тыс.;;Неамбициозный;;;9;;;18.2;30.0;30.7;31.9;;;;;;;;
16;З (Ц);Gary Roe;€8,750 в год;€16тыс. - €45тыс.;;Неамбициозный;;;9;;;17.4;29.4;30.4;31.9;;;;;;;;
21;АП (П), НП (Ц);Mickey Ryan;€31,500 в год;€16тыс. - €50тыс.;;Сдержанный;;;10;;;18.0;32.6;33.6;34.7;;;;;;;;
15;П/АП (Л), НП (Ц);Michael Dreher;€8,750 в год;€16тыс. - €50тыс.;;Сдержанный;;;6;;;12.9;24.4;25.1;25.9;;;;;;;;
16;В;John Spencer;€8,750 в год;€16тыс. - €50тыс.;;Неамбициозный;;;1;;;42.8;53.1;55.0;57.6;;;;;;;;
18;З (ПЦ), ОП;Tom Bray;€6,250 в год;€16тыс. - €150тыс.;;Неамбициозный;;;7;;;17.0;26.9;28.0;28.3;;;;;;;;
17;З (ПЦ), КЗ (П);Mark Keogh;€8,750 в год;€16тыс. - €150тыс.;;Сдержанный;;;7;;;19.1;26.4;26.9;27.6;;;;;;;;
16;ОП, П (Ц);David Parr;€8,750 в год;€16тыс. - €150тыс.;;Нерешительный;;;10;;;16.6;30.0;31.0;31.8;;;;;;;;
20;З (ПЦ), ОП, П (Ц);Denis Kimberley;€27,500 в год;€16тыс. - €160тыс.;;Достаточно профессионален;;;8;;;21.3;34.1;34.8;35.2;;;;;;;;
16;НП (Ц);Jimmy Davies;€8,750 в год;€16тыс. - €160тыс.;;Сдержанный;;;9;;;15.8;28.1;29.0;29.4;;;;;;;;
17;З (ПЛЦ);Ciarán Henry;€8,750 в год;€16тыс. - €160тыс.;;Энергичный;;;6;;;19.9;31.4;32.2;32.9;;;;;;;;
21;В;Dan Spillane;€20,000 в год;€16тыс. - €160тыс.;;Неамбициозный;;;2;;;45.7;50.9;52.2;55.2;;;;;;;;
19;П/АП (П), НП (Ц);Kieran Rowan;€29,000 в год;€16тыс. - €160тыс.;;Сдержанный;;;8;;;17.2;31.1;31.9;32.3;;;;;;;;
21;З (Ц), ОП, П (Ц);Milan Smith;€25,500 в год;€16тыс. - €160тыс.;;Сдержанный;;;10;;;20.9;34.3;35.5;36.2;;;;;;;;
21;З (ПЦ);Noel Barrett;€22,000 в год;€16тыс. - €160тыс.;;Сдержанный;;;3;;;21.0;29.8;30.3;30.7;;;;;;;;
20;В;Bernard Samuel;€18,000 в год;€16тыс. - €160тыс.;;Легкомысленный;;;4;;;50.1;59.5;61.2;63.8;;;;;;;;
17;З (ЛЦ);Mustafa Kaya;€8,750 в год;€16тыс. - €160тыс.;;Неамбициозный;;;7;;;19.1;29.6;30.2;31.0;;;;;;;;
17;В;Gede Arif;€8,750 в год;€16тыс. - €160тыс.;;Низкая самооценка;;;4;;;43.5;53.0;54.4;54.7;;;;;;;;
21;З (ПЛ), П (П);Joseph Diakhaby;€47,500 в год;€16тыс. - €160тыс.;;Напористый;;;7;;;19.4;28.1;28.5;30.0;;;;;;;;
16;В;David Ready;€8,750 в год;€16тыс. - €160тыс.;;Неамбициозный;;;8;;;41.4;52.0;54.0;54.7;;;;;;;;
19;П (П), АП (Ц), НП (Ц);Brandon Frew;€35,000 в год;€16тыс. - €170тыс.;;Достаточно профессионален;;;9;;;19.9;35.1;36.4;36.7;;;;;;;;
20;П/АП (Ц), НП (Ц);Dan Wells;€33,500 в год;€16тыс. - €170тыс.;;Достаточно настойчивый;;;16;;;16.2;29.0;29.7;30.8;;;;;;;;
15;ОП, П (Ц);Cameron Kitching;€8,750 в год;€18тыс. - €50тыс.;;Сдержанный;;;12;;;19.9;32.8;33.8;34.9;;;;;;;;
17;АП (Л);Garry Heath;€8,750 в год;€18тыс. - €50тыс.;;Сдержанный;;;10;;;15.8;24.3;24.8;25.2;;;;;;;;
17;З (Ц), КЗ (Л);Quinton Baptiste;€8,750 в год;€18тыс. - €50тыс.;;Нерешительный;;;8;;;16.8;27.0;27.8;28.9;;;;;;;;
16;В;Lee Higgins;€8,750 в год;€18тыс. - €50тыс.;;Сдержанный;;;4;;;41.2;46.6;47.7;49.6;;;;;;;;
18;П (Ц), АП (П), НП (Ц);Andy Cole;€11,000 в год;€18тыс. - €55тыс.;;Нерешительный;;;9;;;13.9;24.7;25.4;26.5;;;;;;;;
17;З (П), П (Ц), НП (Ц);Ollie Moses;€8,750 в год;€18тыс. - €55тыс.;;Темпераментный;;;9;;;18.0;28.2;29.0;30.2;;;;;;;;
19;АП (Л), НП (Ц);Jacob Prior;€18,000 в год;€18тыс. - €55тыс.;;Сдержанный;;;5;;;17.4;26.6;27.3;27.6;;;;;;;;
15;ОП, П (Ц);Lamin Colley;€8,750 в год;€18тыс. - €170тыс.;;Сдержанный;;;11;;;16.2;24.4;24.9;26.0;;;;;;;;
21;АП (П), НП (Ц);Joshua Ainsworth;€58,000 в год;€18тыс. - €170тыс.;;Профессионал;;;16;;;15.6;30.7;32.0;33.1;;;;;;;;
21;З (Ц);Jack Gray;€62,000 в год;€18тыс. - €170тыс.;;Неамбициозный;;;7;;;25.0;36.8;37.7;38.1;;;;;;;;
16;АП (Ц);Chris Payne;€8,750 в год;€18тыс. - €170тыс.;;Сдержанный;;;10;;;18.9;35.6;36.5;37.6;;;;;;;;
17;П/АП (П), НП (Ц);Jack Skeppmark;€8,750 в год;€18тыс. - €170тыс.;;Достаточно дисциплинированный;;;12;;;15.4;27.0;27.9;29.0;;;;;;;;
19;З/КЗ (П);Patrick Gutteridge;€39,000 в год;€18тыс. - €170тыс.;;Достаточно профессионален;;;8;;;21.3;34.3;35.1;35.5;;;;;;;;
19;З (Ц);Kevin Orrett;€8,750 в год;€18тыс. - €180тыс.;;Сдержанный;;;9;;;21.2;34.4;35.5;36.6;;;;;;;;
21;З (ПЦ);Jacob Bell;€33,000 в год;€18тыс. - €180тыс.;;Сдержанный;;;4;;;21.9;33.6;34.6;35.7;;;;;;;;
17;АП (Ц), НП (Ц);Lewis Hooper;€8,750 в год;€18тыс. - €180тыс.;;Достаточно амбициозный;;;8;;;16.0;28.5;29.4;29.8;;;;;;;;
16;АП (Ц);Tony Barrow;€8,750 в год;€18тыс. - €180тыс.;;Сдержанный;;;10;;;19.0;34.4;35.0;35.8;;;;;;;;
21;П/АП (П);Nathan Heaton;€37,500 в год;€18тыс. - €180тыс.;;Энергичный;;;10;;;15.1;27.0;27.6;28.8;;;;;;;;
18;В;Steve Cook;€12,250 в год;€18тыс. - €180тыс.;;Непостоянный;;;3;;;41.9;50.6;52.0;52.8;;;;;;;;
20;В;Garry Thomas-Sadler;€18,000 в год;€18тыс. - €190тыс.;;Достаточно лояльный;;;1;;;47.6;53.2;54.1;54.5;;;;;;;;
19;З (ЛЦ);Osman Yıldırım;€11,750 в год;€18тыс. - €190тыс.;;Ненадежный;;;6;;;21.5;33.4;34.5;35.2;;;;;;;;
20;З (ПЦ);Robert Swaby;€28,500 в год;€18тыс. - €190тыс.;;Сдержанный;;;7;;;19.2;29.2;29.8;30.1;;;;;;;;
19;З/КЗ (П);Barry McCabe;€16,000 в год;€20тыс. - €55тыс.;;Темпераментный;;;10;;;18.6;27.2;27.7;28.1;;;;;;;;
19;ОП, П (Ц);Jay Browne;€20,000 в год;€20тыс. - €55тыс.;;Неамбициозный;;;7;;;17.2;29.6;30.4;30.8;;;;;;;;
17;НП (Ц);Alejandro Martínez;€8,750 в год;€20тыс. - €60тыс.;;Идеалист;;;13;;;17.2;30.9;32.1;32.8;;;;;;;;
20;З (Л);Will Emberton;€24,500 в год;€20тыс. - €60тыс.;;Неамбициозный;;;4;;;20.8;30.0;30.4;31.2;;;;;;;;
17;АП (П), НП (Ц);Fatih Ortaç;€8,750 в год;€20тыс. - €60тыс.;;Достаточно настойчивый;;;10;;;14.8;26.3;27.1;27.4;;;;;;;;
19;ОП, П (Ц);Lee Wainwright;€31,500 в год;€20тыс. - €60тыс.;;Достаточно настойчивый;;;9;;;20.5;35.5;36.4;37.1;;;;;;;;
15;АП (Ц);Carlo Battisti;€8,750 в год;€20тыс. - €60тыс.;;Сдержанный;;;9;;;17.4;26.1;26.7;27.5;;;;;;;;
16;АП (ПЦ), НП (Ц);Andy Thomason;€8,750 в год;€20тыс. - €60тыс.;;Спортивный;;;10;;;15.9;29.2;30.2;30.9;;;;;;;;
19;З (Ц);Jussi Hyvönen;€85,500 в год;€20тыс. - €190тыс.;;Непостоянный;;;7;;;19.4;31.1;31.9;32.7;;;;;;;;
19;З (Ц);Leigh Jackson;€25,000 в год;€20тыс. - €200тыс.;;Сдержанный;;;9;;;17.0;28.2;29.2;29.9;;;;;;;;
17;З (ЛЦ);Kieran Platt;€8,750 в год;€20тыс. - €200тыс.;;Достаточно амбициозный;;;7;;;19.4;31.2;32.0;33.2;;;;;;;;
17;АП (П), НП (Ц);Ben Williams;€8,750 в год;€20тыс. - €200тыс.;;Достаточно профессионален;;;13;;;16.9;30.3;31.2;32.4;;;;;;;;
16;З (ПЛ);Ramiro Zabaco;€8,750 в год;€20тыс. - €200тыс.;;Неамбициозный;;;9;;;21.2;34.5;35.6;35.9;;;;;;;;
19;З (ПЦ);Sékou Cissé;€41,500 в год;€20тыс. - €200тыс.;;Достаточно лояльный;;;7;;;19.4;31.8;32.5;32.9;;;;;;;;
17;В;Lincoln Melia;€8,750 в год;€20тыс. - €200тыс.;;Неамбициозный;;;6;;;52.4;61.7;63.3;67.4;;;;;;;;
21;З (ПЦ);Kristian Hall;€15,250 в год;€20тыс. - €210тыс.;;Достаточно настойчивый;;;5;;;21.5;29.9;30.4;30.8;;;;;;;;
15;П/АП (Ц);Charles Yadav;€8,750 в год;€20тыс. - €210тыс.;;Сдержанный;;;9;;;17.2;29.8;30.6;31.4;;;;;;;;
21;З (Ц);Lewis Parsons;€37,000 в год;€20тыс. - €210тыс.;;Жизнерадостный;;;5;;;18.2;28.0;28.6;29.8;;;;;;;;
21;ОП, П/АП (Ц);Stephen Maddox;€31,500 в год;€20тыс. - €210тыс.;;Сдержанный;;;11;;;15.3;29.9;31.0;31.4;;;;;;;;
19;П (Ц);Trevor McKinley;€6,250 в год;€20тыс. - €210тыс.;;Достаточно лояльный;;;12;;;15.6;29.7;30.5;30.9;;;;;;;;
16;П/АП (П), НП (Ц);Dean Selvey;€8,750 в год;€20тыс. - €210тыс.;;Нерешительный;;;11;;;15.0;28.4;29.2;30.0;;;;;;;;
17;З/КЗ (Л);Dave O'Connor;€8,750 в год;€22тыс. - €60тыс.;;Достаточно профессионален;;;7;;;22.3;34.6;35.5;35.8;;;;;;;;
16;З (Ц), ОП;Brandon Wood;€8,750 в год;€22тыс. - €60тыс.;;Сдержанный;;;10;;;18.2;32.0;33.0;33.4;;;;;;;;
17;АП (Л), НП (Ц);Vladimir Cassama;€8,750 в год;€22тыс. - €60тыс.;;Неамбициозный;;;10;;;15.8;28.2;29.2;30.7;;;;;;;;
18;П (ЛЦ), АП (Л);Alexander Charles;€8,750 в год;€22тыс. - €60тыс.;;Нерешительный;;;9;;;16.3;29.0;30.0;30.3;;;;;;;;
18;З (Л), КЗ (П), П (ПЦ), АП (П);Kevin Atkinson;€13,750 в год;€22тыс. - €60тыс.;;Достаточно настойчивый;;;7;;;20.5;30.0;30.8;31.5;;;;;;;;
17;КЗ/П/АП (Л);Theo Jenkins;€8,750 в год;€22тыс. - €60тыс.;;Сдержанный;;;12;;;16.6;26.8;27.7;28.8;;;;;;;;
16;НП (Ц);Þröstur Mikael Hafþórsson;€8,750 в год;€22тыс. - €60тыс.;;Легко разочаровывающийся;;;10;;;18.8;31.3;32.1;32.5;;;;;;;;
18;З/КЗ (П);Tom Gedling;€8,750 в год;€22тыс. - €65тыс.;;Неамбициозный;;;10;;;16.3;25.6;26.4;27.9;;;;;;;;
18;П (Ц);Giles Cueto;€6,250 в год;€22тыс. - €65тыс.;;Нерешительный;;;8;;;16.4;31.8;32.7;33.0;;;;;;;;
15;П (Ц), НП (Ц);Bailey Wynne;€8,750 в год;€22тыс. - €65тыс.;;Сдержанный;;;8;;;16.8;30.8;31.9;33.4;;;;;;;;
19;П (Ц), АП (П), НП (Ц);Jordan Jude;€28,000 в год;€22тыс. - €65тыс.;;Профессионал;;;8;;;15.6;26.6;27.4;28.5;;;;;;;;
16;АП (Ц);Trevor Reeves;€8,750 в год;€22тыс. - €65тыс.;;Неамбициозный;;;9;;;19.5;33.6;34.3;35.1;;;;;;;;
18;АП (ПЦ), НП (Ц);Stephen Smith;€7,750 в год;€22тыс. - €65тыс.;;Сдержанный;;;4;;;16.3;30.0;31.2;31.6;;;;;;;;
19;КЗ (П), П (Ц), АП (ПЦ);Finn Hawley;€32,000 в год;€22тыс. - €65тыс.;;Сдержанный;;;9;;;17.1;29.8;30.8;31.6;;;;;;;;
16;В;Gary Hart;€8,750 в год;€22тыс. - €65тыс.;;Нерешительный;;;3;;;44.6;50.1;51.5;52.2;;;;;;;;
21;КЗ (П), П (Ц), НП (Ц);Kilian Raum;€25,000 в год;€22тыс. - €210тыс.;;Сдержанный;;;12;;;18.5;31.8;32.8;33.9;;;;;;;;
21;З (ПЦ), КЗ (П);Conor O'Shea;€13,500 в год;€22тыс. - €210тыс.;;Сдержанный;;;7;;;16.6;26.9;27.8;28.5;;;;;;;;
19;З/КЗ (Л);Josh Hope;€328,000 в год;€22тыс. - €220тыс.;;Достаточно дисциплинированный;;;11;;;19.5;30.7;31.6;32.4;;;;;;;;
16;АП (П), НП (Ц);Vincent Frimpong;€8,750 в год;€22тыс. - €220тыс.;;Сдержанный;;;8;;;14.7;29.2;30.1;30.9;;;;;;;;
20;З (ПЛЦ);John Butler;€25,000 в год;€22тыс. - €220тыс.;;Ненадежный;;;4;;;19.3;29.1;29.8;30.2;;;;;;;;
19;В;Matthew Ketchell;€22,000 в год;€22тыс. - €220тыс.;;Неамбициозный;;;6;;;44.6;52.7;54.2;58.4;;;;;;;;
19;В;Steven Williams;€19,750 в год;€22тыс. - €230тыс.;;Неамбициозный;;;2;;;43.3;54.1;55.7;59.0;;;;;;;;
15;П/АП (Ц);Nathan Harmer;€8,750 в год;€22тыс. - €230тыс.;;Неамбициозный;;;12;;;14.9;31.3;32.2;33.3;;;;;;;;
20;В;Solomon Ugwu;€129,000 в год;€22тыс. - €230тыс.;;Сдержанный;;;3;;;50.8;60.3;62.5;63.2;;;;;;;;
16;З (ПЦ);Calvin Mawer;€8,750 в год;€24тыс. - €65тыс.;;Нерешительный;;;10;;;20.2;32.3;33.2;34.0;;;;;;;;
16;АП (П), НП (Ц);Regan Lock;€8,750 в год;€24тыс. - €65тыс.;;Достаточно дисциплинированный;;;7;;;15.5;26.5;27.2;28.3;;;;;;;;
17;З (ПЦ);Ethan Hoskins;€8,750 в год;€24тыс. - €65тыс.;;Сдержанный;;;7;;;19.0;30.1;30.8;31.5;;;;;;;;
17;З (Ц);John Wood;€8,750 в год;€24тыс. - €65тыс.;;Неамбициозный;;;3;;;17.1;24.6;25.1;25.5;;;;;;;;
16;АП (Л), НП (Ц);Mohammed Abo Ejela;€8,750 в год;€24тыс. - €70тыс.;;Неамбициозный;;;8;;;17.2;29.7;30.6;31.0;;;;;;;;
19;П/АП (П), НП (Ц);Anthony Clarke;€29,500 в год;€24тыс. - €70тыс.;;Сдержанный;;;9;;;16.8;28.5;29.6;30.7;;;;;;;;
17;З (ПЦ);Stuart Frazer;€8,750 в год;€24тыс. - €70тыс.;;Спортивный;;;11;;;17.7;27.4;28.3;29.0;;;;;;;;
19;П/АП (П);Tobias Baumgärtner;€8,750 в год;€24тыс. - €70тыс.;;Сдержанный;;;7;;;15.9;26.3;26.9;27.3;;;;;;;;
21;АП (ПЛ), НП (Ц);Bradley Long;€26,500 в год;€24тыс. - €230тыс.;;Сдержанный;;;11;;;17.4;29.4;30.2;31.0;;;;;;;;
21;П/АП (П), НП (Ц);Daryl Ward;€14,000 в год;€24тыс. - €230тыс.;;Энергичный;;;6;;;12.3;23.3;23.8;24.6;;;;;;;;
19;З (Л), КЗ (П), П (ПЦ), АП (Ц);Lee Baxter;€55,500 в год;€24тыс. - €230тыс.;;Неамбициозный;;;14;;;20.7;35.2;36.4;37.8;;;;;;;;
17;З (Ц);Billy O'Halloran;€8,750 в год;€24тыс. - €240тыс.;;Неамбициозный;;;11;;;17.1;29.4;30.5;31.6;;;;;;;;
19;З (Ц);Vasko Naumoski;€83,500 в год;€24тыс. - €240тыс.;;Темпераментный;;;12;;;21.1;33.4;34.2;35.4;;;;;;;;
17;НП (Ц);Chris Mott;€8,750 в год;€24тыс. - €250тыс.;;Сдержанный;;;9;;;15.9;29.3;30.3;30.7;;;;;;;;
21;ОП, П/АП (Ц);Kyle Murray;€9,500 в год;€24тыс. - €250тыс.;;Сдержанный;;;12;;;21.2;34.6;35.1;36.2;;;;;;;;
17;В;Jamie McLaughlin;€8,750 в год;€24тыс. - €250тыс.;;Достаточно настойчивый;;;6;;;45.3;56.7;58.9;59.3;;;;;;;;
20;П/АП (ПЛ);Henry Smith;€62,000 в год;€26тыс.;;Наемник;;;14;;;14.7;28.9;30.0;31.1;;;;;;;;
16;З (Л);Micah Haughton;€8,750 в год;€26тыс. - €75тыс.;;Сдержанный;;;9;;;19.5;31.5;32.4;32.8;;;;;;;;
17;П/АП (Л), НП (Ц);Mat Haywood;€8,750 в год;€26тыс. - €75тыс.;;Сдержанный;;;7;;;15.5;31.4;32.6;33.7;;;;;;;;
18;З (Ц);Zach Knox;€8,750 в год;€26тыс. - €75тыс.;;Неамбициозный;;;7;;;19.9;30.1;31.0;31.3;;;;;;;;
16;П/АП (Ц);Paul Read;€8,750 в год;€26тыс. - €75тыс.;;Напористый;;;14;;;16.6;29.7;30.6;31.4;;;;;;;;
19;В;Mark Coles;€29,000 в год;€26тыс. - €80тыс.;;Неамбициозный;;;4;;;47.4;56.7;58.4;58.8;;;;;;;;
19;П (Л), АП (ЛЦ);Ryley Wardley;€31,500 в год;€26тыс. - €80тыс.;;Сдержанный;;;13;;;16.6;29.4;30.4;31.5;;;;;;;;
19;З/КЗ/П (П);Matthew Roberts;€23,500 в год;€26тыс. - €250тыс.;;Достаточно настойчивый;;;9;;;18.0;26.8;27.2;28.0;;;;;;;;
19;В;Andrew Wright;€26,000 в год;€26тыс. - €250тыс.;;Достаточно дисциплинированный;;;1;;;43.9;50.5;51.7;54.7;;;;;;;;
17;НП (Ц);Facundo Rivero;€8,750 в год;€26тыс. - €250тыс.;;Достаточно настойчивый;;;13;;;17.1;32.2;33.3;34.4;;;;;;;;
19;З (ПЛ), КЗ (П);James Ward;€13,000 в год;€26тыс. - €250тыс.;;Неамбициозный;;;5;;;18.0;25.2;25.6;26.4;;;;;;;;
21;З (ПЛ);Adam Elletson;€29,500 в год;€26тыс. - €250тыс.;;Легкомысленный;;;7;;;16.6;25.9;26.5;26.8;;;;;;;;
20;З (Ц);Evan Tyrrell;€38,500 в год;€26тыс. - €250тыс.;;Ненадежный;;;7;;;22.0;34.9;35.8;37.3;;;;;;;;
18;П (Ц), АП (ПЦ), НП (Ц);Eric Betz;€34,500 в год;€26тыс. - €250тыс.;;Достаточно профессионален;;;8;;;17.7;31.7;32.8;33.5;;;;;;;;
20;З (ПЛЦ);Kristian Barker;€18,250 в год;€26тыс. - €250тыс.;;Достаточно профессионален;;;6;;;23.3;33.7;34.4;35.1;;;;;;;;
18;П (Л), АП (ПЛ);Kurtis Davies;€8,750 в год;€26тыс. - €250тыс.;;Достаточно амбициозный;;;9;;;15.3;31.2;32.0;33.1;;;;;;;;
21;З (ПЦ);Hugo Pearce;€96,000 в год;€26тыс. - €250тыс.;;Сдержанный;;;10;;;23.5;32.8;33.8;34.2;;;;;;;;
21;П (Ц), АП (ПЦ);Paul Adelaja-Ifeanyi;€52,000 в год;€26тыс. - €250тыс.;;Ненадежный;;;10;;;18.2;34.6;35.2;35.6;;;;;;;;
19;АП (ПЛ), НП (Ц);CJ Samuel;€31,500 в год;€26тыс. - €250тыс.;;Нерешительный;;;5;;;14.0;24.9;25.8;26.2;;;;;;;;
21;З/КЗ/АП (П);Kieran Niblett;€54,000 в год;€26тыс. - €275тыс.;;Сдержанный;;;12;;;20.5;31.4;31.9;33.0;;;;;;;;
21;З (ПЦ);Neil Worthington;€31,500 в год;€26тыс. - €275тыс.;;Неамбициозный;;;6;;;18.6;25.7;26.1;26.5;;;;;;;;
21;П/АП (Ц), НП (Ц);Alan Clark;€20,500 в год;€26тыс. - €275тыс.;;Неамбициозный;;;12;;;14.5;29.2;30.4;31.5;;;;;;;;
20;П/АП (Ц);John Slevin;€228,000 в год;€26тыс. - €4.4млн.;;Достаточно дисциплинированный;;;12;;;22.3;41.2;42.3;42.7;;;;;;;;
15;П/АП (Ц);Aeron Daley;€8,750 в год;€28тыс. - €80тыс.;;Нерешительный;;;11;;;16.8;26.3;26.9;27.6;;;;;;;;
16;З (П), ОП, П (ПЦ);Gordon Reid;€8,750 в год;€28тыс. - €80тыс.;;Достаточно профессионален;;;13;;;18.8;30.3;31.2;32.3;;;;;;;;
20;З (П), ОП, П (Ц);Ellis Romain;€23,500 в год;€28тыс. - €80тыс.;;Сдержанный;;;9;;;20.2;30.9;31.5;32.6;;;;;;;;
19;З (ПЦ), ОП;Zaire Dublin;€31,500 в год;€28тыс. - €80тыс.;;Неамбициозный;;;8;;;17.4;29.2;30.4;30.8;;;;;;;;
16;АП (П), НП (Ц);Oliver Bright;€8,750 в год;€28тыс. - €80тыс.;;Достаточно профессионален;;;10;;;12.2;24.0;24.6;26.2;;;;;;;;
20;П/АП (ЛЦ), НП (Ц);Matthew Morley;€30,000 в год;€28тыс. - €85тыс.;;Неамбициозный;;;12;;;15.4;29.4;30.6;31.7;;;;;;;;
18;В;Tyrell Bolas;€8,750 в год;€28тыс. - €85тыс.;;Неамбициозный;;;5;;;49.8;59.6;61.4;62.2;;;;;;;;
21;НП (Ц);Ian Cottam;€20,500 в год;€28тыс. - €85тыс.;;Жизнерадостный;;;11;;;12.0;22.0;23.0;23.4;;;;;;;;
19;П (ЛЦ), АП (Ц);Ben Wood;€6,250 в год;€28тыс. - €85тыс.;;Неамбициозный;;;12;;;15.8;28.1;28.6;29.0;;;;;;;;
21;З (ЛЦ);Isaac Simmons;€22,000 в год;€28тыс. - €275тыс.;;Достаточно профессионален;;;7;;;21.6;34.0;34.6;35.4;;;;;;;;
20;З (П);Cory Beattie;€54,000 в год;€28тыс. - €275тыс.;;Сдержанный;;;8;;;18.6;32.4;33.6;33.9;;;;;;;;
21;П (ПЦ), АП (Ц);Connor Smith-Hands;€35,500 в год;€28тыс. - €275тыс.;;Ненадежный;;;11;;;17.7;34.1;35.3;35.7;;;;;;;;
20;З (Ц);Ryan Murphy;€65,000 в год;€28тыс. - €275тыс.;;Достаточно профессионален;;;7;;;21.1;33.1;34.1;34.8;;;;;;;;
19;НП (Ц);John Martin;€84,000 в год;€28тыс. - €275тыс.;;Энергичный;;;12;;;15.4;27.4;28.4;29.5;;;;;;;;
16;З (П);Casey Chapman;€3,300 в год;€28тыс. - €275тыс.;;Неамбициозный;;;11;;;17.6;29.1;29.9;31.0;;;;;;;;
19;ОП, П/АП (Ц);Jake Marshall;€196,000 в год;€28тыс. - €275тыс.;;Легкомысленный;;;10;;;18.4;35.0;36.2;37.3;;;;;;;;
16;З (Ц), ОП;Jake Dixon;€8,750 в год;€28тыс. - €275тыс.;;Сдержанный;;;4;;;19.5;31.8;32.8;33.5;;;;;;;;
21;АП (ПЛ), НП (Ц);Ritchie Darlington;€67,500 в год;€28тыс. - €275тыс.;;Неамбициозный;;;14;;;14.7;29.0;30.1;31.6;;;;;;;;
20;П/АП (П);Eddie Gardner;€142,000 в год;€28тыс. - €275тыс.;;Достаточно настойчивый;;;10;;;21.2;36.5;37.1;37.5;;;;;;;;
20;КЗ/П/АП (Л);Ash Archibald;€414,000 в год;€28тыс. - €300тыс.;;Достаточно настойчивый;;;13;;;16.0;29.0;29.8;30.6;;;;;;;;
16;З/КЗ (Л);Spencer Carlile-Ade;€8,750 в год;€28тыс. - €300тыс.;;Сдержанный;;;6;;;19.2;32.9;34.0;35.1;;;;;;;;
20;П/АП (ПЦ);Gary Kennedy;€24,000 в год;€30тыс. - €85тыс.;;Достаточно дисциплинированный;;;13;;;15.0;28.8;29.6;30.7;;;;;;;;
15;НП (Ц);Kevin McGlade;€8,750 в год;€30тыс. - €85тыс.;;Непостоянный;;;15;;;16.0;28.8;29.4;29.8;;;;;;;;
20;З (ЛЦ), КЗ (Л);Connor Oliver;€35,500 в год;€30тыс. - €85тыс.;;Сдержанный;;;10;;;23.5;33.9;34.8;35.2;;;;;;;;
19;З (П);Godfred Issahaku;€12,250 в год;€30тыс. - €90тыс.;;Сдержанный;;;10;;;20.0;33.6;34.4;35.5;;;;;;;;
16;В;Kris Batty;€8,750 в год;€30тыс. - €90тыс.;;Легкомысленный;;;2;;;46.7;58.9;61.2;65.3;;;;;;;;
19;З (ПЦ);Nick Deane;€28,000 в год;€30тыс. - €95тыс.;;Сдержанный;;;6;;;21.0;29.6;30.6;31.0;;;;;;;;
19;З (ПЦ);Paul Storer;€25,000 в год;€30тыс. - €95тыс.;;Достаточно профессионален;;;4;;;17.3;28.0;28.8;29.9;;;;;;;;
15;З (ПЦ), ОП;Joseph Tredinnick;€8,750 в год;€30тыс. - €300тыс.;;Сдержанный;;;10;;;18.6;33.4;34.7;35.5;;;;;;;;
19;З (ЛЦ), КЗ (Л);Josh Bruce;€59,000 в год;€30тыс. - €300тыс.;;Неамбициозный;;;4;;;19.9;31.7;32.5;33.6;;;;;;;;
18;АП (П), НП (Ц);Simon Green;€567,000 в год;€30тыс. - €300тыс.;;Неамбициозный;;;12;;;18.4;30.4;31.4;32.5;;;;;;;;
16;З (Л);Andreas McCall;€8,750 в год;€30тыс. - €300тыс.;;Наемник;;;8;;;21.5;35.2;36.3;37.1;;;;;;;;
20;З (Ц);Chris Bennett;€105,000 в год;€30тыс. - €300тыс.;;Сдержанный;;;12;;;21.6;34.2;35.0;35.8;;;;;;;;
21;АП (ПЛЦ);Owen Jones;€47,500 в год;€30тыс. - €325тыс.;;Тверд в решениях;;;10;;;16.9;31.0;31.9;32.7;;;;;;;;
16;З (Ц);Kofi Afful;€8,750 в год;€30тыс. - €325тыс.;;Наемник;;;8;;;15.6;24.3;24.8;25.6;;;;;;;;
19;З (ЛЦ);Mike Vines;€24,000 в год;€30тыс. - €325тыс.;;Сдержанный;;;7;;;18.0;25.6;26.2;26.6;;;;;;;;
16;П/АП (Ц);Mike Chisholm;€8,750 в год;€30тыс. - €325тыс.;;Неамбициозный;;;8;;;15.6;27.8;28.8;29.5;;;;;;;;
17;П/АП (П), НП (Ц);Rahis Gardiner;€8,750 в год;€30тыс. - €325тыс.;;Темпераментный;;;10;;;17.5;30.7;31.7;32.5;;;;;;;;
17;АП (П), НП (Ц);Danny Sterling;€8,750 в год;€35тыс. - €95тыс.;;Сдержанный;;;9;;;18.1;29.6;30.2;31.0;;;;;;;;
16;ОП, АП (Ц);Tony Baskerville;€8,750 в год;€35тыс. - €95тыс.;;Достаточно профессионален;;;8;;;16.5;31.9;32.9;34.1;;;;;;;;
16;ОП;Victor Bello;€8,750 в год;€35тыс. - €95тыс.;;Сдержанный;;;8;;;16.9;27.1;27.9;28.7;;;;;;;;
21;В;Xhulio Jusufi;€11,000 в год;€35тыс. - €95тыс.;;Нерешительный;;;3;;;47.8;55.4;57.4;58.2;;;;;;;;
17;АП (Ц);Harrison Molyneaux;€8,750 в год;€35тыс. - €100тыс.;;Достаточно дисциплинированный;;;16;;;14.9;28.8;29.8;30.2;;;;;;;;
15;З (ПЦ);Geraint Shannon;€8,750 в год;€35тыс. - €100тыс.;;Сдержанный;;;5;;;15.7;25.6;26.4;27.5;;;;;;;;
21;З (ПЦ), ОП;Mark Darby;€14,000 в год;€35тыс. - €110тыс.;;Сдержанный;;;7;;;17.8;26.6;27.4;27.8;;;;;;;;
19;З (ЛЦ);Stuart Ashe;€31,500 в год;€35тыс. - €110тыс.;;Сдержанный;;;7;;;20.0;31.3;32.2;32.5;;;;;;;;
21;П/АП (Л), НП (Ц);Hasan Mutlu;€23,500 в год;€35тыс. - €325тыс.;;Тверд в решениях;;;14;;;17.5;32.3;33.3;34.5;;;;;;;;
21;П (ЛЦ), АП (Ц);Jan Łabędzki;€30,000 в год;€35тыс. - €325тыс.;;Сдержанный;;;10;;;19.7;36.4;37.6;38.4;;;;;;;;
16;НП (Ц);Jefferson James;€8,750 в год;€35тыс. - €350тыс.;;Тверд в решениях;;;12;;;14.9;28.4;29.3;30.4;;;;;;;;
21;П/АП (Ц);Kaine Skelton;€33,500 в год;€35тыс. - €350тыс.;;Неспортивный;;;14;;;19.0;36.1;37.2;37.9;;;;;;;;
19;ОП, П (Ц);Graham Wort;€121,000 в год;€35тыс. - €350тыс.;;Достаточно настойчивый;;;11;;;21.5;34.6;35.3;36.0;;;;;;;;
17;З (Л);Daniel Harris;€8,750 в год;€35тыс. - €350тыс.;;Непостоянный;;;8;;;17.8;28.7;29.6;30.7;;;;;;;;
18;З (Ц);Lee Joiner;€8,750 в год;€35тыс. - €350тыс.;;Тверд в решениях;;;7;;;19.4;31.8;32.7;33.1;;;;;;;;
16;НП (Ц);Bashir Mba;€8,750 в год;€35тыс. - €350тыс.;;Низкая самооценка;;;11;;;16.1;29.6;30.4;31.6;;;;;;;;
18;З (Ц), ОП, П (Ц);Norman Faulkner;€412,000 в год;€35тыс. - €350тыс.;;Сдержанный;;;6;;;23.4;34.8;35.4;36.5;;;;;;;;
20;З (ПЦ);Larry Radcliffe;€112,000 в год;€35тыс. - €350тыс.;;Сдержанный;;;6;;;19.6;32.6;33.4;34.6;;;;;;;;
20;П/АП (Ц), НП (Ц);Fraser McKenna;€31,000 в год;€35тыс. - €350тыс.;;Сдержанный;;;10;;;14.6;28.1;29.2;30.0;;;;;;;;
20;АП (Ц), НП (Ц);Martyn Holmes;€20,500 в год;€35тыс. - €350тыс.;;Неамбициозный;;;13;;;20.4;32.9;33.7;35.2;;;;;;;;
16;ОП, П (Ц);Harvey Boylan;€8,750 в год;€35тыс. - €350тыс.;;Тверд в решениях;;;13;;;20.4;34.6;35.7;36.1;;;;;;;;
21;З (ПЦ), ОП, П (Ц);Trevor Williams;€25,500 в год;€35тыс. - €350тыс.;;Неамбициозный;;;12;;;21.3;32.3;33.0;33.7;;;;;;;;
20;З (П), ОП, П (Ц);Edward Lambert;€25,000 в год;€35тыс. - €375тыс.;;Сдержанный;;;11;;;21.4;31.0;31.6;32.8;;;;;;;;
19;З/КЗ (Л);Ben Jones;€37,500 в год;€35тыс. - €375тыс.;;Достаточно дисциплинированный;;;9;;;23.1;35.8;36.7;37.1;;;;;;;;
16;КЗ (Л), ОП, П (Ц);Luke Beaumont;€8,750 в год;€35тыс. - €375тыс.;;Сдержанный;;;13;;;17.3;34.9;36.1;36.9;;;;;;;;
18;З (Л);Colin Kelly;€22,500 в год;€40тыс. - €110тыс.;;Сдержанный;;;9;;;18.8;26.2;26.7;27.5;;;;;;;;
20;АП (П), НП (Ц);Konrad Polak;€16,250 в год;€40тыс. - €110тыс.;;Достаточно амбициозный;;;6;;;16.2;28.8;29.8;30.9;;;;;;;;
16;АП (Ц), НП (Ц);Mike Sinnott;€8,750 в год;€40тыс. - €110тыс.;;Достаточно амбициозный;;;8;;;18.2;30.4;31.3;32.4;;;;;;;;
16;АП (Ц), НП (Ц);Emmanuel Griffiths;€8,750 в год;€40тыс. - €120тыс.;;Сдержанный;;;12;;;18.0;27.1;27.6;28.4;;;;;;;;
15;З (Л);Kelvin Pierre;€8,750 в год;€40тыс. - €120тыс.;;Сдержанный;;;8;;;16.6;28.2;28.9;30.4;;;;;;;;
16;НП (Ц);Hugo Gibbs-Drury;€8,750 в год;€40тыс. - €120тыс.;;Ненадежный;;;9;;;17.2;31.8;32.8;33.9;;;;;;;;
17;АП (П), НП (Ц);Nick Brown;€8,750 в год;€40тыс. - €375тыс.;;Неамбициозный;;;9;;;16.8;29.0;30.0;30.8;;;;;;;;
18;П (Ц), АП (П), НП (Ц);Yun Ji-Hun;€440,000 в год;€40тыс. - €375тыс.;;Неамбициозный;;;12;;;18.0;31.0;32.0;33.1;;;;;;;;
17;З (ПЦ), ОП, П (ПЦ), АП (П);Bryn Budd;€90,000 в год;€40тыс. - €375тыс.;;Легкомысленный;;;8;;;20.2;31.6;32.4;32.8;;;;;;;;
18;В;Craig Cropper;€596,000 в год;€40тыс. - €375тыс.;;Сдержанный;;;8;;;52.5;61.4;63.0;63.8;;;;;;;;
21;З (ЛЦ);Rune Rønningen;€34,000 в год;€40тыс. - €375тыс.;;Неамбициозный;;;11;;;20.1;34.9;36.0;36.4;;;;;;;;
17;АП (П), НП (Ц);Roy White;€8,750 в год;€40тыс. - €375тыс.;;Достаточно профессионален;;;11;;;18.3;32.4;33.1;34.2;;;;;;;;
20;П (ЛЦ), АП (Ц);Gavin Osborn;€31,000 в год;€40тыс. - €400тыс.;;Сдержанный;;;15;;;16.3;30.8;32.2;32.6;;;;;;;;
20;З (ЛЦ), КЗ (Л);Gethin Martin;€91,000 в год;€40тыс. - €400тыс.;;Достаточно настойчивый;;;7;;;21.3;33.0;33.7;34.8;;;;;;;;
17;П (Ц);Aaron Cropper;€8,750 в год;€40тыс. - €400тыс.;;Непостоянный;;;9;;;17.4;32.3;33.3;34.0;;;;;;;;
16;П/АП (Л);Joel Woodcock;€8,750 в год;€40тыс. - €400тыс.;;Легкомысленный;;;9;;;17.2;27.7;28.3;29.8;;;;;;;;
20;З (ПЦ);John McCulloch;€24,500 в год;€40тыс. - €400тыс.;;Достаточно амбициозный;;;8;;;20.3;32.4;33.1;34.2;;;;;;;;
18;П/АП (Ц);Simon Page;€74,000 в год;€40тыс. - €400тыс.;;Сдержанный;;;12;;;19.3;34.1;34.9;35.3;;;;;;;;
20;АП (ПЛ), НП (Ц);Austin Kiernan;€52,000 в год;€40тыс. - €400тыс.;;Сдержанный;;;10;;;14.8;27.5;28.5;28.9;;;;;;;;
21;З (ПЛ);Oliver Bristow;€25,000 в год;€40тыс. - €400тыс.;;Неамбициозный;;;4;;;16.8;28.0;28.7;29.9;;;;;;;;
21;П (ПЦ), АП (Ц);Henrique Imbamba;€22,500 в год;€40тыс. - €400тыс.;;Неамбициозный;;;12;;;15.3;29.5;30.3;30.7;;;;;;;;
19;П/АП (Ц);Marc Duffy;€76,000 в год;€40тыс. - €425тыс.;;Достаточно дисциплинированный;;;15;;;17.9;33.8;34.7;35.1;;;;;;;;
16;З/КЗ (П);Petar Prahić;€8,750 в год;€40тыс. - €425тыс.;;Достаточно амбициозный;;;7;;;18.0;31.7;32.3;33.4;;;;;;;;
20;З (ПЦ);Kenneth Akinyemi;€60,500 в год;€40тыс. - €3.8млн.;;Наемник;;;9;;;21.2;32.8;33.5;33.8;;;;;;;;
21;З (ПЦ), ОП;Paul Owusu;€12,250 в год;€45тыс. - €120тыс.;;Легкомысленный;;;6;;;23.3;34.3;35.2;35.9;;;;;;;;
19;З/КЗ (Л);Emile Weaver;€38,000 в год;€45тыс. - €120тыс.;;Сдержанный;;;11;;;18.9;30.0;30.6;31.0;;;;;;;;
16;З (ЛЦ);Nathan Dublin;€8,750 в год;€45тыс. - €130тыс.;;Решительный;;;6;;;18.3;30.2;31.5;32.6;;;;;;;;
16;З (П);Harvey Coyle;€8,750 в год;€45тыс. - €140тыс.;;Достаточно дисциплинированный;;;6;;;19.0;29.3;30.1;30.5;;;;;;;;
20;З (Ц);Marc Vaughan;€18,000 в год;€45тыс. - €425тыс.;;Достаточно лояльный;;;9;;;19.2;30.0;30.9;31.3;;;;;;;;
17;КЗ (П), ОП, П (Ц);Andrew Daws;€8,750 в год;€45тыс. - €425тыс.;;Достаточно лояльный;;;11;;;19.8;34.2;35.2;35.6;;;;;;;;
17;П/АП (П);Robbie Goller;€8,750 в год;€45тыс. - €425тыс.;;Темпераментный;;;7;;;17.5;30.6;31.3;32.1;;;;;;;;
21;З (Ц), НП (Ц);Michael Shields;€31,500 в год;€45тыс. - €425тыс.;;Достаточно дисциплинированный;;;6;;;20.4;31.9;32.5;32.9;;;;;;;;
21;З (ЛЦ), П (Ц);Nick Burton;€68,000 в год;€45тыс. - €425тыс.;;Сдержанный;;;10;;;22.3;33.5;34.6;35.7;;;;;;;;
20;П (Ц), АП (ПЛЦ);Matt Gallagher;€86,500 в год;€45тыс. - €450тыс.;;Сдержанный;;;13;;;16.9;32.4;33.1;34.2;;;;;;;;
19;В;Francis Kalonji-Lomalisa;€60,500 в год;€45тыс. - €450тыс.;;Сдержанный;;;4;;;54.0;65.4;67.1;67.8;;;;;;;;
16;З (ПЦ);Carlton Pitt;€8,750 в год;€45тыс. - €450тыс.;;Сдержанный;;;11;;;18.1;29.3;30.0;30.7;;;;;;;;
21;З (ПЦ), КЗ (П);Dennis Duffield;€28,500 в год;€45тыс. - €450тыс.;;Сдержанный;;;4;;;20.8;30.4;31.1;31.4;;;;;;;;
17;В;Gary Maguire;€8,750 в год;€45тыс. - €450тыс.;;Тверд в решениях;;;4;;;50.6;56.9;58.2;59.0;;;;;;;;
21;З (ПЦ), КЗ (П);Shawn Hewitt;€44,000 в год;€45тыс. - €450тыс.;;Сдержанный;;;6;;;18.8;30.5;31.4;31.8;;;;;;;;
16;НП (Ц);Lukas Dubec;€8,750 в год;€45тыс. - €450тыс.;;Сдержанный;;;12;;;17.5;31.1;32.0;32.3;;;;;;;;
19;П/АП (П), НП (Ц);Julian Henry;€57,000 в год;€45тыс. - €450тыс.;;Темпераментный;;;12;;;16.8;29.4;30.1;30.8;;;;;;;;
18;З (Ц), ОП, П (Ц);Jonathan Price;€8,750 в год;€45тыс. - €475тыс.;;Решительный;;;11;;;18.6;30.7;31.3;32.0;;;;;;;;
17;З (ПЛЦ);Paul McQueen;€8,750 в год;€45тыс. - €475тыс.;;Неамбициозный;;;12;;;18.2;28.0;28.6;29.4;;;;;;;;
21;П/АП (Ц);David Beesley;€25,000 в год;€45тыс. - €475тыс.;;Сдержанный;;;16;;;13.1;27.4;28.1;28.8;;;;;;;;
21;П (Л), АП (ПЛ), НП (Ц);James Boothby;€16,500 в год;€50тыс. - €150тыс.;;Сдержанный;;;11;;;14.6;25.1;26.2;26.5;;;;;;;;
18;З (ПЦ);Mick Doyle;€8,750 в год;€50тыс. - €150тыс.;;Неамбициозный;;;7;;;20.7;33.6;34.7;35.5;;;;;;;;
21;П (Ц), АП (ПЛЦ), НП (Ц);Arron Cotterill;€81,500 в год;€50тыс. - €475тыс.;;Сдержанный;;;12;;;13.2;26.2;27.0;27.8;;;;;;;;
17;АП (П), НП (Ц);Nathan Betts;€8,750 в год;€50тыс. - €475тыс.;;Сдержанный;;;13;;;17.0;27.9;28.6;29.0;;;;;;;;
20;П/АП (П);Carlyle Thomas;€48,500 в год;€50тыс. - €500тыс.;;Энергичный;;;12;;;16.0;26.4;27.1;27.4;;;;;;;;
18;З (Ц);Dean Smith;€8,750 в год;€50тыс. - €500тыс.;;Профессионал;;;11;;;19.5;31.9;32.5;32.9;;;;;;;;
20;З (ПЛ), КЗ (Л);Robert Witham;€35,000 в год;€50тыс. - €500тыс.;;Достаточно профессионален;;;12;;;19.9;34.3;35.5;36.2;;;;;;;;
21;АП (ПЦ), НП (Ц);Ionuţ Ionescu;€28,500 в год;€50тыс. - €500тыс.;;Неамбициозный;;;11;;;16.0;26.1;27.0;27.8;;;;;;;;
17;П (Ц), НП (Ц);Brandon Evans;€8,750 в год;€50тыс. - €500тыс.;;Достаточно профессионален;;;12;;;20.0;32.4;33.5;33.9;;;;;;;;
21;В;Maxwell Knowles;€85,500 в год;€50тыс. - €500тыс.;;Нерешительный;;;3;;;45.9;49.4;50.4;54.5;;;;;;;;
19;З (ПЛЦ);Frank Griffin;€90,500 в год;€50тыс. - €4.8млн.;;Сдержанный;;;7;;;22.9;35.5;36.5;37.3;;;;;;;;
19;НП (Ц);Cameron McGarrity;€32,500 в год;€55тыс.;;Неамбициозный;;;12;;;17.8;28.9;30.1;30.8;;;;;;;;
16;АП (Л);Abdülkerim Keser;€8,750 в год;€55тыс. - €150тыс.;;Неамбициозный;;;7;;;14.1;24.5;25.1;26.2;;;;;;;;
15;В;Tom Nicholls;€8,750 в год;€55тыс. - €160тыс.;;Неамбициозный;;;1;;;40.7;46.7;48.2;48.5;;;;;;;;
21;П (ПЦ), АП (П), НП (Ц);Promise Okorowanta;€33,500 в год;€55тыс. - €160тыс.;;Достаточно профессионален;;;10;;;15.5;29.6;30.8;31.9;;;;;;;;
17;П (Ц);Wayne Mann;€8,750 в год;€55тыс. - €160тыс.;;Достаточно профессионален;;;12;;;17.3;34.7;35.8;37.3;;;;;;;;
16;З (Ц);Vincent Dhladhla;€8,750 в год;€55тыс. - €550тыс.;;Достаточно профессионален;;;9;;;20.9;33.7;34.7;35.4;;;;;;;;
20;П (Ц), АП (ПЛЦ);Russell Downey;€33,500 в год;€55тыс. - €550тыс.;;Низкая самооценка;;;6;;;16.5;27.3;28.1;29.2;;;;;;;;
19;П (ЛЦ), АП (ПЦ);David Pickwell;€26,500 в год;€55тыс. - €550тыс.;;Сдержанный;;;12;;;18.9;33.0;33.8;34.5;;;;;;;;
16;ОП, П (Ц);Steve Niyonzima;€8,750 в год;€55тыс. - €550тыс.;;Неамбициозный;;;11;;;19.7;34.9;36.1;36.5;;;;;;;;
15;П/АП (Ц);Zac Sear;€8,750 в год;€55тыс. - €550тыс.;;Достаточно настойчивый;;;15;;;20.4;32.8;33.4;34.5;;;;;;;;
16;В;Daniel Pulis;€8,750 в год;€55тыс. - €550тыс.;;Неамбициозный;;;4;;;52.4;59.1;60.6;61.0;;;;;;;;
16;П (Ц);Ben McGregor;€8,750 в год;€55тыс. - €550тыс.;;Достаточно профессионален;;;11;;;17.3;32.6;33.5;34.6;;;;;;;;
20;АП (ПЛ), НП (Ц);Awudu Quaye;€237,000 в год;€55тыс. - €550тыс.;;Достаточно профессионален;;;9;;;18.4;33.5;34.6;36.1;;;;;;;;
19;П/АП (Ц), НП (Ц);Les Mellor;€30,500 в год;€55тыс. - €550тыс.;;Ненадежный;;;13;;;16.9;33.6;34.7;35.1;;;;;;;;
21;П (Ц), АП (П), НП (Ц);Ollie Davies;€119,000 в год;€55тыс. - €550тыс.;;Достаточно амбициозный;;;4;;;17.8;31.1;32.0;32.7;;;;;;;;
19;АП (П), НП (Ц);Mark Thomas;€118,000 в год;€55тыс. - €550тыс.;;Достаточно настойчивый;;;11;;;17.4;31.4;32.5;33.6;;;;;;;;
21;П (Ц), НП (Ц);Leo Meité;€214,000 в год;€60тыс. - €180тыс.;;Сдержанный;;;8;;;19.0;36.2;37.6;38.4;;;;;;;;
17;НП (Ц);Giorgos Konstantinou;€8,750 в год;€60тыс. - €180тыс.;;Неамбициозный;;;13;;;19.0;31.0;31.6;32.7;;;;;;;;
18;З/КЗ (П);Mick Russell;€641,000 в год;€60тыс. - €600тыс.;;Сдержанный;;;13;;;21.2;34.1;35.1;35.5;;;;;;;;
17;П/АП (Ц);Scott Fletcher;€8,750 в год;€60тыс. - €600тыс.;;Реалист;;;16;;;15.5;32.7;33.8;35.3;;;;;;;;
18;П/АП (ПЦ);Michael Brown;€475,000 в год;€60тыс. - €600тыс.;;Сдержанный;;;13;;;20.4;35.4;36.3;36.6;;;;;;;;
17;В;Donovan Findlay;€8,750 в год;€60тыс. - €600тыс.;;Сдержанный;;;4;;;54.5;65.5;67.4;68.2;;;;;;;;
16;З (ПЦ);Ali Çetin;€8,750 в год;€60тыс. - €600тыс.;;Неамбициозный;;;7;;;21.1;32.4;32.9;33.2;;;;;;;;
21;В;Ali Murray;€50,500 в год;€60тыс. - €600тыс.;;Сдержанный;;;3;;;53.4;64.8;67.0;67.7;;;;;;;;
20;АП (ПЛ), НП (Ц);Ismaila Babangida;€162,000 в год;€60тыс. - €600тыс.;;Достаточно настойчивый;;;10;;;15.7;31.2;32.4;33.2;;;;;;;;
21;З (ПЦ);Christopher Larkin;€167,000 в год;€60тыс. - €600тыс.;;Наемник;;;6;;;21.6;34.4;35.3;35.6;;;;;;;;
18;З/КЗ (П);Joe Carter;€36,500 в год;€60тыс. - €600тыс.;;Достаточно настойчивый;;;7;;;19.1;29.0;29.6;30.8;;;;;;;;
18;П/АП (ПЛ);Theo Campbell;€210,000 в год;€60тыс. - €600тыс.;;Реалист;;;12;;;15.0;27.4;28.4;29.1;;;;;;;;
17;П/АП (ПЦ);Cohen Whyte;€8,750 в год;€60тыс. - €600тыс.;;Тверд в решениях;;;11;;;19.2;34.6;35.6;37.0;;;;;;;;
20;АП (П), НП (Ц);Louis Akehurst;€83,500 в год;€60тыс. - €600тыс.;;Сдержанный;;;10;;;15.4;29.1;30.3;31.4;;;;;;;;
19;З (ЛЦ), КЗ/П (Л);Ross Parr;€71,000 в год;€60тыс. - €600тыс.;;Достаточно дисциплинированный;;;5;;;23.3;36.0;37.1;37.5;;;;;;;;
19;П (Ц);Íñigo Lozano;€99,500 в год;€60тыс. - €600тыс.;;Достаточно профессионален;;;13;;;19.5;36.4;37.2;37.6;;;;;;;;
20;П (П), АП (ПЛ), НП (Ц);Sam Potts;€251,000 в год;€60тыс. - €4.1млн.;;Сдержанный;;;13;;;14.6;31.2;32.5;32.8;;;;;;;;
19;П (Л), АП (ЛЦ), НП (Ц);Jacob Ellis;€26,000 в год;€65тыс. - €190тыс.;;Нерешительный;;;8;;;17.5;31.8;33.1;34.2;;;;;;;;
19;НП (Ц);Ash Harvey;€8,500 в год;€65тыс. - €190тыс.;;Достаточно профессионален;;;8;;;16.9;29.7;30.7;31.1;;;;;;;;
21;АП (П), НП (Ц);Simon Shuttleworth;€11,500 в год;€65тыс. - €190тыс.;;Сдержанный;;;12;;;15.6;24.9;25.4;26.5;;;;;;;;
21;З (ПЛ);Marvin Barlow;€26,500 в год;€65тыс. - €190тыс.;;Неамбициозный;;;5;;;18.9;27.6;28.2;28.6;;;;;;;;
20;П (Ц);Peter Taylor;€70,500 в год;€65тыс. - €650тыс.;;Достаточно амбициозный;;;15;;;17.6;34.2;35.3;36.4;;;;;;;;
21;П/АП (Л);Jonathan Jørgensen;€42,500 в год;€65тыс. - €650тыс.;;Ненадежный;;;15;;;19.5;34.6;35.7;36.4;;;;;;;;
20;АП (ПЦ), НП (Ц);Aden Copeland;€51,000 в год;€65тыс. - €650тыс.;;Достаточно профессионален;;;12;;;15.0;27.2;28.2;28.6;;;;;;;;
15;ОП, П (ПЦ);Graham Hallard;€8,750 в год;€65тыс. - €650тыс.;;Решительный;;;12;;;17.8;33.8;34.9;35.6;;;;;;;;
19;З/КЗ (Л);Zakaria Chentouf;€39,000 в год;€65тыс. - €650тыс.;;Достаточно профессионален;;;6;;;18.4;28.2;29.1;30.2;;;;;;;;
17;З (Ц);Graham Townsend;€8,750 в год;€65тыс. - €650тыс.;;Достаточно дисциплинированный;;;5;;;19.0;30.2;31.0;32.2;;;;;;;;
20;З (Л), КЗ (ПЛ), П/АП (Л);Craig Healy;€65,500 в год;€65тыс. - €650тыс.;;Неамбициозный;;;8;;;17.4;27.9;28.7;29.8;;;;;;;;
21;ОП, П (Ц);John Adams;€37,500 в год;€65тыс. - €650тыс.;;Достаточно настойчивый;;;14;;;20.7;33.2;33.8;35.0;;;;;;;;
21;ОП, П/АП (ПЦ);Darren Wharton;€86,500 в год;€65тыс. - €650тыс.;;Ненадежный;;;14;;;21.1;36.8;37.8;39.0;;;;;;;;
20;З/П (Ц);Amari Fenney;€46,500 в год;€65тыс. - €650тыс.;;Сдержанный;;;5;;;22.7;32.7;33.4;34.2;;;;;;;;
18;П (П), АП (ПЛ), НП (Ц);Samuel Okoli;€253,000 в год;€65тыс. - €650тыс.;;Достаточно дисциплинированный;;;10;;;17.2;31.3;32.2;33.0;;;;;;;;
21;АП (П);Dan Cotterill;€34,000 в год;€70тыс. - €200тыс.;;Идеалист;;;14;;;14.9;26.7;27.3;27.7;;;;;;;;
21;П/АП (Ц);Matt Whittles;€31,000 в год;€70тыс. - €200тыс.;;Неамбициозный;;;13;;;16.9;32.8;33.9;35.4;;;;;;;;
19;З (ПЦ);Andy Ward;€47,500 в год;€70тыс. - €700тыс.;;Нерешительный;;;5;;;21.2;33.8;34.8;35.9;;;;;;;;
16;З (Ц);Lea Hudson;€8,750 в год;€70тыс. - €700тыс.;;Ненадежный;;;5;;;19.6;30.4;31.2;31.9;;;;;;;;
16;П/АП (Ц);Sean Doyle;€8,750 в год;€70тыс. - €700тыс.;;Нерешительный;;;9;;;17.6;34.0;35.0;35.8;;;;;;;;
19;П/АП (Л);Chris Simpson;€36,000 в год;€70тыс. - €700тыс.;;Нерешительный;;;10;;;16.6;30.6;31.4;32.9;;;;;;;;
16;З (ПЛЦ);Rikki Gaskin;€8,750 в год;€70тыс. - €700тыс.;;Достаточно профессионален;;;11;;;19.2;28.9;29.4;29.8;;;;;;;;
18;П (Л), АП (ПЦ), НП (Ц);Ben Smith;€139,000 в год;€70тыс. - €700тыс.;;Неамбициозный;;;13;;;20.5;36.2;37.2;38.4;;;;;;;;
20;П/АП (П);Carmelo Sánchez;€56,500 в год;€70тыс. - €700тыс.;;Сдержанный;;;13;;;15.7;31.4;32.3;33.4;;;;;;;;
17;В;Luca Panconi;€8,750 в год;€70тыс. - €700тыс.;;Легкомысленный;;;5;;;48.0;58.2;60.0;60.8;;;;;;;;
17;П/АП (Ц);Mubarak Nnamani;€8,750 в год;€70тыс. - €700тыс.;;Низкая самооценка;;;10;;;19.7;36.0;36.8;37.2;;;;;;;;
18;З (ЛЦ), АП (Л);John Pratt;€8,750 в год;€70тыс. - €700тыс.;;Напористый;;;11;;;21.2;32.9;33.6;33.9;;;;;;;;
18;КЗ/АП (Л);Joe Denman;€16,750 в год;€70тыс. - €700тыс.;;Сдержанный;;;8;;;14.2;27.7;28.4;28.8;;;;;;;;
21;З (Ц), ОП, П (ЛЦ);Kgotso Njwaga;€12,250 в год;€75тыс.;;Достаточно настойчивый;;;12;;;21.3;37.4;38.6;39.3;;;;;;;;
21;З/П/АП (Л), НП (Ц);Jack Andrews;€31,500 в год;€75тыс. - €210тыс.;;Сдержанный;;;10;;;15.1;24.0;24.4;25.5;;;;;;;;
20;П/АП (Ц);Joth Taylor;€43,500 в год;€75тыс. - €210тыс.;;Напористый;;;15;;;18.7;35.8;37.0;37.4;;;;;;;;
19;НП (Ц);Tony Rush;€31,500 в год;€75тыс. - €220тыс.;;Сдержанный;;;11;;;16.1;27.7;28.3;28.7;;;;;;;;
21;П/АП (Ц);Alistair Skewes;€34,000 в год;€75тыс. - €750тыс.;;Достаточно лояльный;;;13;;;17.4;33.0;34.2;35.3;;;;;;;;
15;В;Nicholas Morris;€8,750 в год;€75тыс. - €750тыс.;;Сдержанный;;;3;;;48.8;60.6;62.5;63.3;;;;;;;;
19;З (Ц), ОП;Jermaine Spencer;€31,500 в год;€75тыс. - €750тыс.;;Наемник;;;7;;;21.2;37.1;38.4;39.2;;;;;;;;
16;З/П (Ц);Philip Glassey;€8,750 в год;€75тыс. - €750тыс.;;Достаточно дисциплинированный;;;8;;;18.4;31.1;32.0;32.8;;;;;;;;
16;З (ПЛ);Duane Onyeaka;€8,750 в год;€75тыс. - €750тыс.;;Достаточно профессионален;;;11;;;21.2;33.7;34.4;35.1;;;;;;;;
20;П (Л), АП (ПЛЦ), НП (Ц);Josh Doran;€135,000 в год;€75тыс. - €750тыс.;;Нерешительный;;;10;;;14.6;26.6;27.3;28.0;;;;;;;;
18;П/АП (Л);Kelvin Adeniyi;€8,750 в год;€75тыс. - €750тыс.;;Легкомысленный;;;16;;;18.5;34.2;35.3;36.1;;;;;;;;
20;ОП, П (ЛЦ), АП (Л), НП (Ц);Lewis McDermott;€31,000 в год;€75тыс. - €750тыс.;;Сдержанный;;;13;;;15.0;30.1;31.1;32.2;;;;;;;;
19;В;Murray Brown;€23,000 в год;€80тыс. - €240тыс.;;Ненадежный;;;5;;;44.2;54.9;56.7;57.4;;;;;;;;
18;П/АП (П);Tawanda Shereni;€8,750 в год;€80тыс. - €800тыс.;;Достаточно профессионален;;;14;;;19.0;34.0;35.0;36.1;;;;;;;;
21;З (ПЦ);Tom Cooke;€38,000 в год;€80тыс. - €800тыс.;;Достаточно профессионален;;;7;;;19.8;32.2;33.2;33.6;;;;;;;;
16;З (Ц);Emmanuel Kalu;€8,750 в год;€80тыс. - €800тыс.;;Сдержанный;;;9;;;18.4;31.8;32.6;33.8;;;;;;;;
19;ОП, П (Ц);Dan White;€18,000 в год;€80тыс. - €800тыс.;;Достаточно амбициозный;;;12;;;16.8;29.0;30.0;30.7;;;;;;;;
16;З (Л);David Lawal;€8,750 в год;€80тыс. - €800тыс.;;Неамбициозный;;;7;;;19.2;31.5;32.4;33.2;;;;;;;;
21;З (Ц);Dominic Brown;€55,500 в год;€80тыс. - €800тыс.;;Достаточно настойчивый;;;6;;;20.6;30.6;31.6;32.3;;;;;;;;
21;ОП, П (Ц), АП (ПЦ);Jonah Hodgkinson;€18,500 в год;€80тыс. - €800тыс.;;Сдержанный;;;11;;;17.1;26.9;27.6;28.7;;;;;;;;
20;З (Ц), ОП, П (Ц), НП (Ц);Friday Igbinoba;€100,000 в год;€80тыс. - €800тыс.;;Сдержанный;;;9;;;18.4;28.1;28.7;29.1;;;;;;;;
20;АП (ЛЦ);Damian Andryszak;€76,000 в год;€80тыс. - €800тыс.;;Неамбициозный;;;8;;;14.0;29.4;30.4;30.8;;;;;;;;
17;З (ПЦ), КЗ (П);Samuel Bello;€8,750 в год;€80тыс. - €800тыс.;;Легкомысленный;;;10;;;19.9;34.2;35.0;36.2;;;;;;;;
16;П (Ц);Shane Duckett;€8,750 в год;€80тыс. - €800тыс.;;Сдержанный;;;13;;;19.1;35.4;37.0;37.7;;;;;;;;
16;НП (Ц);Harrison Allinson;€8,750 в год;€80тыс. - €800тыс.;;Достаточно настойчивый;;;9;;;19.2;35.1;35.9;36.3;;;;;;;;
17;ОП, П (Ц);Oliver Riley;€8,750 в год;€85тыс. - €250тыс.;;Сдержанный;;;14;;;19.2;32.0;33.0;34.1;;;;;;;;
16;НП (Ц);Jonathan Wells;€8,750 в год;€85тыс. - €850тыс.;;Легкомысленный;;;12;;;19.3;29.9;30.8;31.2;;;;;;;;
21;НП (Ц);Jasper Dowse;€62,000 в год;€85тыс. - €850тыс.;;Наемник;;;11;;;15.4;30.5;31.4;32.6;;;;;;;;
16;З (Л);Steve Appleyard;€8,750 в год;€85тыс. - €850тыс.;;Легкомысленный;;;5;;;20.3;31.6;32.7;33.4;;;;;;;;
19;З (Ц);Ryan Whyte;€47,000 в год;€85тыс. - €850тыс.;;Сдержанный;;;6;;;18.9;29.9;30.9;31.3;;;;;;;;
20;КЗ (Л), П (ПЛЦ), АП (П);Hari Stanton;€12,250 в год;€90тыс. - €250тыс.;;Ненадежный;;;11;;;19.3;31.6;32.4;33.1;;;;;;;;
17;З (ПЦ);Luke Couchman;€8,750 в год;€90тыс. - €900тыс.;;Решительный;;;11;;;19.8;30.2;30.7;31.8;;;;;;;;
21;З (Ц), ОП, П (Ц);Solomon Opoku;€31,000 в год;€90тыс. - €900тыс.;;Ненадежный;;;5;;;19.6;32.2;33.1;34.2;;;;;;;;
19;АП (П), НП (Ц);Blaise Rainford;€18,500 в год;€90тыс. - €900тыс.;;Сдержанный;;;12;;;17.2;29.3;30.2;30.5;;;;;;;;
21;З (ЛЦ);Aram Reece;€35,000 в год;€90тыс. - €900тыс.;;Неамбициозный;;;7;;;21.1;30.7;31.4;31.8;;;;;;;;
19;З (ПЛЦ);Connor Heister;€413,000 в год;€90тыс. - €900тыс.;;Сдержанный;;;6;;;22.8;36.3;37.3;37.7;;;;;;;;
16;НП (Ц);Michael Plant;€8,750 в год;€90тыс. - €900тыс.;;Темпераментный;;;9;;;15.9;29.4;30.1;30.8;;;;;;;;
19;П/АП (Ц);McKenzie Boness;€265,000 в год;€90тыс. - €900тыс.;;Сдержанный;;;15;;;18.8;32.2;33.0;33.4;;;;;;;;
21;З (Ц);Mike Cutler;€18,250 в год;€95тыс. - €275тыс.;;Непостоянный;;;5;;;18.2;26.9;27.6;28.8;;;;;;;;
16;П (ПЛЦ);Alan Haigh;€8,750 в год;€95тыс. - €275тыс.;;Нерешительный;;;9;;;17.3;30.8;31.4;32.2;;;;;;;;
21;АП (ЛЦ), НП (Ц);Robin Studholme;€20,500 в год;€95тыс. - €275тыс.;;Достаточно профессионален;;;9;;;17.2;28.3;28.9;29.3;;;;;;;;
16;В;Renaldo Brathwaite;€8,750 в год;€95тыс. - €950тыс.;;Неамбициозный;;;4;;;47.8;58.0;59.7;62.0;;;;;;;;
18;НП (Ц);Rafał Marzec;€98,000 в год;€95тыс. - €950тыс.;;Темпераментный;;;8;;;17.8;30.3;31.0;31.8;;;;;;;;
17;ОП, П (Ц), АП (П);Cian Jones;€8,750 в год;€95тыс. - €950тыс.;;Неамбициозный;;;13;;;17.5;36.3;37.6;38.8;;;;;;;;
19;П (ПЦ), АП (П);Gary Hart;€57,000 в год;€95тыс. - €950тыс.;;Достаточно настойчивый;;;10;;;18.7;31.6;32.6;33.7;;;;;;;;
19;КЗ (Л), П (Ц);Jake Doherty;€31,500 в год;€95тыс. - €950тыс.;;Ненадежный;;;11;;;19.0;37.5;38.7;39.4;;;;;;;;
21;З (Ц);Dan Taylor;€272,000 в год;€95тыс. - €950тыс.;;Жизнерадостный;;;7;;;21.3;33.2;34.2;35.3;;;;;;;;
21;П/АП (ПЦ);Sam Flynn;€100,000 в год;€95тыс. - €950тыс.;;Сдержанный;;;8;;;18.1;31.0;32.2;32.9;;;;;;;;
16;З (Ц), ОП, П (Ц);Greg Routledge;€8,750 в год;€95тыс. - €950тыс.;;Напористый;;;8;;;19.2;31.4;32.3;33.4;;;;;;;;
21;З (Ц), ОП, П (Ц);Jason Carpenter;€102,000 в год;€100тыс. - €1млн.;;Достаточно настойчивый;;;3;;;22.4;30.4;30.6;31.4;;;;;;;;
15;АП (П), НП (Ц);Shaun Hart;€8,750 в год;€100тыс. - €1млн.;;Сдержанный;;;7;;;14.3;26.5;27.4;28.5;;;;;;;;
17;КЗ (П), П (Ц), АП (ПЦ);Ian McCallum;€8,750 в год;€100тыс. - €1млн.;;Неамбициозный;;;10;;;16.8;33.2;34.5;34.8;;;;;;;;
21;В;Tim Lee;€36,000 в год;€100тыс. - €1млн.;;Напористый;;;1;;;44.9;54.2;55.7;56.5;;;;;;;;
16;НП (Ц);Tyrese Marshall;€8,750 в год;€110тыс. - €300тыс.;;Неамбициозный;;;9;;;19.8;34.8;36.2;36.6;;;;;;;;
16;З (Ц);Ryan Lambley;€8,750 в год;€110тыс. - €325тыс.;;Сдержанный;;;8;;;20.0;31.0;31.9;32.3;;;;;;;;
21;З (ПЦ), ОП, П (Ц);Norman Lavery;€42,500 в год;€110тыс. - €325тыс.;;Сдержанный;;;9;;;19.4;30.6;31.6;32.4;;;;;;;;
16;НП (Ц);Ivan Tomić;€8,750 в год;€110тыс. - €325тыс.;;Непостоянный;;;8;;;14.4;24.1;24.9;25.2;;;;;;;;
18;П (П), АП (ПЛ), НП (Ц);Michael O'Brien;€296,000 в год;€110тыс. - €1.1млн.;;Неамбициозный;;;12;;;13.2;26.8;27.8;28.6;;;;;;;;
21;В;Tony Jolley;€103,000 в год;€110тыс. - €1.1млн.;;Достаточно профессионален;;;5;;;59.0;69.4;71.7;74.7;;;;;;;;
21;З (Ц), ОП, П (Ц);Charis Ioannou;€149,000 в год;€110тыс. - €1.1млн.;;Достаточно дисциплинированный;;;13;;;26.1;44.4;45.6;46.3;;;;;;;;
21;П (ЛЦ), АП (Л), НП (Ц);Stephen Fenton;€29,500 в год;€110тыс. - €1.1млн.;;Сдержанный;;;12;;;18.9;34.8;35.9;36.6;;;;;;;;
18;П/АП (Ц);John Roche;€80,000 в год;€110тыс. - €1.1млн.;;Нерешительный;;;8;;;17.0;31.7;32.8;33.9;;;;;;;;
19;АП (П), НП (Ц);Dafydd Hutchings;€19,000 в год;€110тыс. - €1.1млн.;;Сдержанный;;;10;;;16.8;33.4;34.5;35.2;;;;;;;;
19;П/АП (Ц);Sean Blinkhorn;€86,000 в год;€110тыс. - €1.1млн.;;Легкомысленный;;;15;;;20.6;36.1;37.2;38.0;;;;;;;;
19;З (Ц), ОП;Rayan Mollard;€40,000 в год;€110тыс. - €1.1млн.;;Неамбициозный;;;10;;;20.4;32.3;32.8;33.2;;;;;;;;
18;З (ПЦ), КЗ (П), ОП;Vincent Tumber;€79,000 в год;€110тыс. - €1.1млн.;;Общительный;;;7;;;20.4;31.7;32.6;33.7;;;;;;;;
16;П/АП (Л);Luca Box;€8,750 в год;€110тыс. - €1.1млн.;;Неамбициозный;;;10;;;19.4;33.9;34.7;35.0;;;;;;;;
17;З (ПЛ), КЗ (П);Charlie Armstrong;€8,750 в год;€110тыс. - €1.1млн.;;Достаточно настойчивый;;;8;;;20.4;30.8;31.4;32.1;;;;;;;;
18;З/КЗ (П);Kevin Morrison;€8,750 в год;€110тыс. - €1.1млн.;;Сдержанный;;;7;;;19.4;31.4;32.0;32.4;;;;;;;;
16;П/АП (Л);Dave Jones;€8,750 в год;€110тыс. - €1.1млн.;;Сдержанный;;;10;;;16.6;31.3;32.2;33.0;;;;;;;;
20;З/КЗ/П/АП (П);James Grainger;€49,500 в год;€110тыс. - €1.1млн.;;Наемник;;;14;;;17.6;36.2;37.4;38.1;;;;;;;;
19;В;Will Liddle;€88,000 в год;€110тыс. - €4.4млн.;;Напористый;;;2;;;59.0;71.2;72.9;75.6;;;;;;;;
17;З (ПЛ), КЗ (П);Jamie Davies;€8,750 в год;€110тыс. - €5.4млн.;;Достаточно профессионален;;;9;;;21.5;34.0;34.6;35.4;;;;;;;;
17;ОП, П (ЛЦ);Teriq Lloyd;€8,750 в год;€120тыс. - €325тыс.;;Достаточно амбициозный;;;9;;;17.4;28.7;29.6;30.7;;;;;;;;
17;В;Jasper Deehan;€8,750 в год;€120тыс. - €350тыс.;;Неамбициозный;;;5;;;44.8;51.5;53.0;56.8;;;;;;;;
21;АП (П), НП (Ц);Ross Astill;€84,500 в год;€120тыс. - €350тыс.;;Низкая самооценка;;;10;;;18.8;35.3;36.6;36.9;;;;;;;;
15;В;Pete Stilgoe;€8,750 в год;€120тыс. - €350тыс.;;Сдержанный;;;8;;;45.4;54.9;56.8;58.0;;;;;;;;
18;П (ПЦ), АП (ПЛЦ);Billy Ingham;€8,750 в год;€120тыс. - €350тыс.;;Неамбициозный;;;11;;;15.7;32.0;33.0;33.8;;;;;;;;
16;НП (Ц);Jim Sharvin;€8,750 в год;€120тыс. - €1.2млн.;;Легко разочаровывающийся;;;9;;;18.4;36.1;37.5;38.2;;;;;;;;
20;З (ЛЦ), КЗ (Л);Ben Wagstaff;€90,000 в год;€120тыс. - €1.2млн.;;Неамбициозный;;;9;;;20.1;31.8;32.8;33.6;;;;;;;;
18;АП (ПЦ), НП (Ц);Chris Smith;€8,750 в год;€120тыс. - €1.2млн.;;Легкомысленный;;;10;;;16.9;32.0;32.8;33.9;;;;;;;;
21;АП (П), НП (Ц);Rasmus Petersen;€19,250 в год;€120тыс. - €1.2млн.;;Достаточно настойчивый;;;13;;;15.2;31.5;33.0;33.8;;;;;;;;
21;З (ПЛ), КЗ (П);Jude Singh;€539,000 в год;€120тыс. - €1.2млн.;;Сдержанный;;;12;;;20.5;30.5;31.1;31.5;;;;;;;;
21;В;Andre Abbott;€73,500 в год;€120тыс. - €1.2млн.;;Достаточно профессионален;;;4;;;50.1;59.0;61.4;61.8;;;;;;;;
19;В;Assaf Gueta;€65,000 в год;€120тыс. - €1.2млн.;;Сдержанный;;;5;;;52.8;64.8;67.4;68.9;;;;;;;;
19;П (Ц), АП (ПЦ), НП (Ц);Corey Broadbent-Hornby;€137,000 в год;€120тыс. - €1.2млн.;;Неамбициозный;;;8;;;17.8;34.4;35.5;36.3;;;;;;;;
21;В;Carwyn James;€116,000 в год;€120тыс. - €1.2млн.;;Сдержанный;;;6;;;53.0;62.3;63.7;67.1;;;;;;;;
20;П (П), АП (ПЛ), НП (Ц);Carl Primus;€146,000 в год;€120тыс. - €1.2млн.;;Достаточно амбициозный;;;10;;;17.1;30.9;32.0;32.4;;;;;;;;
16;ОП, П (Ц), АП (ПЦ);Alex Peters;€8,750 в год;€130тыс. - €375тыс.;;Неамбициозный;;;10;;;19.1;30.0;30.8;31.2;;;;;;;;
20;В;Simon Carter;€34,000 в год;€130тыс. - €1.3млн.;;Сдержанный;;;6;;;52.7;61.9;63.7;65.2;;;;;;;;
16;АП (П), НП (Ц);Joe Hunt;€8,750 в год;€130тыс. - €1.3млн.;;Неамбициозный;;;13;;;16.5;27.7;28.7;29.8;;;;;;;;
20;З (Ц), ОП, П (Ц);Ali Lahlali;€193,000 в год;€130тыс. - €1.3млн.;;Сдержанный;;;14;;;21.1;34.6;35.4;35.7;;;;;;;;
20;П/АП (Л), НП (Ц);Danny Coulter;€138,000 в год;€130тыс. - €1.3млн.;;Достаточно настойчивый;;;8;;;20.2;37.0;38.3;39.4;;;;;;;;
20;З (П), ОП, П (Ц);Sam Hilton;€112,000 в год;€130тыс. - €1.3млн.;;Ненадежный;;;11;;;22.6;34.9;35.8;37.2;;;;;;;;
17;АП (Л);Mxolisi Ndlovu;€8,750 в год;€130тыс. - €1.3млн.;;Сдержанный;;;10;;;17.8;31.0;31.7;32.5;;;;;;;;
18;П (Ц), НП (Ц);Graham Newman;€239,000 в год;€130тыс. - €1.3млн.;;Энергичный;;;12;;;20.7;37.4;38.5;39.6;;;;;;;;
16;З (Ц);Josh Mackay;€8,750 в год;€130тыс. - €1.3млн.;;Достаточно настойчивый;;;12;;;18.2;30.2;31.2;31.6;;;;;;;;
20;З/П (Ц);Steve Booker;€61,500 в год;€130тыс. - €1.3млн.;;Неамбициозный;;;9;;;19.4;29.8;30.9;31.6;;;;;;;;
18;З (ЛЦ);Oliver Hurdman;€157,000 в год;€130тыс. - €1.3млн.;;Ненадежный;;;8;;;22.3;32.4;33.2;33.5;;;;;;;;
21;В;Dean Miles;€111,000 в год;€130тыс. - €1.3млн.;;Сдержанный;;;6;;;58.0;71.1;73.0;73.8;;;;;;;;
20;З (ПЦ);Niall Curran;€94,000 в год;€130тыс. - €1.3млн.;;Достаточно настойчивый;;;10;;;24.0;37.6;38.4;38.8;;;;;;;;
18;АП (Л);Tapiwa Ncube;€8,750 в год;€130тыс. - €1.3млн.;;Достаточно профессионален;;;12;;;18.4;33.5;34.3;35.0;;;;;;;;
21;З (Ц);Jake Millen;€72,500 в год;€130тыс. - €1.3млн.;;Достаточно настойчивый;;;6;;;21.8;32.8;33.4;34.5;;;;;;;;
21;В;Thierry Douglas;€38,500 в год;€140тыс. - €400тыс.;;Достаточно настойчивый;;;4;;;51.2;63.2;65.0;66.9;;;;;;;;
21;З (ПЦ), П (Ц);Craig Swift;€33,500 в год;€140тыс. - €400тыс.;;Достаточно профессионален;;;3;;;19.5;33.0;34.1;34.4;;;;;;;;
20;З (Л), ОП;Kamal Miah;€10,250 в год;€140тыс. - €400тыс.;;Достаточно профессионален;;;8;;;24.0;36.7;37.8;38.9;;;;;;;;
21;П/АП (Л);Paul McIntosh;€253,000 в год;€140тыс. - €1.4млн.;;Достаточно настойчивый;;;13;;;20.8;35.3;36.1;36.5;;;;;;;;
16;З/П (Ц);Conrad Crowther;€8,750 в год;€140тыс. - €1.4млн.;;Нерешительный;;;8;;;20.5;34.5;35.3;36.4;;;;;;;;
19;П/АП (Л), НП (Ц);Chris Hussey;€195,000 в год;€140тыс. - €1.4млн.;;Темпераментный;;;8;;;15.3;27.2;27.8;28.9;;;;;;;;
15;З (ПЦ);Steve Middlehurst;€8,750 в год;€140тыс. - €1.4млн.;;Достаточно настойчивый;;;6;;;18.5;29.3;30.0;31.2;;;;;;;;
19;З (ПЛ), ОП;Steve Dack;€125,000 в год;€140тыс. - €1.4млн.;;Неамбициозный;;;7;;;20.8;32.1;33.0;34.1;;;;;;;;
21;АП (Ц), НП (Ц);Wayne Belgrave;€126,000 в год;€140тыс. - €1.4млн.;;Сдержанный;;;12;;;20.2;35.5;36.6;37.0;;;;;;;;
21;АП (ПЛ), НП (Ц);Michael Quaye;€24,500 в год;€140тыс. - €1.4млн.;;Достаточно профессионален;;;9;;;17.7;31.0;32.0;33.2;;;;;;;;
20;АП (П), НП (Ц);Davis Burgher;€13,750 в год;€140тыс. - €1.4млн.;;Наемник;;;9;;;19.0;30.7;31.6;32.4;;;;;;;;
21;В;Luther Brathwaite;€32,000 в год;€140тыс. - €1.4млн.;;Напористый;;;2;;;58.1;69.7;71.5;71.9;;;;;;;;
18;З (ПЛ);Antoine Olopade;€326,000 в год;€140тыс. - €4.5млн.;;Достаточно дисциплинированный;;;10;;;21.2;33.0;34.0;34.4;;;;;;;;
19;НП (Ц);Tamauri Edwards;€22,500 в год;€150тыс. - €425тыс.;;Неамбициозный;;;13;;;15.1;29.8;30.9;31.7;;;;;;;;
17;В;Omar Hodgkiss;€8,750 в год;€150тыс. - €425тыс.;;Сдержанный;;;4;;;49.3;58.7;59.9;60.3;;;;;;;;
16;АП (Л), НП (Ц);Kristian Ondrejka;€8,750 в год;€150тыс. - €425тыс.;;Неамбициозный;;;8;;;13.3;24.1;24.6;25.7;;;;;;;;
20;П (Ц), АП (П), НП (Ц);Helal Khan;€6,000 в год;€150тыс. - €425тыс.;;Сдержанный;;;11;;;13.2;23.2;24.0;24.8;;;;;;;;
20;КЗ (П), П (Ц), АП (ПЦ), НП (Ц);Benjamin Arhin;€25,500 в год;€150тыс. - €425тыс.;;Сдержанный;;;14;;;15.6;29.5;30.4;31.1;;;;;;;;
20;З/КЗ (Л);Matty Rhodes;€81,000 в год;€150тыс. - €1.5млн.;;Амбициозный;;;7;;;21.1;32.8;33.6;34.7;;;;;;;;
21;З (Ц);Maurizio Fedele;€82,000 в год;€150тыс. - €1.5млн.;;Решительный;;;9;;;21.6;34.4;35.5;36.6;;;;;;;;
21;З (Ц), ОП, П (ПЦ);Murphy Kabeya;€90,500 в год;€150тыс. - €1.5млн.;;Неамбициозный;;;12;;;20.0;30.8;31.3;31.7;;;;;;;;
18;З (П);Sander van Dorp;€95,000 в год;€150тыс. - €1.5млн.;;Достаточно дисциплинированный;;;9;;;17.6;28.6;29.6;30.7;;;;;;;;
16;АП (ПЛ), НП (Ц);Mark Francis;€8,750 в год;€150тыс. - €1.5млн.;;Ненадежный;;;10;;;15.8;28.1;28.8;30.4;;;;;;;;
19;З (Ц);Rohan Wedderburn;€39,000 в год;€150тыс. - €1.5млн.;;Сдержанный;;;3;;;23.8;32.8;33.6;34.7;;;;;;;;
16;З (ЛЦ);Steve Roberts;€8,750 в год;€150тыс. - €1.5млн.;;Достаточно настойчивый;;;10;;;20.4;34.3;35.3;35.7;;;;;;;;
16;В;Mathew Hulme;€8,750 в год;€150тыс. - €1.5млн.;;Темпераментный;;;4;;;48.4;60.1;61.5;63.0;;;;;;;;
20;НП (Ц);Luke Iredale;€86,500 в год;€150тыс. - €1.5млн.;;Неамбициозный;;;13;;;14.0;26.0;26.8;27.2;;;;;;;;
17;П (Ц), АП (П), НП (Ц);Mohamed Kamara;€8,750 в год;€150тыс. - €1.5млн.;;Напористый;;;15;;;20.6;34.4;35.2;35.9;;;;;;;;
21;П (Ц), НП (Ц);Juan Miguel Puche;€76,500 в год;€150тыс. - €5.4млн.;;Достаточно настойчивый;;;11;;;17.0;31.5;32.4;32.8;;;;;;;;
20;АП (ЛЦ), НП (Ц);Kyle Steele;€84,000 в год;€150тыс. - €5.6млн.;;Сдержанный;;;10;;;16.9;32.8;34.2;35.7;;;;;;;;
19;З (ПЦ);Will Oram;€109,000 в год;€160тыс. - €450тыс.;;Сдержанный;;;7;;;20.9;34.4;35.6;36.7;;;;;;;;
18;АП (Ц);Robert Chapman;€20,500 в год;€160тыс. - €475тыс.;;Нерешительный;;;12;;;17.7;33.0;34.0;34.3;;;;;;;;
18;В;Mohamed Souley;€510,000 в год;€160тыс. - €1.6млн.;;Достаточно настойчивый;;;9;;;54.4;66.4;68.6;69.7;;;;;;;;
20;КЗ (П), П (Ц), АП (ПЦ);Tony Abiodun;€83,000 в год;€160тыс. - €1.6млн.;;Сдержанный;;;10;;;18.0;34.1;34.9;36.0;;;;;;;;
21;П/АП (ПЦ);Richie McGuinness;€150,000 в год;€160тыс. - €1.6млн.;;Сдержанный;;;13;;;19.0;32.4;33.2;33.9;;;;;;;;
18;П/АП (П), НП (Ц);Alon Vered;€108,000 в год;€160тыс. - €1.6млн.;;Сдержанный;;;11;;;20.0;36.1;37.4;37.8;;;;;;;;
18;НП (Ц);Michael Burling;€140,000 в год;€160тыс. - €1.6млн.;;Реалист;;;11;;;19.2;33.5;34.4;35.2;;;;;;;;
15;З (Ц);Louis Nzeza;€8,750 в год;€160тыс. - €1.6млн.;;Достаточно дисциплинированный;;;7;;;18.6;29.4;30.2;30.6;;;;;;;;
20;П/АП (ПЦ);Youssef Ouaali;€113,000 в год;€160тыс. - €1.6млн.;;Достаточно настойчивый;;;14;;;18.3;34.3;35.4;36.1;;;;;;;;
21;П (ЛЦ), АП (П);Sanmi Sterling;€234,000 в год;€160тыс. - €1.6млн.;;Достаточно настойчивый;;;13;;;18.1;32.2;33.1;33.9;;;;;;;;
19;ОП, П (Ц);Marko Möckel;€139,000 в год;€170тыс. - €475тыс.;;Легкомысленный;;;11;;;21.4;38.8;40.0;40.4;;;;;;;;
20;З (ПЛЦ);Graham Goodchild;€33,500 в год;€170тыс. - €500тыс.;;Неамбициозный;;;3;;;18.5;27.7;28.7;29.4;;;;;;;;
21;П/АП (П), НП (Ц);Joe Gallagher;€141,000 в год;€170тыс. - €1.7млн.;;Неамбициозный;;;14;;;18.6;31.8;32.8;33.6;;;;;;;;
16;АП (Л), НП (Ц);Mark Oldham;€8,750 в год;€170тыс. - €1.7млн.;;Сдержанный;;;10;;;17.1;31.1;32.5;33.6;;;;;;;;
18;З (Ц);Paul Deegan;€95,000 в год;€170тыс. - €1.7млн.;;Сдержанный;;;8;;;22.6;34.6;35.4;36.1;;;;;;;;
18;П/АП (П);Phil Richards;€269,000 в год;€170тыс. - €1.7млн.;;Достаточно дисциплинированный;;;15;;;18.2;32.7;33.8;34.9;;;;;;;;
18;П (Ц), АП (ПЦ);Mauro Xuereb;€285,000 в год;€170тыс. - €1.7млн.;;Наемник;;;13;;;19.2;37.0;38.0;38.8;;;;;;;;
18;АП (Ц), НП (Ц);Panagiotis Kontoulas;€582,000 в год;€170тыс. - €1.7млн.;;Достаточно дисциплинированный;;;11;;;21.8;39.3;40.3;40.7;;;;;;;;
18;П (Ц), НП (Ц);Damien McDowell;€243,000 в год;€170тыс. - €1.7млн.;;Напористый;;;15;;;19.2;33.4;34.1;34.9;;;;;;;;
19;П/АП (Ц);Neofytos Georgiadis;€82,000 в год;€170тыс. - €1.7млн.;;Сдержанный;;;12;;;21.4;40.2;41.3;42.4;;;;;;;;
21;П/АП (Ц);Michael Lally;€213,000 в год;€170тыс. - €1.7млн.;;Сдержанный;;;10;;;19.3;34.8;35.7;36.4;;;;;;;;
19;П/АП (Ц);Warren Moran;€612,000 в год;€170тыс. - €1.7млн.;;Достаточно дисциплинированный;;;14;;;17.6;34.8;35.9;37.4;;;;;;;;
16;З (ЛЦ);Rowan Brazil-Wickens;€8,750 в год;€170тыс. - €1.7млн.;;Ненадежный;;;6;;;19.8;32.4;33.3;34.4;;;;;;;;
19;АП (П), НП (Ц);Brian Conway;€8,750 в год;€180тыс. - €500тыс.;;Сдержанный;;;12;;;16.8;31.1;32.0;33.2;;;;;;;;
16;В;Kamil Kozieł;€8,750 в год;€180тыс. - €550тыс.;;Сдержанный;;;10;;;42.8;51.2;52.7;56.4;;;;;;;;
19;З (ЛЦ), КЗ (Л);Jason Howes;€167,000 в год;€180тыс. - €1.8млн.;;Сдержанный;;;7;;;21.8;32.6;33.6;35.0;;;;;;;;
21;З (ПЛ);Paul Jenkins;€199,000 в год;€180тыс. - €1.8млн.;;Достаточно настойчивый;;;9;;;24.4;38.2;39.1;39.9;;;;;;;;
19;НП (Ц);Antony Ingham;€217,000 в год;€180тыс. - €1.8млн.;;Тверд в решениях;;;15;;;17.5;33.7;35.1;35.4;;;;;;;;
19;П/АП (Ц);Andy Watkins;€295,000 в год;€180тыс. - €1.8млн.;;Ненадежный;;;16;;;19.8;39.6;40.9;41.3;;;;;;;;
19;З (ПЦ);Ross Deya;€25,000 в год;€190тыс. - €550тыс.;;Сдержанный;;;5;;;23.2;34.3;35.1;35.8;;;;;;;;
20;П/АП (ПЦ);Tsvetan Zhelev;€12,750 в год;€190тыс. - €550тыс.;;Сдержанный;;;12;;;18.8;32.8;33.5;33.8;;;;;;;;
16;З (П);Jason Farrington;€8,750 в год;€190тыс. - €1.9млн.;;Достаточно профессионален;;;8;;;18.2;32.7;33.8;34.2;;;;;;;;
16;З (Ц);Dean Osborn;€8,750 в год;€190тыс. - €1.9млн.;;Достаточно дисциплинированный;;;10;;;17.6;31.6;32.6;33.7;;;;;;;;
16;З (Ц);Patrick Odongo;€8,750 в год;€190тыс. - €1.9млн.;;Энергичный;;;9;;;19.9;32.8;33.9;35.0;;;;;;;;
19;З (Ц), ОП, П/АП (Ц);Nicky Waters;€347,000 в год;€190тыс. - €1.9млн.;;Достаточно настойчивый;;;14;;;19.7;35.2;36.2;37.3;;;;;;;;
18;З (ПЛ), КЗ/АП (П);Jon Garitano;€53,500 в год;€190тыс. - €5.6млн.;;Сдержанный;;;14;;;24.6;40.4;41.7;42.4;;;;;;;;
19;КЗ (П), ОП, П (Ц), АП (Л);Leon Fearn;€35,000 в год;€200тыс. - €550тыс.;;Неамбициозный;;;7;;;18.8;31.6;32.4;33.2;;;;;;;;
19;НП (Ц);Leonard Abutu;€22,500 в год;€200тыс. - €600тыс.;;Низкая самооценка;;;9;;;15.7;29.2;30.4;30.7;;;;;;;;
19;З/КЗ (П);Billy-jay Fisher;€31,500 в год;€200тыс. - €600тыс.;;Реалист;;;9;;;20.9;31.1;31.8;32.2;;;;;;;;
19;З (ЛЦ);Dan Harrison;€257,000 в год;€200тыс. - €2млн.;;Достаточно настойчивый;;;10;;;21.3;33.7;34.6;35.0;;;;;;;;
20;З (ПЦ);Niall Byrne;€787,000 в год;€200тыс. - €2млн.;;Ненадежный;;;7;;;25.4;40.2;41.2;42.3;;;;;;;;
19;З (Ц);Luca Aimable;€247,000 в год;€200тыс. - €2млн.;;Напористый;;;13;;;22.4;35.8;36.6;36.9;;;;;;;;
21;В;Xavier Julien;€447,000 в год;€200тыс. - €5.4млн.;;Достаточно профессионален;;;5;;;62.6;71.8;73.2;73.6;;;;;;;;
21;АП (ЛЦ), НП (Ц);Stephen Daniel;€28,000 в год;€210тыс.;;Достаточно профессионален;;;14;;;18.7;35.3;36.8;37.6;;;;;;;;
21;П (Ц), АП (ПЛ);Steve Smith;€20,500 в год;€210тыс. - €600тыс.;;Нерешительный;;;5;;;13.8;27.7;28.5;28.9;;;;;;;;
20;П/АП (ЛЦ), НП (Ц);Craig Fowler;€24,000 в год;€210тыс. - €600тыс.;;Сдержанный;;;15;;;19.2;35.5;36.8;37.5;;;;;;;;
17;З (Ц);Duncan Cattell;€8,750 в год;€220тыс. - €650тыс.;;Энергичный;;;5;;;15.5;27.7;28.8;29.2;;;;;;;;
21;П (ПЦ), АП (Ц);Anthony Heffernan;€199,000 в год;€220тыс. - €650тыс.;;Низкая самооценка;;;13;;;16.2;31.4;32.6;33.3;;;;;;;;
16;З (П);Lamar De Cordova;€8,750 в год;€220тыс. - €2.2млн.;;Легкомысленный;;;9;;;20.3;33.4;34.3;34.7;;;;;;;;
20;АП (П), НП (Ц);Jamie Wood;€80,500 в год;€220тыс. - €2.2млн.;;Решительный;;;13;;;15.8;29.9;30.9;31.3;;;;;;;;
18;В;Lewis Freeman;€954,000 в год;€220тыс. - €2.2млн.;;Сдержанный;;;5;;;53.2;62.9;64.3;68.4;;;;;;;;
20;З (Ц), ОП, П (Ц);Carmel Barbara;€243,000 в год;€220тыс. - €5.8млн.;;Сдержанный;;;13;;;23.0;37.3;38.3;39.4;;;;;;;;
21;П (Л), АП (ПЛ);Nathan Thomson;€48,500 в год;€230тыс. - €650тыс.;;Сдержанный;;;9;;;17.0;29.6;30.4;30.8;;;;;;;;
17;П/АП (Л);Wes Hilton;€8,750 в год;€230тыс. - €650тыс.;;Реалист;;;13;;;13.6;25.1;25.8;26.2;;;;;;;;
18;П/АП (Ц);Andrea Rosati;€20,000 в год;€230тыс. - €650тыс.;;Сдержанный;;;13;;;15.4;29.6;30.6;31.0;;;;;;;;
21;З (ПЛЦ);Roydel Wehby;€169,000 в год;€230тыс. - €650тыс.;;Неамбициозный;;;6;;;19.7;32.0;32.9;33.3;;;;;;;;
21;АП (П), НП (Ц);John Kavanagh-Blake;€299,000 в год;€240тыс.;;Достаточно профессионален;;;12;;;19.6;36.6;37.8;38.6;;;;;;;;
21;П (Ц), АП (ЛЦ), НП (Ц);Hermann Ambs;€33,500 в год;€240тыс. - €650тыс.;;Неамбициозный;;;8;;;16.1;30.1;31.2;32.4;;;;;;;;
16;П/АП (Ц);Robbie Rogers;€8,750 в год;€240тыс. - €700тыс.;;Идеалист;;;13;;;19.6;34.9;36.0;36.8;;;;;;;;
16;З (Ц), ОП, П (Ц);Jordan Spence;€8,750 в год;€240тыс. - €2.4млн.;;Неамбициозный;;;13;;;20.0;35.9;37.0;37.8;;;;;;;;
17;П/АП (П);Charlie Green;€8,750 в год;€250тыс. - €750тыс.;;Реалист;;;12;;;15.0;27.2;27.8;29.3;;;;;;;;
16;НП (Ц);Johnny Simpson;€8,750 в год;€250тыс. - €750тыс.;;Сдержанный;;;12;;;13.5;25.0;26.0;27.1;;;;;;;;
20;ОП, П (ЛЦ);Darren Smith;€31,500 в год;€250тыс. - €750тыс.;;Достаточно амбициозный;;;8;;;19.4;35.1;36.3;36.6;;;;;;;;
21;НП (Ц);Mark Scully;€286,000 в год;€250тыс. - €2.5млн.;;Сдержанный;;;12;;;17.0;30.9;32.2;33.3;;;;;;;;
21;В;Clarke John-Brown;€282,000 в год;€250тыс. - €2.5млн.;;Ненадежный;;;8;;;54.4;68.2;70.8;73.8;;;;;;;;
18;З/КЗ (П);Carl Farrow;€143,000 в год;€250тыс. - €5.4млн.;;Достаточно профессионален;;;11;;;20.5;37.3;38.5;39.2;;;;;;;;
17;З (ПЛЦ), КЗ (П);Jake Russell;€8,750 в год;€275тыс. - €750тыс.;;Сдержанный;;;8;;;20.5;35.0;35.8;37.0;;;;;;;;
16;П (Ц), НП (Ц);Gareth Brady;€8,750 в год;€275тыс. - €800тыс.;;Неамбициозный;;;12;;;19.0;33.8;34.8;35.9;;;;;;;;
18;П (Ц), АП (П), НП (Ц);Evrol Clemson;€106,000 в год;€275тыс. - €800тыс.;;Достаточно профессионален;;;10;;;18.3;32.8;33.9;34.3;;;;;;;;
21;З/КЗ/П/АП (П);Brandon Carey;€114,000 в год;€275тыс. - €2.6млн.;;Достаточно профессионален;;;12;;;20.3;34.6;35.4;36.2;;;;;;;;
21;ОП, П (ЛЦ);Chris Hammond;€227,000 в год;€275тыс. - €2.6млн.;;Достаточно профессионален;;;16;;;20.6;37.6;38.6;39.0;;;;;;;;
21;З (ПЛ), КЗ (П);Shea Soares;€127,000 в год;€275тыс. - €2.7млн.;;Достаточно настойчивый;;;8;;;23.5;37.7;38.5;39.6;;;;;;;;
20;В;Hadan Stanford;€527,000 в год;€275тыс. - €2.8млн.;;Сдержанный;;;12;;;55.5;70.5;73.0;73.8;;;;;;;;
17;АП (П), НП (Ц);Richard Burton;€276,000 в год;€275тыс. - €6.4млн.;;Достаточно профессионален;;;14;;;18.0;33.5;34.6;35.7;;;;;;;;
17;П (П), АП (ПЛ), НП (Ц);Jason Lloyd;€8,750 в год;€300тыс. - €850тыс.;;Темпераментный;;;9;;;18.9;33.3;34.3;35.4;;;;;;;;
19;АП (ПЛ), НП (Ц);Phil Holden;€57,500 в год;€300тыс. - €850тыс.;;Сдержанный;;;11;;;18.4;32.3;33.3;34.0;;;;;;;;
18;НП (Ц);Christopher Benjamin;€8,750 в год;€300тыс. - €850тыс.;;Достаточно настойчивый;;;8;;;18.7;31.6;32.7;33.8;;;;;;;;
21;В;Saviour Ekpolo;€68,000 в год;€300тыс. - €900тыс.;;Наемник;;;5;;;53.4;60.3;62.0;62.4;;;;;;;;
20;П/АП (П), НП (Ц);Barry Leverington;€327,000 в год;€300тыс. - €2.9млн.;;Достаточно настойчивый;;;11;;;17.8;34.6;35.9;37.1;;;;;;;;
20;П (ПЛЦ), АП (ЛЦ);Loric Kitambala;€441,000 в год;€300тыс. - €3млн.;;Достаточно амбициозный;;;13;;;22.0;38.3;39.8;40.9;;;;;;;;
21;З (ПЛЦ), КЗ (П);Lee Palmer;€412,000 в год;€300тыс. - €3млн.;;Достаточно профессионален;;;13;;;20.0;33.6;34.3;35.4;;;;;;;;
17;В;Vincenzo Valentino;€8,750 в год;€300тыс. - €3.1млн.;;Сдержанный;;;1;;;56.0;66.0;67.4;68.2;;;;;;;;
21;З (ЛЦ);Paul Curtis;€101,000 в год;€325тыс. - €900тыс.;;Достаточно настойчивый;;;5;;;22.2;35.2;36.2;37.4;;;;;;;;
18;АП (Ц), НП (Ц);John Burton;€33,500 в год;€325тыс. - €900тыс.;;Сдержанный;;;13;;;20.8;38.1;39.3;39.7;;;;;;;;
18;З (Ц);Abayomi Abidemi;€8,750 в год;€325тыс. - €900тыс.;;Сдержанный;;;7;;;22.2;33.7;34.8;35.2;;;;;;;;
20;З (ПЛ), КЗ (Л), ОП, П (Ц);Steve Jones;€48,000 в год;€325тыс. - €950тыс.;;Тверд в решениях;;;10;;;21.8;34.9;35.6;36.8;;;;;;;;
20;П (Л), АП (ПЛ);Brett Cox;€26,000 в год;€325тыс. - €950тыс.;;Сдержанный;;;12;;;15.1;28.8;29.6;30.0;;;;;;;;
21;З (ПЛЦ);Steinar Bjørn;€71,000 в год;€325тыс. - €950тыс.;;Сдержанный;;;11;;;21.1;31.4;31.9;32.2;;;;;;;;
20;АП (ПЛ), НП (Ц);Renaldo Boyce;€596,000 в год;€325тыс. - €3.2млн.;;Наемник;;;12;;;19.3;33.6;34.6;35.7;;;;;;;;
21;В;Ben Ashby;€63,000 в год;€325тыс. - €3.2млн.;;Сдержанный;;;5;;;47.3;58.1;60.4;61.2;;;;;;;;
19;П (ЛЦ), АП (ПЛ);Aaron Campbell;€101,000 в год;€325тыс. - €3.2млн.;;Сдержанный;;;11;;;15.6;28.5;29.3;29.7;;;;;;;;
21;П/АП (Ц);Doug Jarrett;€253,000 в год;€325тыс. - €3.2млн.;;Сдержанный;;;17;;;20.4;42.0;43.4;43.8;;;;;;;;
21;З (ПЦ), ОП;Glyn Pearce;€72,000 в год;€350тыс. - €950тыс.;;Реалист;;;4;;;21.1;29.0;29.5;29.8;;;;;;;;
21;З (Ц);Allan Porteous;€63,500 в год;€350тыс. - €1млн.;;Достаточно настойчивый;;;4;;;18.6;25.9;26.4;26.8;;;;;;;;
18;З (ПЛ);Roy Neal;€87,000 в год;€350тыс. - €1млн.;;Сдержанный;;;11;;;20.9;34.4;35.4;35.7;;;;;;;;
21;З (Ц), ОП, П (Ц);Elijah Degazon;€42,500 в год;€350тыс. - €1млн.;;Сдержанный;;;5;;;20.8;35.3;36.0;36.8;;;;;;;;
21;АП (ПЦ), НП (Ц);Gus Stanford;€36,500 в год;€350тыс. - €1млн.;;Энергичный;;;14;;;18.2;34.9;36.1;36.9;;;;;;;;
21;З (Ц);David Nugent;€29,500 в год;€350тыс. - €1млн.;;Темпераментный;;;5;;;20.7;31.9;32.8;34.0;;;;;;;;
19;З (ПЦ);Charis Vasileiou;€84,500 в год;€350тыс. - €1млн.;;Решительный;;;6;;;20.1;32.8;33.6;34.0;;;;;;;;
21;П/АП (П), НП (Ц);Frankie Lees;€93,000 в год;€350тыс. - €3.6млн.;;Легкомысленный;;;8;;;15.0;30.4;31.2;32.8;;;;;;;;
19;П (Ц), АП (П), НП (Ц);Callum Cross;€96,500 в год;€350тыс. - €7.2млн.;;Напористый;;;12;;;17.6;32.2;33.5;33.8;;;;;;;;
17;П/АП (Ц);Isaac Mustapha;€8,750 в год;€375тыс. - €1.1млн.;;Неамбициозный;;;11;;;18.4;33.8;34.8;35.5;;;;;;;;
18;П/АП (Ц);Alfie Davidson;€50,500 в год;€375тыс. - €1.1млн.;;Темпераментный;;;16;;;15.5;33.0;34.4;34.8;;;;;;;;
19;В;Robbie Howl;€170,000 в год;€375тыс. - €3.7млн.;;Ненадежный;;;5;;;58.1;68.4;70.2;71.0;;;;;;;;
21;ОП, П (ПЛЦ);Jordan Keogh;€131,000 в год;€375тыс. - €3.8млн.;;Достаточно амбициозный;;;13;;;20.1;38.4;39.7;40.8;;;;;;;;
19;АП (ПЛ), НП (Ц);Alan Ayling;€112,000 в год;€400тыс.;;Неамбициозный;;;9;;;16.8;30.7;32.1;32.5;;;;;;;;
21;П/АП (Ц), НП (Ц);Roland Burgess;€87,500 в год;€400тыс. - €1.1млн.;;Достаточно профессионален;;;12;;;15.6;32.1;33.1;34.2;;;;;;;;
19;В;Saif Turton;€43,500 в год;€400тыс. - €1.1млн.;;Достаточно амбициозный;;;3;;;50.8;58.4;59.6;60.0;;;;;;;;
21;П (Ц);Johnny Bedini;€94,000 в год;€400тыс. - €1.1млн.;;Сдержанный;;;12;;;16.3;33.1;34.2;34.6;;;;;;;;
16;В;Jerome Lawford;€8,750 в год;€400тыс. - €1.2млн.;;Сдержанный;;;9;;;50.4;57.9;59.4;60.2;;;;;;;;
19;П/АП (П), НП (Ц);Héctor Sánchez;€740,000 в год;€425тыс. - €4.3млн.;;Легкомысленный;;;13;;;20.1;37.6;38.8;39.6;;;;;;;;
16;З (Ц);Shane Gardiner-Smith;€8,750 в год;€450тыс. - €1.3млн.;;Сдержанный;;;9;;;17.9;27.5;28.4;29.5;;;;;;;;
21;П/АП (Л);Matt Cox;€71,500 в год;€450тыс. - €1.3млн.;;Достаточно профессионален;;;12;;;18.4;32.6;33.4;34.6;;;;;;;;
18;З (ПЦ);Ramar Chandler;€8,750 в год;€450тыс. - €1.3млн.;;Достаточно профессионален;;;9;;;23.5;36.8;37.6;38.7;;;;;;;;
16;З (ПЛЦ);William Tanganga;€8,750 в год;€475тыс. - €1.4млн.;;Профессионал;;;7;;;17.0;28.3;29.3;30.0;;;;;;;;
20;П/АП (П);Mark Hitchen;€31,500 в год;€475тыс. - €1.4млн.;;Сдержанный;;;14;;;14.4;29.8;30.6;31.0;;;;;;;;
20;П/АП (ПЦ);Brent Hood;€242,000 в год;€475тыс. - €3.8млн.;;Достаточно профессионален;;;14;;;17.9;35.0;36.2;37.3;;;;;;;;
17;П (Ц), АП (ПЦ), НП (Ц);Fabian Mutch;€8,750 в год;€500тыс. - €1.4млн.;;Достаточно настойчивый;;;11;;;19.7;37.2;38.1;38.5;;;;;;;;
16;НП (Ц);Zak Clewlow;€8,750 в год;€500тыс. - €1.4млн.;;Нерешительный;;;8;;;16.3;29.5;30.6;31.7;;;;;;;;
19;П (Ц);Alan McLoughlin;€8,750 в год;€500тыс. - €1.4млн.;;Достаточно настойчивый;;;15;;;16.4;35.4;36.3;37.4;;;;;;;;
20;АП (П), НП (Ц);Conrad Margetson;€72,500 в год;€500тыс. - €6.4млн.;;Достаточно амбициозный;;;12;;;20.6;37.0;38.4;38.8;;;;;;;;
21;НП (Ц);Clive Proctor;€195,000 в год;€550тыс. - €1.5млн.;;Сдержанный;;;12;;;18.6;35.2;36.4;37.2;;;;;;;;
18;З (Ц);Steve Hayton;€8,750 в год;€550тыс. - €1.5млн.;;Достаточно амбициозный;;;9;;;22.1;35.1;36.2;36.6;;;;;;;;
16;З (Ц);Steve Roe;€8,750 в год;€550тыс. - €1.5млн.;;Сдержанный;;;7;;;20.3;33.8;34.8;35.9;;;;;;;;
18;П/АП (П);Simeon Rhodes;€146,000 в год;€550тыс. - €6.4млн.;;Профессионал;;;15;;;20.1;35.8;36.6;37.0;;;;;;;;
21;П/АП (ЛЦ);David Gray;€618,000 в год;€550тыс. - €6.4млн.;;Сдержанный;;;14;;;19.8;38.2;39.4;40.2;;;;;;;;
21;З (ПЛЦ), АП (П);David Essien;€114,000 в год;€550тыс. - €6.6млн.;;Напористый;;;10;;;24.2;37.7;38.6;39.7;;;;;;;;
21;З/КЗ/П (П), АП (ПЛ), НП (Ц);Desmond Ofori;€87,000 в год;€600тыс. - €1.2млн.;;Тверд в решениях;;;15;;;15.4;28.0;28.5;29.2;;;;;;;;
21;П/АП (ПЛ);Conor McClean;€78,500 в год;€600тыс. - €1.6млн.;;Достаточно амбициозный;;;12;;;17.2;32.6;33.6;34.3;;;;;;;;
17;АП (Л), НП (Ц);Randy Gale;€8,750 в год;€650тыс. - €1.3млн.;;Достаточно настойчивый;;;12;;;17.2;33.0;34.2;34.6;;;;;;;;
17;З (ЛЦ);Josef Morgan;€8,750 в год;€650тыс. - €1.3млн.;;Профессионал;;;10;;;19.8;29.7;30.4;31.1;;;;;;;;
17;З (ЛЦ);Jack Goddard;€8,750 в год;€650тыс. - €1.3млн.;;Сдержанный;;;14;;;22.8;36.4;37.3;38.4;;;;;;;;
20;АП (П), НП (Ц);Tjaronn Vierklau;€103,000 в год;€650тыс. - €1.3млн.;;Достаточно настойчивый;;;12;;;20.0;33.1;34.1;34.4;;;;;;;;
20;КЗ (П), П (ЛЦ), АП (Ц);Blessing Agu;€15,500 в год;€650тыс. - €1.3млн.;;Нерешительный;;;8;;;20.7;34.8;35.9;36.6;;;;;;;;
19;З/П/АП (П);Kevin Frederick;€283,000 в год;€700тыс. - €1.5млн.;;Сдержанный;;;10;;;17.7;31.2;31.9;32.6;;;;;;;;
16;П (Ц);Wes Randall;€8,750 в год;€700тыс. - €7.4млн.;;Неамбициозный;;;14;;;18.0;34.9;35.7;37.2;;;;;;;;
20;П/АП (ПЛ);Alex Ubah;€75,000 в год;€750тыс. - €7.4млн.;;Напористый;;;8;;;18.6;30.3;31.1;31.8;;;;;;;;
19;З (ЛЦ);Tibor Kandó;€229,000 в год;€750тыс. - €8.6млн.;;Достаточно амбициозный;;;9;;;25.9;40.3;41.4;42.6;;;;;;;;
20;АП (ПЦ), НП (Ц);Tamsir Saho;€404,000 в год;€800тыс. - €1.7млн.;;Достаточно настойчивый;;;16;;;19.0;35.5;36.6;37.7;;;;;;;;
21;АП (ПЛЦ), НП (Ц);Aleks Maślanka;€260,000 в год;€800тыс. - €4.6млн.;;Достаточно профессионален;;;12;;;17.5;31.0;32.0;32.8;;;;;;;;
20;П (Ц), АП (ПЦ);Coery Hodge;€102,000 в год;€850тыс. - €1.8млн.;;Сдержанный;;;13;;;16.3;32.0;33.0;34.1;;;;;;;;
19;П (П), АП (ПЦ), НП (Ц);Graeme Orrell;€489,000 в год;€850тыс. - €1.8млн.;;Достаточно настойчивый;;;15;;;19.5;35.2;36.3;36.7;;;;;;;;
21;ОП, П (Ц);Liam Broughton;€245,000 в год;€850тыс. - €1.8млн.;;Достаточно настойчивый;;;12;;;21.6;39.0;40.2;40.5;;;;;;;;
21;З/КЗ (П), П (Ц);Shane Carroll;€558,000 в год;€850тыс. - €7.4млн.;;Достаточно профессионален;;;13;;;24.7;38.8;39.8;40.6;;;;;;;;
20;З (ПЦ);Stephen Winstanley;€717,000 в год;€850тыс. - €7.8млн.;;Достаточно дисциплинированный;;;9;;;22.5;35.8;36.6;37.8;;;;;;;;
20;З (ПЛЦ);Cian Duffy;€489,000 в год;€850тыс. - €8млн.;;Достаточно настойчивый;;;8;;;21.5;34.1;34.8;35.6;;;;;;;;
19;З (ПЛЦ), КЗ (П);Liam O'Brien;€367,000 в год;€900тыс. - €4.7млн.;;Достаточно настойчивый;;;10;;;21.7;35.2;36.1;36.5;;;;;;;;
16;В;McKenzie Evans;€8,750 в год;€950тыс. - €2млн.;;Достаточно амбициозный;;;8;;;55.0;67.7;69.4;71.3;;;;;;;;
19;П/АП (П);Darryl Pattenden;€418,000 в год;€950тыс. - €2млн.;;Достаточно профессионален;;;10;;;17.6;33.9;34.8;35.2;;;;;;;;
20;З (ПЦ);Alan Matthews;€855,000 в год;€950тыс. - €8.8млн.;;Сдержанный;;;8;;;22.4;33.5;34.1;35.2;;;;;;;;
16;ОП, П (Ц);Danico Humphreys;€8,750 в год;€1млн. - €5млн.;;Достаточно профессионален;;;13;;;22.2;41.9;42.9;44.0;;;;;;;;
19;АП (ЛЦ), НП (Ц);Mickey Sykes;€530,000 в год;€1.2млн. - €9млн.;;Достаточно лояльный;;;13;;;21.7;39.2;40.8;41.5;;;;;;;;
21;В;Cory Gilchrist;€147,000 в год;€1.3млн. - €2.6млн.;;Достаточно профессионален;;;4;;;60.6;71.1;72.4;72.8;;;;;;;;
19;П (Ц), АП (ПЦ), НП (Ц);Chris McLean;€59,000 в год;€1.3млн. - €2.7млн.;;Напористый;;;12;;;20.5;39.2;40.3;41.1;;;;;;;;
21;З (Ц), П (ЛЦ), АП (Ц);Leo Oliver;€94,000 в год;€1.4млн. - €2.8млн.;;Достаточно амбициозный;;;5;;;20.3;33.6;34.4;34.8;;;;;;;;
20;З (ПЦ), ОП, П (Ц);Silvio Camerlinckx;€91,000 в год;€1.4млн. - €2.9млн.;;Сдержанный;;;13;;;24.5;42.0;42.8;43.2;;;;;;;;
19;П (Ц), АП (ЛЦ);Roman King;€500,000 в год;€1.5млн. - €5.8млн.;;Непостоянный;;;14;;;20.4;37.3;38.8;39.9;;;;;;;;
18;З (Ц);Jon Davies;€364,000 в год;€1.7млн. - €3.4млн.;;Достаточно настойчивый;;;7;;;22.0;33.8;34.6;35.3;;;;;;;;
18;НП (Ц);Kwaku Addai;€349,000 в год;€1.7млн. - €11.5млн.;;Достаточно профессионален;;;12;;;20.8;37.8;38.9;40.0;;;;;;;;
19;З (ПЦ);Matthew Wilson;€216,000 в год;€1.8млн. - €3.7млн.;;Напористый;;;11;;;20.5;33.7;34.6;35.7;;;;;;;;
21;З/АП (Л), НП (Ц);Alec Elliot;€329,000 в год;€2.3млн. - €4.5млн.;;Достаточно профессионален;;;11;;;15.8;29.2;30.0;30.4;;;;;;;;
19;З/КЗ (Л), АП (ПЛ);Nick Carter;€137,000 в год;€2.4млн. - €4.7млн.;;Достаточно настойчивый;;;14;;;16.6;30.2;31.1;31.5;;;;;;;;
20;В;Randall Massiah;€143,000 в год;€2.4млн. - €4.7млн.;;Реалист;;;4;;;51.2;64.6;66.7;67.4;;;;;;;;
21;АП (Ц), НП (Ц);Pedro Soares;€416,000 в год;€3млн. - €5.8млн.;;Нерешительный;;;14;;;19.7;35.3;36.4;36.8;;;;;;;;
17;П/АП (Ц);Steve Jones;€838,000 в год;€3.1млн. - €6млн.;;Ненадежный;;;11;;;20.4;37.4;38.5;39.2;;;;;;;;
21;В;Craig Thompson;€108,000 в год;€4.1млн. - €7.6млн.;;Сдержанный;;;6;;;59.3;69.8;71.4;71.8;;;;;;;;
15;АП (Л), НП (Ц);Michael Crawford;€8,750 в год;€4.5млн. - €8.2млн.;;Достаточно настойчивый;;;12;;;18.0;31.5;32.4;33.1;;;;;;;;
20;АП (П), НП (Ц);Andy Fox;€175,000 в год;€4.6млн. - €6.6млн.;;Сдержанный;;;10;;;19.0;33.4;34.4;35.5;;;;;;;;
20;НП (Ц);Jack Joyce;€487,000 в год;€4.9млн. - €6млн.;;Неамбициозный;;;12;;;14.5;29.4;31.0;31.8;;;;;;;;
18;П/АП (Л);Kieran Chalaye;€283,000 в год;€5.2млн. - €6.2млн.;;Достаточно профессионален;;;12;;;18.8;31.5;32.4;33.2;;;;;;;;
21;П/АП (П), НП (Ц);Chris Egan;€124,000 в год;€5.2млн. - €7.6млн.;;Энергичный;;;12;;;16.4;27.3;28.2;29.3;;;;;;;;
17;З (ПЦ);Jordan Wells;€8,750 в год;€5.8млн. - €7млн.;;Достаточно амбициозный;;;9;;;24.0;38.9;39.9;40.7;;;;;;;;
20;П (ПЦ), АП (П);Tomos Halliwell;€146,000 в год;€5.8млн. - €9.8млн.;;Решительный;;;13;;;20.2;34.9;35.6;36.8;;;;;;;;
19;П (ЛЦ), АП (Л);Paul McCaffrey;€278,000 в год;€6млн. - €8.6млн.;;Достаточно настойчивый;;;14;;;16.6;32.6;33.4;34.2;;;;;;;;
21;З (ПЛЦ);George Taverner;€1,067,000 в год;€6.2млн. - €7.6млн.;;Тверд в решениях;;;12;;;26.0;43.8;45.1;45.8;;;;;;;;
21;П/АП (Ц), НП (Ц);Jake Aspin;€566,000 в год;€6.4млн. - €7.8млн.;;Сдержанный;;;16;;;19.0;38.7;40.3;41.4;;;;;;;;
18;НП (Ц);Taylor Butler;€608,000 в год;€6.8млн. - €10млн.;;Ненадежный;;;11;;;19.1;37.8;39.0;39.7;;;;;;;;
19;П (Л), АП (ПЛЦ), НП (Ц);Keith Tierney;€857,000 в год;€7млн. - €8.4млн.;;Сдержанный;;;14;;;17.9;34.1;35.2;36.0;;;;;;;;
21;З (ПЛ), П (Л);John Burton;€780,000 в год;€7.2млн. - €8.8млн.;;Достаточно дисциплинированный;;;12;;;22.1;35.8;36.7;37.0;;;;;;;;
17;П/АП (Л);Andrew Brown;€849,000 в год;€7.2млн. - €9млн.;;Достаточно амбициозный;;;16;;;17.5;33.4;34.1;35.2;;;;;;;;
19;П (ПЦ), АП (Ц);Scott Johnson;€373,000 в год;€7.2млн. - €10млн.;;Сдержанный;;;17;;;21.6;41.2;42.7;43.1;;;;;;;;
18;П (ЛЦ);David Maher;€357,000 в год;€7.4млн. - €9млн.;;Энергичный;;;13;;;20.0;38.6;39.8;41.0;;;;;;;;
19;ОП, П/АП (Ц);Kai Sharp;€283,000 в год;€7.6млн. - €9млн.;;Тверд в решениях;;;15;;;20.3;36.9;37.9;38.3;;;;;;;;
19;П (Л), АП (ПЛЦ);Pete Dewhirst;€571,000 в год;€7.8млн. - €9.6млн.;;Достаточно профессионален;;;15;;;19.0;37.4;38.4;38.8;;;;;;;;
21;З (П), П (ПЛ), АП (П);Richard Tipple;€1,189,000 в год;€7.8млн. - €11.5млн.;;Достаточно профессионален;;;11;;;18.8;34.3;35.1;35.9;;;;;;;;
21;КЗ/П/АП (Л);Meng Khoon Howe;€494,000 в год;€8.4млн. - €10млн.;;Тверд в решениях;;;11;;;21.6;37.4;38.5;38.9;;;;;;;;
20;ОП, П (Ц);Ben Knowles;€515,000 в год;€8.8млн. - €10млн.;;Сдержанный;;;10;;;24.4;40.1;41.2;41.9;;;;;;;;
19;З (Ц), ОП, П (Ц);Gareth Smith;€376,000 в год;€8.8млн. - €10.5млн.;;Достаточно профессионален;;;12;;;20.6;40.7;41.4;42.2;;;;;;;;
21;П/АП (Ц);Dave Hancock;€1,440,000 в год;€9.2млн. - €11млн.;;Легкомысленный;;;15;;;23.0;41.4;42.5;42.8;;;;;;;;
21;П (Ц);Christian Iredale;€598,000 в год;€10.5млн. - €13млн.;;Ненадежный;;;16;;;20.9;40.8;42.3;42.7;;;;;;;;
20;З (ПЦ);James Wiles;€636,000 в год;€10.5млн. - €13млн.;;Достаточно настойчивый;;;10;;;22.5;37.8;39.1;40.2;;;;;;;;
21;З (ПЦ), ОП;Adeniyi Adeniyi;€651,000 в год;€10.5млн. - €15млн.;;Энергичный;;;9;;;23.1;35.8;36.8;37.5;;;;;;;;
19;З (ПЛЦ);Peter Masterson;€853,000 в год;€11млн. - €16млн.;;Достаточно настойчивый;;;8;;;21.8;34.4;35.2;35.9;;;;;;;;
21;З/КЗ (Л);James Few;€326,000 в год;€11.5млн. - €14млн.;;Достаточно профессионален;;;10;;;23.5;39.6;40.6;41.8;;;;;;;;
18;НП (Ц);Anthony Brown;€634,000 в год;€11.5млн. - €16.5млн.;;Достаточно настойчивый;;;11;;;19.6;37.2;38.6;39.3;;;;;;;;
20;З (Ц);Ian Mackenzie;€870,000 в год;€11.5млн. - €16.5млн.;;Энергичный;;;9;;;22.3;38.0;39.0;40.5;;;;;;;;
21;З (Ц);Matthew Bevis;€482,000 в год;€11.5млн. - €17млн.;;Достаточно настойчивый;;;8;;;23.4;37.6;38.8;39.5;;;;;;;;
18;П (Ц), АП (ПЦ);Jack Barron;€866,000 в год;€12.5млн. - €15.5млн.;;Сдержанный;;;16;;;20.2;37.2;38.0;38.8;;;;;;;;
21;З/КЗ (П);James Norley;€194,000 в год;€12.5млн. - €15.5млн.;;Сдержанный;;;10;;;23.2;36.0;36.8;37.6;;;;;;;;
19;П/АП (ПЦ), НП (Ц);Nathaniel Griffiths;€659,000 в год;€13млн. - €19млн.;;Достаточно амбициозный;;;12;;;17.3;33.7;34.7;35.4;;;;;;;;
19;З (ПЦ), КЗ (П);James McLaughlin;€265,000 в год;€13.5млн. - €16млн.;;Сдержанный;;;6;;;20.7;35.4;36.2;36.6;;;;;;;;
17;АП (П), НП (Ц);Nyhime Amedee;€684,000 в год;€13.5млн. - €19.5млн.;;Сдержанный;;;13;;;21.5;35.3;36.3;37.4;;;;;;;;
21;АП (Л);Mikey Moore;€815,000 в год;€14млн. - €17млн.;;Сдержанный;;;13;;;20.2;36.7;38.0;38.7;;;;;;;;
19;В;Craig Laycock;€1,826,000 в год;€14.5млн. - €17.5млн.;;Достаточно настойчивый;;;9;;;58.8;72.2;73.9;76.1;;;;;;;;
20;З (ПЦ);Joel Morris;€394,000 в год;€15млн. - €18млн.;;Сдержанный;;;9;;;24.4;35.4;36.2;36.6;;;;;;;;
20;З (Ц), КЗ (П);Dungue Metzegermendes;€1,383,000 в год;€15млн. - €22млн.;;Напористый;;;13;;;21.4;36.3;37.4;37.8;;;;;;;;
21;З (ПЦ), ОП;James Huxley;€547,000 в год;€16млн. - €19млн.;;Достаточно профессионален;;;10;;;24.9;39.3;40.3;40.6;;;;;;;;
20;П/АП (Ц);Tom Pennington;€377,000 в год;€16млн. - €23млн.;;Достаточно профессионален;;;17;;;22.6;44.0;45.4;46.2;;;;;;;;
20;З (П), П (Ц), НП (Ц);Ralph Davie;€904,000 в год;€16.5млн. - €19.5млн.;;Легкомысленный;;;7;;;22.5;34.9;35.8;36.9;;;;;;;;
21;З (ПЦ), АП (П);Mihai Giurgiu;€1,084,000 в год;€19.5млн. - €24млн.;;Реалист;;;14;;;23.7;38.7;39.6;40.4;;;;;;;;
19;З (Ц);Ryan Belford;€1,095,000 в год;€21млн. - €24млн.;;Достаточно настойчивый;;;8;;;23.2;39.7;40.7;41.8;;;;;;;;
21;З (ПЛ), КЗ (Л);Dave Azzopardi;€577,000 в год;€21млн. - €26млн.;;Достаточно профессионален;;;11;;;21.9;37.3;38.0;39.2;;;;;;;;
18;З (ПЛЦ);Abderrazak Zouaoui;€1,010,000 в год;€23млн. - €34млн.;;Достаточно профессионален;;;12;;;26.3;43.0;43.8;44.2;;;;;;;;
19;П (Ц), АП (ПЛЦ);Alfie Glover;€497,000 в год;€24млн. - €28млн.;;Сдержанный;;;11;;;17.8;37.4;38.7;39.1;;;;;;;;
19;П/АП (П), НП (Ц);Joshua Crompton;€1,143,000 в год;€24млн. - €28млн.;;Достаточно профессионален;;;15;;;18.0;35.3;36.4;37.9;;;;;;;;
20;З (ПЛ);Alex James;€1,763,000 в год;€25млн. - €30млн.;;Тверд в решениях;;;11;;;25.2;40.4;41.2;41.6;;;;;;;;
18;З (ПЦ);Steven Taylor;€1,087,000 в год;€27млн. - €32млн.;;Достаточно настойчивый;;;8;;;24.0;39.8;40.9;41.7;;;;;;;;
20;З (Л), ОП, П/АП (Ц);Miloš Pajić;€1,554,000 в год;€27млн. - €33млн.;;Решительный;;;16;;;21.1;38.5;39.4;39.8;;;;;;;;
20;З (Ц);Shay Coyle;€945,000 в год;€31млн. - €38млн.;;Легкомысленный;;;10;;;24.0;37.0;38.1;38.4;;;;;;;;
19;З (ПЦ);James Black;€760,000 в год;€35млн. - €41млн.;;Достаточно профессионален;;;13;;;26.8;40.6;41.7;42.1;;;;;;;;
21;З (Ц), ОП, П (Ц);Stuart Fleming;€1,088,000 в год;€35млн. - €42млн.;;Легкомысленный;;;8;;;23.4;39.5;40.8;41.9;;;;;;;;
21;П/АП (П);Nicky Gartland;€1,778,000 в год;€36млн. - €42млн.;;Достаточно амбициозный;;;12;;;23.3;41.1;42.2;42.6;;;;;;;;
19;П/АП (Ц);Russell Hammant;€2,014,000 в год;€36млн. - €53млн.;;Очень амбициозный;;;16;;;22.8;43.1;44.2;45.4;;;;;;;;
20;З (П);Ben Allingham;€976,000 в год;€37млн. - €53млн.;;Достаточно профессионален;;;11;;;23.7;39.0;40.0;40.7;;;;;;;;
20;П (Ц), АП (ПЦ), НП (Ц);Simon Morfoot;€1,003,000 в год;€41млн. - €48млн.;;Тверд в решениях;;;16;;;22.2;39.9;41.4;42.1;;;;;;;;
20;П (Ц), АП (ПЦ);Munyaradzi Moyo;€1,191,000 в год;€46млн. - €67млн.;;Достаточно профессионален;;;15;;;22.1;38.3;39.6;39.9;;;;;;;;
21;ОП, П/АП (ПЦ);Elliot Goodwin;€1,043,000 в год;€47млн. - €68млн.;;Достаточно профессионален;;;10;;;25.3;43.5;44.4;44.8;;;;;;;;
19;ОП, П (Ц);Adrian Weekes;€1,212,000 в год;€48млн. - €71млн.;;Легкомысленный;;;12;;;24.0;42.1;43.5;44.6;;;;;;;;
18;П (Ц), АП (ЛЦ);Ibrahim Umeh;€707,000 в год;€55млн. - €80млн.;;Достаточно профессионален;;;16;;;20.6;40.0;41.1;41.8;;;;;;;;
20;П/АП (Л), НП (Ц);David Mazzucchi;€1,026,000 в год;€55млн. - €80млн.;;Достаточно амбициозный;;;15;;;18.6;35.4;36.5;37.7;;;;;;;;
19;З/КЗ/П (П), АП (ПЦ);Prince Tetteh;€1,823,000 в год;€60млн. - €71млн.;;Сдержанный;;;14;;;19.6;37.8;39.0;39.8;;;;;;;;
20;П/АП (Ц);Ryan Smith;€1,407,000 в год;€64млн. - €76млн.;;Сдержанный;;;15;;;24.9;45.7;47.0;47.3;;;;;;;;
21;З (ПЛЦ);Taylor Blackburn;€3,190,000 в год;€134млн. - €158млн.;;Тверд в решениях;;;16;;;28.0;46.8;48.0;49.1;;;;;;;;
